1.929284095008763633e-01 4.512777420216121382e-01 -1.052208622291417317e-01
-1.179442046810547234e-01 -4.222267108481190800e-01 3.905668243634078385e-01
2.095255235250975401e-01 1.835370828597261417e-01 1.017088007447201209e-01
8.290278224394946605e-02 4.230787864851876662e-02 1.154020074547171398e-01
1.749099198374548525e-01 2.585583097603861291e-01 7.983809558638274573e-02
1.135536471699857969e-01 2.584518846956984639e-01 4.718621597184458061e-02
4.047120425448623715e-01 1.360510807787197740e-01 3.806477976566335353e-01
3.153252818035767180e-01 -8.246392716263349632e-02 4.719870615731762697e-01
4.052153584334507452e-01 1.604530747018640957e-01 3.984265684090212423e-01
2.214207430947783273e-01 1.647855109199080070e-01 2.214034712362938084e-01
2.778934299387909035e-01 1.547667050688625312e-01 2.373626352474026979e-01
2.542977426603161284e-01 1.022098148395484407e-01 2.400139486536592148e-01
-1.784402357244837534e-01 -3.566361197005934458e-01 4.786103348551913328e-01
-1.664463018390950344e-01 -4.130668522792443897e-01 4.938241861041178238e-01
-1.623814710204113387e-01 -4.695111305483204434e-01 4.857581730668743547e-01
9.671526557098561461e-02 3.014437048420469112e-01 5.990622470648788306e-02
1.202359657676044247e-02 2.540681342948736821e-01 8.015236985237676748e-02
1.626294416676901666e-01 3.010731615692543439e-01 1.011803440344212907e-01
1.479359555129027004e-01 3.305960284024714868e-01 7.859406819245728926e-02
-1.428971683347142474e-01 3.614741988236752634e-01 1.967023919803939647e-01
-2.832936707374604512e-02 3.213191139007895991e-01 3.399195614604030857e-01
-9.046863614424926342e-03 3.515997412123467170e-01 3.459961092864905496e-01
2.441498716174370642e-01 2.771501386743946971e-01 -8.035897653162290058e-03
2.174531905123079922e-01 4.794666268149839761e-01 -1.597804798588939590e-01
-3.636006754540501151e-01 -2.789814628105639627e-01 4.331832026009497238e-01
-3.512080289998553151e-01 -3.502570196649743561e-01 4.394889673389665852e-01
7.322890390218958490e-02 2.397734484861542559e-02 1.592356297652452179e-01
-1.135969887413470908e-01 -1.802193259934951053e-01 1.521176342912042845e-01
2.747917761060887365e-01 -1.763366257653419256e-01 -1.467760310914048918e-02
2.835935385703194367e-01 -2.619070953515186262e-01 -6.657482367499559239e-02
2.686722511552048220e-01 -3.096402048116896344e-01 -5.556717048788000629e-02
2.345883299012260226e-01 -2.892627876646205465e-01 -8.055574639140486437e-02
2.144321651038899601e-01 -3.179063457398613179e-01 -1.388629787029650453e-01
1.966902502824897370e-01 4.688408714043194037e-01 -2.256059377044600800e-01
1.377348149862725191e-01 4.021044779068775332e-01 -2.147560145821572342e-01
2.926339389516922074e-01 2.475658707083400883e-03 2.575502428338444227e-01
3.971072336013956594e-01 1.749427366569613132e-02 3.290457895248760645e-01
4.332770838105949318e-01 -1.300356338174430693e-01 3.746424203249593132e-01
3.531558713353160073e-01 -9.697539013041570066e-02 3.956735968060696718e-01
4.737139796945464276e-01 -3.146141836323675112e-03 3.177925247465390735e-01
4.827588821211768466e-01 -6.080508192869327894e-02 1.337222686758269830e-01
4.744706581189211958e-01 -1.201533871784696283e-01 1.612833719597427939e-01
8.758728805427190567e-02 -4.513197719789240892e-01 3.733677809025429672e-01
3.798379848687256088e-01 1.498954989781766944e-01 4.722594638034358083e-01
3.781303161097274712e-01 1.443557829891665700e-01 4.829910588945504624e-01
-1.820020820728558697e-01 3.043746839405896965e-01 4.340714100718442992e-01
-1.251163456584166722e-01 3.834766192289622011e-01 4.137369926514751772e-01
-3.113061846697872115e-01 4.670022359195499240e-01 4.445082378557804192e-01
-1.664034675382136674e-01 4.488187115768877966e-01 4.014097047658828354e-01
-2.507740273052244673e-01 4.333677709688676383e-01 3.878329805588712764e-01
-2.104963843936113743e-01 4.717814373214836987e-01 2.819651519941039908e-01
-3.604801807074357600e-01 -3.779852226313774044e-01 4.737776845730258812e-01
-3.906338416261408986e-01 -4.393147839279432643e-01 3.924157993683372592e-01
-4.047964688823372237e-01 -3.923881056552815938e-01 4.381003761197916346e-01
1.028358835671549509e-01 3.223243272363262441e-02 2.020884955834309216e-01
1.779868974153543115e-01 1.025119068465374372e-01 2.413280568345792798e-01
2.052590916736511395e-01 8.472545543054543771e-02 2.617062462375676635e-01
1.723106930343426824e-01 1.015852991987987869e-01 4.776489250319529423e-01
1.784346552586530688e-01 6.254913967963246502e-02 4.816975591011132818e-01
-2.651516687274209638e-01 3.884659701412351840e-01 1.982687744154414955e-01
-2.020001807996209542e-01 3.314857342341027135e-01 1.774648418153589868e-01
-1.553535842387774590e-01 3.304381920623483682e-01 1.133626476237438174e-01
-1.054439651358365510e-01 3.089760236716497244e-01 7.146808427436454614e-02
-1.988378037992280523e-01 -1.724786216480184708e-01 1.008463816584544981e-01
-4.869748813691621853e-02 1.412608277090560832e-02 1.930453897846349520e-01
-8.040685608338896118e-02 -6.999678307597469173e-02 2.293526697602653042e-01
4.193674820381435575e-01 -3.628414707719395671e-01 -5.530278695326710375e-02
4.404757864737601780e-01 -4.175526670089108605e-01 3.583451916850574626e-02
4.697727856227808529e-01 -4.640603694276450031e-01 3.065477319606615264e-02
4.171404733869453763e-01 4.730201947906180759e-01 -4.821694461581067515e-01
2.537000292329868456e-01 4.307453264140241322e-01 -3.223711092223769947e-01
2.381518262035263456e-01 4.880529444629004843e-01 -3.738019440118421355e-01
2.381543563923734508e-01 4.746816442177612116e-01 -4.110289350705420564e-01
2.357210528568425278e-01 4.842619195899534046e-01 -4.214128581588496569e-01
-2.147289569273721777e-01 -3.184819122182215301e-01 6.074781016430472191e-02
-3.160844767640271225e-01 -4.244330792002709574e-01 2.678242707993752636e-01
-2.445204553257649405e-01 -4.758238915465413665e-01 2.599741268114703630e-01
7.199988178982721920e-02 -4.616372802149794619e-01 1.210280254586246079e-01
3.736850816544205062e-02 -4.795854073691050989e-01 1.113821006186239415e-01
1.303020613620472536e-02 -4.833524548847741298e-01 8.008847524485399050e-02
2.555413680770054485e-01 -4.326051403299453479e-01 4.700921450290301284e-01
2.884133657393577743e-01 -4.447858269430377542e-01 4.440123165083929013e-01
3.014645336329239700e-01 -3.445077699539051963e-01 4.675145604573213709e-01
3.891451167844338088e-01 -8.653335048089902393e-02 -5.678681884251386008e-02
2.176329202581053779e-01 6.544523116765627035e-02 -1.761511372259510003e-03
3.548626778115522851e-01 1.020846855236576950e-01 1.002149832477313429e-01
4.718099932184421363e-01 1.965018229903241903e-02 9.458757618469788853e-02
3.971696576078989072e-01 -1.070563453566210632e-01 -9.035437090634128310e-02
3.878612072720631354e-01 -1.641707119111605606e-01 3.183021184192131453e-03
4.275879642733625419e-01 -1.841092654293560726e-02 -7.094758964569435056e-02
4.584357579333026012e-01 1.159021251389866641e-01 6.889282325887721714e-02
3.919454731510909617e-01 1.907572283501458577e-01 2.840443317695889869e-01
4.315151636285718961e-01 1.837460832599711047e-01 3.280293324554248158e-01
1.848274955542888731e-01 3.348745940168273427e-01 -4.033825697105982155e-01
2.243992983967881549e-01 2.877583506347156650e-01 -4.636360894371986952e-01
1.481060096479150656e-01 3.243585069327128978e-01 -2.688696034685510439e-01
2.175354571056139774e-01 3.293868677376816101e-01 -3.394109138861774455e-01
-2.352322417074624306e-01 3.905261838462134594e-01 -8.049371467569588212e-02
-2.889610300544612764e-01 1.702371727518817712e-01 -2.601264217025675562e-02
-3.338905172668444332e-01 2.286428076926419750e-01 -3.871171194142183913e-02
1.861263780749845831e-02 -3.912782176273582047e-01 3.981497425532634638e-01
-1.127478723147445072e-01 -3.745409250008517876e-01 3.561923216730334407e-01
1.501819127776282403e-01 -1.517181440802680970e-01 1.565162152220941627e-01
1.186021633400611563e-01 -1.471782644008111374e-01 1.711354400896190064e-01
8.241941760629006852e-02 -2.056346568541015107e-01 2.689883533336437926e-01
2.308937994890255530e-01 -1.366550813701928879e-01 1.362415426954353137e-01
1.686702774980539943e-01 -5.254524764146277505e-02 2.607363480827753488e-01
3.671634090469791944e-01 -1.977233947642006717e-01 3.190010934703992884e-01
2.904875348372422117e-01 -6.103478723392682936e-02 2.377776067173148211e-01
2.056389487139803351e-01 -3.215468784686840997e-02 2.740967232085576022e-01
3.260768068332701719e-01 -1.249782224365156846e-01 3.286109822036921702e-01
-2.857685580547204007e-01 4.657421221028354430e-01 1.438106116003746160e-01
-4.103807206919417028e-01 -2.634417403105357991e-01 4.035402402155493506e-01
-9.385753759230403004e-02 7.854424942070492577e-02 2.218905092273527890e-01
1.251138237666000741e-01 1.416246265102429902e-01 3.031868905260666214e-01
8.097929007286483460e-02 2.789910170238504850e-01 2.975402182609516721e-01
1.122172813599718183e-01 2.576309991433514690e-01 2.832714906811383271e-01
5.257008922747849478e-02 2.954166054680515963e-01 3.270693963093672663e-01
4.698629431545919832e-02 6.876840208161247303e-02 2.504250471716804038e-01
-4.627746489532817697e-02 6.928896210506789444e-02 2.307763694684140943e-01
-2.675577383177399349e-02 1.196666459927574547e-02 3.509315614741594369e-01
-8.535889719677984544e-02 2.407652560681595721e-01 3.249350414064438031e-01
-3.438064904387911347e-01 4.655265259742643602e-01 1.548262541389522629e-01
-3.576823856329187645e-01 4.304529216202126474e-01 1.250496093985152823e-01
-1.496834544677453360e-01 2.303197213901219398e-01 4.477319120422124793e-02
-1.775981865461599696e-01 -2.091094435848498967e-01 4.608201596847692760e-02
-1.835768574768409100e-01 -2.551567897807467955e-01 7.115815382811783996e-02
-1.943203999887819500e-01 -2.807309296123660647e-01 4.107931569675100925e-02
-8.398848816335800771e-02 -2.666455129460341134e-01 2.723034385354971415e-02
-1.289754813831482383e-01 -2.969021511663226809e-01 2.748939922025880889e-02
-2.273946636027414092e-01 -1.503968956175853189e-01 4.702313781407878590e-01
-5.977938045858293553e-02 3.300182288041158402e-02 3.474388902221278164e-01
-6.605255575822818748e-02 5.221948064600764883e-02 2.944267756152832982e-01
-1.625621173854282786e-01 1.231562873723045654e-01 4.445401394578345489e-01
-1.354712203691986749e-01 1.203658044869574673e-01 4.031372483503002924e-01
-1.990539137264510650e-01 1.652061277343294110e-01 3.802484920044253980e-01
-1.576308769782607255e-01 1.689629801973419054e-01 3.611438692642000015e-01
-3.150087816749918557e-01 1.581079241301572291e-01 -1.510650980368356544e-01
-7.476910457779440897e-03 -1.959082140718748366e-01 1.008074781601292769e-01
3.666500583392904439e-02 -2.359697952827526091e-01 9.395218168134737702e-02
-8.027004458021694266e-04 -2.301233320590236886e-01 6.567626369625337301e-02
-8.790371653867043444e-02 -1.075984463685055875e-01 1.320207727551120092e-01
1.315223714012687672e-01 -1.467485084638140980e-01 1.108846272487367945e-01
-2.555297649855523684e-02 -6.323843770151689470e-02 1.404006826657951679e-01
-1.534878585585188956e-02 -1.571139024803052883e-03 1.560527908949582432e-01
7.560577316930167102e-02 -2.875033189879647524e-02 1.365090098930853701e-01
1.024112221552256202e-01 -8.031356604640771391e-02 1.301623303579216018e-01
1.211149682348715839e-01 -9.772746799846737664e-02 4.995671148373034831e-02
1.542974170878942120e-01 -1.224141252230783045e-01 7.514468763762233161e-02
2.694245940184507304e-02 3.312456731722609668e-03 1.373083977922407439e-01
5.233697250072735785e-02 -4.671728610494950695e-01 -2.596761261136334292e-03
-1.723543594940145918e-01 -3.382645815888490892e-01 7.506234475354441049e-02
-6.630038227538454648e-03 -3.782036028694807928e-01 1.078439210909182960e-01
1.609148330155478479e-02 -4.397820864012007558e-01 1.057838900654183151e-01
-1.947873761454183283e-01 -4.820459433847614217e-01 2.614369025806437818e-01
-2.146690951105933998e-01 -4.807625479373184851e-01 2.279979899247265296e-01
-2.621562285648965096e-01 -4.287104973391153151e-01 -6.889530528359805173e-02
-2.767809008289959238e-01 -4.125563965312504799e-01 -1.334047589880169894e-02
-1.914885705407271543e-01 -3.805272522716316996e-01 4.440925659918777690e-02
-1.745212381940176860e-01 -4.481401396941649407e-01 7.837229686499766479e-02
-2.493283752834077674e-02 -4.732666172797940218e-01 3.500603240557213780e-02
-8.083742203099208989e-02 -4.439303302151164643e-01 6.059740249365903886e-02
-1.155101729104187208e-01 -3.521728637083769153e-01 1.705463808373094622e-02
-1.474150443884305051e-01 -3.650259538109105195e-01 4.736659749351697368e-02
-1.170391194214569636e-01 -3.648267787284021901e-01 4.397508232935447292e-02
6.828290187101901387e-02 -4.713061272149943193e-01 9.523746788861318924e-02
2.081798318620100008e-01 -4.349022340192028602e-01 9.557119841849477659e-02
2.070618056082394742e-01 -3.795984099077405194e-01 1.074509253948739418e-01
3.978759111618678235e-01 -3.296726635873925004e-01 4.550510893630561049e-01
3.337736944383554172e-01 -3.443033178887285883e-01 4.498006823508878815e-01
3.180464607823965673e-01 -4.209738176238705942e-01 4.336465225140694879e-01
4.316519160042496805e-01 -4.476773638120699061e-01 4.618204779363040968e-01
4.459613483277975465e-01 -4.169144666173269509e-01 4.618235928373533583e-01
4.529061342711594995e-01 -2.446265331969964818e-01 4.136829546258511403e-01
3.673079584516168450e-01 -2.386959276760987070e-01 3.309599457129120403e-01
3.057242909678044573e-01 -2.820974272207633082e-01 3.493615904306845987e-01
4.006787051416962342e-01 -4.662441740129262824e-01 2.540850280408807893e-01
3.220960081817907938e-01 -4.407772833580832494e-01 2.849886979423604250e-01
3.409253161369840690e-01 -1.091850365854368649e-01 -4.959158434980177194e-02
3.674338208727807586e-01 -1.045290299455313432e-01 -5.049739642417580554e-02
3.401401184001305311e-01 -8.560114618100157780e-02 -4.915473877872231917e-02
3.746663729464416170e-01 -1.320352820123508741e-01 -7.589646696360047989e-03
3.814321167894393350e-01 -9.624537205461686229e-02 -3.754818508324367365e-02
4.357595893404269116e-01 -6.369176806306291183e-02 1.321601644428110345e-01
4.397590990263949839e-01 -1.697697885903330997e-02 9.961418313734740626e-02
2.748233181706309369e-01 -1.287291782880821134e-01 1.537854780354383499e-01
3.080380132782272184e-01 -9.627053964003610964e-02 1.704609994182953725e-01
3.303149358887589870e-01 -1.441026755264248060e-01 1.563600769060072837e-01
2.177655337332334851e-01 -3.289809809822436676e-02 2.598079448577034212e-02
2.120798417137175207e-01 3.612067050934665395e-03 -1.386135331519404087e-02
3.163576337060279853e-01 -2.825356126954942787e-02 1.702975465478749340e-01
3.352858744409258351e-01 3.928592020925071593e-02 1.056073857423536627e-01
4.276003700337176472e-01 -1.350405609949302255e-01 -1.158173232256720225e-01
4.346818610190202326e-01 -1.180292499130794759e-01 -1.145826557389100359e-01
4.452151786597776106e-01 -8.236850216887975362e-02 -1.125989891138252652e-01
4.791781220410368802e-01 3.464806305820501003e-02 7.157941341574755589e-02
4.730660074550603889e-01 4.899807098427164109e-02 1.628334128358848235e-02
4.746274443753408789e-01 6.195910403877216699e-02 8.150361862271771063e-02
4.928885116068029704e-01 9.159974291497910426e-02 9.338614328849599577e-02
4.778422774018086794e-01 8.322143070016189970e-02 8.144608339149919662e-02
4.501083295723826705e-01 1.310666401202882914e-01 5.490708963458628550e-02
4.793433522632029042e-01 1.271844238004394834e-01 5.859414425774854551e-02
4.678015035775801023e-01 1.179371376530383569e-01 6.589261077572874936e-02
3.617448262311323548e-01 -4.053376343007944471e-01 -1.616037566632815003e-01
1.379994247400099794e-01 -4.273923478707240542e-01 -2.667605583514338075e-01
2.188013270654427245e-01 -3.334832968471790338e-01 -1.610036474032181253e-01
1.733197278177078249e-01 -4.097785318013661415e-01 -1.748141092080783832e-01
3.878142047922663038e-01 -4.616156535408937334e-01 -3.275036829973158592e-01
2.142567472784532023e-01 -4.476099771822880102e-01 -1.349652234413363794e-01
2.524868830875621195e-01 -3.871544748944825143e-01 -1.151211256905021740e-01
3.425680284182666124e-01 -3.949253306758982451e-01 -1.105407135140910047e-01
2.521330288280125842e-01 -4.367209205315529807e-01 -1.093251122147377852e-01
2.868379867864075394e-01 -4.594608163822997970e-01 -1.137104302916239068e-01
4.538249657538819259e-01 -4.166242674936802559e-01 -3.460741123734965008e-01
3.877076159319873261e-01 -4.059086921616107957e-01 -3.054371814569357135e-01
3.802354016049182550e-01 -3.879167046744598779e-01 -1.976738530139910133e-01
4.628550591515097623e-01 -3.986969327282127717e-01 -1.348212834504291802e-01
4.494275772453575346e-01 -3.577138758722998579e-01 -1.163329094366958166e-01
4.349083041984675990e-01 -3.778301400534752608e-01 -1.463619712874364431e-01
4.660047515634012649e-01 -1.643382998805280049e-01 4.106146347978211764e-01
4.759891440925569928e-01 -2.057805924825150956e-01 4.339304579837374165e-01
2.257453221175802494e-01 7.745531396842954275e-02 -3.093202459679018565e-02
2.279665089286497803e-01 5.124800248579151896e-02 -6.983167744763806029e-02
3.606231470895741587e-01 1.583172053575467031e-01 1.201524098175411892e-02
2.388177010391542565e-01 2.445550016553262596e-01 1.793943658407267869e-02
2.682192443688470873e-01 2.607923719101286619e-01 -8.730251546765245563e-04
2.495453867287584504e-01 1.652698726395684381e-01 5.131940570325679851e-02
3.131579484378306799e-01 1.384822830708829222e-01 5.728928854303105833e-02
2.477156452195037051e-01 8.882281076610609727e-02 5.632211510221640793e-03
2.484666987219866230e-01 3.145264954410446623e-01 -8.353631123203535125e-02
2.387945610737227109e-01 2.863102245763134990e-01 -2.935378286569933007e-02
2.664364414071165310e-01 2.851734035008237078e-01 -6.618520089739687862e-02
1.887501494298382820e-01 2.352798981343624807e-01 -2.027109240377698018e-01
3.923936765634027379e-01 2.570754520496355555e-01 -1.593922536533734224e-01
3.833302586033101589e-01 3.742897684091579802e-02 -1.197591322611962217e-01
2.696447497087387513e-01 2.050079673405029793e-02 -9.963516373205393017e-02
2.740367428490572133e-01 9.140091495548534339e-02 -2.808927945789729819e-01
3.627927072340346171e-01 6.243513215107811265e-02 -2.006806599812253622e-01
2.995112500982740067e-01 2.677839246930309794e-02 -1.853162401578158369e-01
4.432300428008842941e-01 -1.415919420031138687e-01 -3.449681663263740039e-01
4.408008535695903674e-01 -2.162717181053894211e-01 -3.061821910475059361e-01
3.891142323710409801e-01 -1.098875367555034732e-01 -3.462084506256623007e-01
3.443692898096391564e-01 -3.483782278897448736e-01 -3.457419452807242721e-01
4.561193727131132580e-01 -4.918970054618291843e-01 -3.660625687345540613e-01
4.636466379728158560e-01 -4.454580765647942475e-01 -3.640824113373794524e-01
2.620036718605316811e-02 4.142983183767849353e-01 -1.188573075528395057e-01
-1.639114286958603672e-01 3.543763530113298588e-01 6.280807232647868388e-02
-1.220122996398000509e-01 3.403724899289331529e-01 6.326025988826766699e-02
2.982490968247699173e-02 3.795293738532152794e-01 2.270348796442904840e-02
-9.465775454848774154e-03 3.632832819184737549e-01 -8.504989295388148962e-02
9.124986580414316817e-02 4.387828265366697233e-01 4.446450930848451499e-02
-1.413161495857148120e-01 2.987394573339473003e-01 -1.880416514885370483e-02
-1.991554643530832613e-01 3.704523905777188930e-01 -8.765940731815229092e-02
-1.661777740256343283e-01 3.158641336229150443e-01 -2.850693246235786599e-02
-3.725772084300827403e-01 2.942280887222360475e-01 -1.306857324212070404e-01
-3.597826313576321100e-01 2.470535169553790544e-01 -1.966853738447832955e-01
-3.537084625374574132e-01 4.718396047890322520e-01 8.352845564237500187e-02
-4.691988885794239339e-01 4.843457117708648285e-01 -1.478830272848229710e-01
-4.536117566615350261e-01 4.772525441911670829e-01 -1.804012001345728367e-01
2.516280901773233492e-01 -7.785213343878168157e-02 -1.515877069281087730e-01
2.877239171281145147e-01 -1.400202635067242796e-01 -1.234394693398644521e-01
2.972743383400254236e-01 -1.159896175542255436e-01 -7.209033695948928455e-02
2.505362656089946682e-01 -1.550837385070305274e-01 -6.222981658580850617e-02
2.540349019721781509e-01 -6.382046040612592008e-02 -6.189828254582931122e-02
2.414416814736456973e-01 -4.332462276483715208e-02 -9.348980879577850622e-02
1.433796146185155052e-01 -7.514169054312580531e-02 -8.687132937879211980e-05
2.016228586908393461e-01 -2.782694347908357124e-02 -5.567149410032280754e-02
2.176933874648745992e-01 -1.725796737768702793e-01 -1.708087219717209504e-02
1.522783533900528563e-01 -1.264984658541322415e-01 3.538547788273771477e-02
1.810064111775360196e-01 -4.111946860243895219e-02 -2.060675150986055956e-02
2.166858686874009732e-01 -2.871867243945831066e-02 -3.615950928267985809e-02
2.139638859186652198e-01 -2.866556127348819302e-02 -5.567159934775503527e-02
1.667764391156960069e-01 -3.179970313561698569e-01 -1.495905754546023037e-01
1.186648156941885052e-01 -2.443953880587360350e-01 -1.637516558599131922e-01
8.016003759024767361e-02 -2.217268959786750648e-01 -1.689843627540475179e-01
1.000808756270805677e-01 -3.527916192154965658e-01 -1.470262137928124435e-01
1.958612609688512030e-01 -2.339676164512813072e-01 -2.080901905446905925e-02
9.166332781670617769e-02 -3.001470181721674901e-01 9.515601962898141697e-02
1.582850055100068210e-01 -1.805893129712220213e-01 -2.474030088713276981e-02
1.058306654409494479e-01 -1.444005751921023650e-01 -9.234402864982452913e-03
8.378107753755749398e-02 -2.633830908706514262e-01 1.094641886803642689e-01
1.041582567203213766e-01 -2.195176313119712175e-01 1.074379284306385962e-01
4.457276647060479102e-02 -2.498998040191738601e-01 9.902412166755206191e-02
-3.661518583698186169e-01 -4.189158511285377973e-01 -1.485758313093008542e-01
-4.189486278973291178e-01 -3.280838492716688370e-01 -3.412539726108229643e-01
8.801073698158749792e-02 -2.864516704067860409e-01 1.275573632612166386e-01
8.589660355254319368e-02 -2.774850634064536248e-01 1.336402522248763547e-01
1.300202493569928841e-01 -2.385182820472725451e-01 1.693313691785655883e-01
9.474870559391898595e-02 -2.390118983796110930e-01 2.372047786872973629e-01
4.434042856656605219e-02 -3.703996117389789511e-01 1.544130812037456668e-01
1.353051178962566270e-01 -3.080946497591316446e-01 2.012651716681474467e-01
1.102510764854972014e-01 -2.941416483302377038e-01 2.248169465619077878e-01
-1.561684752589787180e-02 -3.709894648143414186e-01 1.883074708453737756e-01
8.104808069336300047e-02 -3.934654318733750711e-01 1.561590157522152744e-01
1.023788817078893909e-01 -3.329153766723420005e-01 1.490561460221610512e-01
1.009886911804619980e-01 -3.614139688140350914e-01 2.524981328225773258e-01
-1.453380623487044165e-01 -3.642691610578841499e-01 3.191862230501892883e-01
-1.469490859863810395e-01 -3.883726268812461302e-01 2.927031328403078558e-01
9.981026838783238486e-02 -3.970665453326145955e-01 1.536627083970995289e-01
1.137874959649206874e-01 -3.600437662805485717e-01 1.498291337472754670e-01
1.368420998800916888e-01 -3.798364000159166198e-01 2.106732207643406130e-01
1.327362439062411414e-01 -3.515849016192815757e-01 1.824068037350249361e-01
2.214908080721098849e-01 -9.784816113670227744e-02 4.350971544070824648e-01
1.915891586583064465e-01 -1.012143218412208390e-01 4.239343963970284013e-01
1.513773470729721515e-01 -6.713391229019188833e-02 4.745268932906940296e-01
2.256932515765716074e-01 -8.307261192390608118e-02 4.706461390117835930e-01
1.790062490455999467e-01 -4.546581231755007779e-02 4.685909780133043490e-01
2.325145615367573138e-01 -2.898691908203364642e-01 4.480629371706264519e-01
2.197303520482028205e-01 -2.547114259635858136e-01 4.094586180659882668e-01
1.250585641778372004e-01 -2.619378746104394362e-01 3.589404427347487880e-01
-4.652434245128922452e-01 -2.916573042197324050e-01 4.183243624051177778e-01
-4.559732391358832793e-01 -3.795407431536713116e-01 4.140549403757550762e-01
-4.499885965675258226e-01 -4.476572994338908207e-01 3.723783659464063867e-01
-4.792176287501305199e-01 -4.748083341621813225e-01 3.727915834210153712e-01
-4.967638782344098725e-01 -4.914876644789880067e-01 3.631404800552915368e-01
-9.762253460441844277e-02 1.022272956281066458e-01 4.275434849362891865e-01
1.155721280162340936e-01 2.102006681888446693e-01 4.680899717944715377e-01
1.105045819399505386e-01 2.159196504421957152e-01 4.326688400562974102e-01
-2.521541730086591243e-02 7.928326650311759427e-02 4.102731152981060614e-01
-1.559757654442489316e-01 1.435503115527939910e-01 4.842890153024930200e-01
1.470477603670584943e-01 1.311122089630901988e-01 4.695348038977684713e-01
1.257101689053403692e-01 1.547421211778468586e-01 4.072018779743069583e-01
-3.013991467543121125e-03 2.219745495018728837e-02 4.396993865792587775e-01
1.596662134601105065e-01 9.603664431972011584e-02 4.842214984508511066e-01
-2.261585120342715083e-01 3.122280538746189937e-01 4.304228276195146141e-01
-2.651876821915413740e-01 4.006497830560673545e-01 4.046808842802495643e-01
-2.256406204479066979e-01 1.753307264519733399e-01 3.733957057069533514e-01
-3.267379969526001404e-01 4.212621358528893523e-01 4.513727661864955221e-01
-2.384424020651949860e-01 1.538119805362211101e-01 3.291733991529101622e-01
-2.740594491944802757e-01 1.385933819497739972e-01 3.396391702628475118e-01
-1.517387948430555800e-01 1.458921563881218353e-01 2.696841553365835753e-01
-1.744163992597863588e-01 1.428532884063854203e-01 3.176138088203086518e-01
-1.179104046904442538e-01 1.046077589066838898e-01 2.248266688847721517e-01
-1.215295930249742223e-01 6.765554999311700068e-02 2.787505570239388053e-01
-3.919778375685829541e-01 2.217231898747927255e-01 -2.003882853360081616e-03
-3.143365703539241496e-01 1.558065552574603441e-01 3.260472364714747107e-01
-3.824593330118990497e-01 3.907663184959083713e-01 1.776289495305484467e-01
-3.989129768446640911e-01 3.782220459441395510e-01 1.193109839504364750e-01
-3.048516742832368953e-01 3.276496336085376049e-01 2.234563048475382840e-01
-3.254903754583473030e-01 3.103780722383508439e-01 2.629138417126642979e-01
-2.756296081510572482e-01 1.921271128740494605e-01 2.707423113158788364e-01
-2.336381644322691187e-01 2.194118909006533003e-01 1.882965942063920539e-01
-2.466621920302113358e-01 1.913145467584266290e-01 2.128125823845194720e-01
-2.506951472367358047e-01 1.996911771975973249e-01 1.751335328171395034e-01
-1.022558439377234570e-02 3.550092952254437773e-01 -1.337587651272015010e-01
1.910766807128618655e-03 3.177997161836872975e-01 -1.248959323525452025e-01
-5.872736291149731336e-02 3.528645837357790582e-01 -1.146275281783900035e-01
-8.757030813130897706e-02 3.300766736594372142e-01 -8.350524625225121123e-02
5.955867085513330550e-02 3.661376571498043964e-01 -2.321623938520195884e-01
1.474748823837215145e-02 4.043559207710499259e-01 -1.910313544851231504e-01
-1.573593529787616352e-01 3.474998881772195514e-01 -9.200323656735882871e-02
-1.350482604581307866e-01 3.292485559122420580e-01 -8.925581851914927978e-02
7.316928533559662051e-03 1.839618082270778610e-01 3.718136705682291432e-02
1.263545348277932967e-01 1.635972817789748679e-01 -1.113421896301106384e-01
-5.783911855211108788e-02 2.041117946738105482e-01 6.155843098221875503e-02
-1.246030880762731968e-01 2.088192395582727789e-01 5.329312278990923357e-02
7.821072347678918735e-02 2.204111167539254679e-01 -3.619593620264825035e-02
4.571523726360887663e-02 2.401038130387390945e-01 -1.177309640452155748e-01
1.157666803315530735e-01 1.755569515198926178e-01 -1.774645332373964435e-01
-2.030824997103887475e-01 1.755445709305402946e-01 1.304621777896098830e-04
-1.812817384961701861e-01 1.756601570262844025e-01 4.238743583178401775e-02
-1.368681299960371467e-01 -1.094053690544106172e-01 2.494239628470198283e-03
-1.382666572168067542e-01 -1.588612302555890421e-01 -2.340399159156186445e-04
-8.209555604572271736e-02 -1.328349548935121860e-01 9.748653149640159124e-03
-7.294080375633593682e-02 -1.620964441640005971e-01 -1.595707378743193433e-02
-2.910176643128083995e-01 -3.843983462790591110e-01 8.795561522505639801e-03
-2.784199113782429014e-01 -3.384882991275371400e-01 2.065654318296677658e-02
-2.968911136698983433e-01 -3.940382566755275540e-01 -7.933323203105957511e-02
-3.374640080087776273e-01 -3.969701980626480498e-01 -1.012689404401916765e-01
-2.913641242690250266e-01 -3.719615519294110495e-01 -1.240106487273669733e-01
-2.141794789297991053e-01 -2.450725298760281778e-01 -3.930967164141426634e-02
-2.309579330989640911e-01 -2.194739667828219110e-01 -3.407459358449446696e-02
-2.768774341063487410e-01 -8.950744086866507798e-02 4.798000386444404852e-01
-2.015340865840089812e-01 1.226546027703299263e-01 4.474192025214788204e-01
-3.127420785740443465e-01 -4.155947640685611622e-02 4.194290558227533050e-01
-2.521484149219573867e-01 1.303550034543102532e-01 4.012224928584623429e-01
-3.101844156122121055e-01 8.274705099217073700e-02 3.842474076837189556e-01
-2.268450031156796776e-01 -1.569998918145774358e-01 4.473129049163772630e-01
-1.674811351565469453e-01 -2.038881136817909945e-01 4.764555679567982205e-01
-2.353725613344423984e-01 -1.842802956716745877e-01 4.525415459954233444e-01
-7.348539012596365383e-02 -5.429450682350920460e-02 3.197816958995751691e-01
-1.222871540992176015e-01 -9.956538037410006536e-02 4.740051530192234686e-01
-1.441124574148512361e-01 -9.052224452039793479e-02 4.553311434932955648e-01
-8.422514800778102551e-02 -1.129958392380110282e-01 2.827644820345087129e-01
-7.444748435708282985e-03 -1.800610797619777714e-01 3.044431728767573175e-01
-9.120806597622824197e-02 -1.961029635639349455e-01 2.906940607384142505e-01
-7.246888120850632220e-02 -3.001967090942330579e-02 3.727622731323808059e-01
-1.770027300264685050e-02 -3.206739158709501214e-02 3.795568224569720872e-01
-3.300385460795791925e-02 -5.986069091747234228e-02 4.264377278339639976e-01
-2.456519779443829266e-01 1.477631685788955984e-01 -1.801841544334114864e-01
5.956189373106341584e-03 -4.614868439844845849e-01 -5.306638813906513347e-02
-2.057884536220634664e-02 -4.528002212746126132e-01 -5.703051437285609759e-02
6.981106259293499983e-02 -4.255518300871507509e-01 -2.996362754958888930e-01
-2.431129797223930411e-01 -3.657414751134454023e-01 -1.859948425842147535e-01
-1.708776830000929003e-01 -4.173747540753940943e-01 -1.084667439476500045e-01
-1.494478113153669130e-01 -4.494595870747619126e-01 -1.092932260826882662e-01
2.218540984675060890e-01 -3.580828051638468845e-01 1.502102511715137367e-01
3.623218645230538160e-01 -4.088215432448882858e-01 1.439673041795649922e-01
4.108955897910846478e-01 -4.124918431646906747e-01 1.871978145421091533e-01
3.806721644567848672e-01 -2.596903168787088600e-01 2.579973862175878874e-01
1.997531726838659982e-01 -3.289319113502683911e-01 1.857563616033955645e-01
2.065392786035905870e-01 -3.413135738762355098e-01 2.114625088886105120e-01
3.001208760260554165e-01 -3.275290963015851653e-01 2.517347498813645168e-01
2.856286248882239920e-01 -3.739419641328829980e-01 2.393724997838957980e-01
3.646136018644922649e-01 -1.963400129738926136e-01 2.337499101346176000e-01
4.571282011371931020e-01 -3.509907354435852223e-01 1.872695794962449811e-01
4.500483111331680108e-01 -3.228408916451960819e-01 2.230665056404381452e-01
3.339189202328221029e-01 -2.085133452487284156e-01 4.423558944064326370e-02
3.814049838060766251e-01 -1.986196829016358134e-01 3.264982949514946831e-02
4.600107300848919611e-01 -1.975909147965103918e-01 1.125503747015578204e-01
4.085850319400340935e-01 -1.849912631509205430e-01 6.947612129383826107e-02
3.596302060942913603e-01 -2.650372199417787566e-01 -1.436297824905703908e-02
3.365400436380128757e-01 -2.970000750916489962e-01 -2.094661090755529226e-02
4.045633080972828588e-01 -2.792673334265819429e-01 -2.667975521364297428e-02
4.323887895173735840e-01 -3.922225270991651080e-01 6.102565226293188427e-02
2.767236485475654262e-01 -1.742436066759643354e-01 1.428788678075614271e-01
3.204569412849102017e-01 -1.613873851018910732e-01 1.812167247419526617e-01
4.437715369244708552e-01 -1.558707614445330458e-01 1.477517111408406802e-01
3.976724093653239422e-01 -3.181223559706112258e-01 4.359066283543303402e-03
4.278035051953623102e-01 -2.886205997126670697e-01 -1.653022890253205007e-02
3.306837661485825253e-01 -1.255612641376582239e-01 1.530000954722990081e-01
3.926078982084137969e-01 -1.447402497474542804e-01 8.307644894868458640e-02
4.085970793620532504e-01 -1.232344561360231572e-01 1.488814269215573693e-01
-4.432784884008884596e-01 -3.268650088331177539e-01 -3.279231090888301003e-01
-4.412895293801034069e-01 -3.137805104548499480e-01 -2.900176086186840307e-01
-4.529015969695144861e-01 -2.808838785822264650e-01 -2.315312110396766099e-01
3.776135426309462084e-01 1.063104817378349685e-02 -1.984299449865052911e-01
4.388453680455918771e-01 -6.447960781500312877e-02 -1.489679241449264335e-01
3.932243876343203270e-01 -1.291619460830457922e-01 -1.461602792314415922e-01
4.158413566424257746e-01 3.747194841928330744e-02 -2.465956823892868632e-01
4.080517867477830851e-01 -8.221248082865803553e-02 -3.173869258688608586e-01
3.092430614682548651e-01 -1.462841099506759501e-01 -1.566928605334521885e-01
3.505310392056152358e-01 -1.401635830577653563e-01 -2.877219793978765261e-01
3.288683684602871082e-01 4.531415291323605543e-01 -2.841366960434201783e-01
4.026924615456523027e-01 4.025936525756819151e-01 -2.846068338998551939e-01
4.596240267315319650e-01 4.167164030951966969e-01 -3.177502106633699475e-01
4.682898799979337556e-01 4.609549041292466676e-01 -3.672597950094241837e-01
4.925647576796151617e-01 4.722781261857920687e-01 -3.551821470849410023e-01
4.647525753676562399e-01 -1.191917567761839880e-01 -1.212184182776831487e-01
4.557866462898551574e-01 -1.002352901517582912e-01 -1.326280910441927086e-01
4.179113202113127201e-01 2.312851562735676325e-01 -1.480846377234117661e-01
4.203602440680493935e-01 1.394220985895673892e-01 -3.007218320708122949e-02
4.072950224446752476e-01 1.145563804243999034e-01 -5.032560781698503655e-02
4.516453481631169664e-01 1.172016779327547109e-01 1.534225497466478773e-02
4.675523455573975529e-01 1.071162808720620419e-01 2.958690175469914571e-03
1.432060561179662184e-01 -2.097453574035259560e-01 -2.015044339772861792e-01
2.256636306877215226e-01 -1.007850580740693169e-01 -2.081846317901986099e-01
2.301465155022228426e-01 -2.624910803300916640e-01 -1.720243021226726121e-01
3.179254975872248812e-01 -1.493732424623038513e-01 -2.749333316141317485e-01
2.692794293427162589e-01 -2.933187049900962684e-01 -2.233850084626497756e-01
2.602047201844583935e-01 -3.013410562714520791e-01 -3.073559830418099992e-01
2.729568464747017531e-01 -1.475390255929356909e-01 -1.590376929737956635e-01
3.025571679885724063e-01 -1.521587202573694286e-01 -1.826422093959477189e-01
2.669242102137776573e-01 -1.143653481140415318e-01 -1.545137909865028358e-01
2.931861844586500787e-01 -1.063212914404997461e-01 -1.818273994822477702e-01
3.339332774064738829e-01 -2.793106362958705513e-01 -2.463328115604009050e-01
3.400626326153520229e-01 -2.935238943426333180e-01 -2.900952392611356179e-01
2.889476444915362596e-01 -2.312159652825944434e-01 -1.503678139597140473e-01
3.015117243938195135e-01 -1.597274042144282702e-01 -1.792674005771970336e-01
3.493986058441825304e-01 -1.600900162997274945e-01 -2.570366924109637186e-01
3.674332308393783997e-01 -2.429136588426951127e-01 -2.137283797099820415e-01
3.499059345243913377e-01 -2.275823006045672448e-01 -2.692480606207133254e-01
3.493127807275226981e-01 -2.116055804735836321e-01 -1.798082132553738832e-01
3.303514637009899446e-01 -1.685367921404947733e-01 -1.963064507395003988e-01
4.493800544248192086e-01 -3.853596428695464926e-01 -3.634774608279670027e-01
4.704816821879936328e-01 -4.145858354744669794e-01 -3.861764877734507606e-01
4.537888959278639223e-01 -2.586407339497223123e-01 -3.701809436617619076e-01
4.085244564498269892e-01 -3.220779943271993018e-01 -3.807936710819102566e-01
3.725474786156898754e-01 -2.741248412567082182e-01 -4.598842316974179889e-01
4.751278608169420270e-01 -2.000564623988221880e-01 -4.196597477612441507e-01
4.443593513887575397e-01 -1.803859871826678507e-01 -4.759997766811686626e-01
8.582050702528455643e-02 -4.124796672645498763e-01 -3.542272938792827008e-01
6.958343164379759971e-02 -4.559836551857069931e-01 -4.294803962003035380e-01
-3.710620543255720993e-01 -3.159029109061273766e-01 1.431668703359278150e-01
-4.831369513982106123e-01 -2.991445562582955575e-01 1.442373740390973103e-01
-3.817497844275359320e-01 -4.226088903518099849e-01 2.279761873817139350e-01
-4.473118250174148436e-01 -4.552625830999564305e-01 2.941586751097653440e-01
4.618045935900768062e-01 3.934157016428802001e-01 -4.657919168439956237e-01
4.516184402304407319e-01 3.489845333926135940e-01 -4.637768081999206204e-01
2.816355372792251344e-01 2.319017963478559319e-01 -4.610797200235002835e-01
3.574379139735581190e-01 2.480262178997914846e-01 -4.714918310799692813e-01
2.767927009666900640e-01 2.637510055102164630e-01 -3.533587033271933242e-01
2.987962416028066004e-01 2.153435795995294333e-01 -2.842470573056549155e-01
3.160886243329711909e-01 1.077821484241309469e-01 -2.998175638321479153e-01
4.601197558344307659e-01 3.396468375211313950e-01 -3.369416657063836196e-01
4.573193267134372797e-01 3.135451397525733097e-01 -4.215578659532294159e-01
4.179283475293110173e-01 3.249271279475612340e-01 -2.856723953774116254e-01
4.145297377012021056e-01 2.443892705774147744e-01 -2.105227448233938647e-01
4.167598724222361661e-01 2.095539694332297087e-01 -1.989853063245632936e-01
4.082817726279141524e-01 7.502766883342396054e-02 -2.583836408987860156e-01
3.644746578320207098e-01 8.604797677240640097e-02 -2.426051458391178806e-01
4.172266381122105572e-01 1.405099036646917376e-01 -2.053680271265604373e-01
-9.483800676153862630e-02 -4.753899196475550037e-02 -4.099787094086244088e-01
3.150237291545592289e-01 1.607090264939766699e-01 -4.714815825148989670e-01
-2.471034267845595433e-01 4.147484424310967088e-01 -1.157462228725923137e-01
-2.304749748384080088e-01 4.262740784480493206e-01 -7.382883995992930992e-02
1.493125031302097450e-01 -8.534082733727151038e-02 -2.644221437930085461e-01
1.690505390552524689e-01 -1.125824563074652451e-01 -2.204474904285131376e-01
7.134507526789812815e-02 -1.578296935846203453e-01 -2.409378240119536829e-01
1.086740290538100312e-01 -1.622239420712088542e-01 -2.733384504129608428e-01
8.231337826987104866e-02 -1.875866090419084919e-01 -2.054253690434551249e-01
1.194478907110863575e-01 -1.724217057770598693e-01 -2.298872186398259465e-01
9.814550145156721028e-02 5.419976987547200226e-02 -2.794399827577139228e-01
6.825529785544057204e-02 6.373425991162956494e-02 -2.870379634569897309e-01
1.408738231333714896e-01 -1.833749873132811681e-02 -7.522723538127568110e-02
6.064503265893306932e-02 -2.741350353025833742e-01 -1.768185726047760420e-01
5.257701593510709370e-02 -3.432857645175954042e-01 -1.817046028872787711e-01
4.633516358855256645e-02 -3.968847070248821551e-01 -2.875887209826476498e-01
-1.384322101197204766e-02 -4.362345983197124522e-01 -2.348189790276671851e-01
-4.210051922954328313e-02 -4.422559082542596998e-01 -1.509649862521117436e-01
1.943544129841129689e-02 -4.556483484350054014e-01 -4.626921587794243784e-01
-3.404134557085699425e-02 -4.298445947615192053e-01 -4.542711808170908361e-01
1.104077610349739336e-01 -1.485929221736652373e-01 3.742286699498506009e-01
1.270808399799231436e-01 -1.388185858866541889e-01 3.965476676202017159e-01
3.801117633135541601e-02 -8.228214611902699704e-02 3.912774275065464269e-01
8.043881527480518934e-02 -1.842579466940205135e-01 3.427260033825187402e-01
1.015447568479217050e-01 -2.129843649912309400e-01 3.823149064714259082e-01
1.276154016691543464e-02 -1.942628728764863866e-01 3.442309354499742402e-01
1.057863521925579697e-01 -1.156896174003305550e-01 4.579935086575090408e-01
1.529876439965288139e-02 -1.036111301421077102e-01 4.258409955640033440e-01
-3.792828537977967901e-02 -2.295022653246498734e-01 4.044450618699992894e-01
-9.810841191228450442e-02 -1.949839391580612258e-01 4.762472436361877004e-01
-9.121496372614799897e-02 -1.480343663617741945e-01 4.809749323831652990e-01
1.534774527715928039e-01 -3.412519450835985180e-01 4.418465277664815338e-01
1.035404419365014844e-01 -3.103935908200294302e-01 4.064229735339688343e-01
5.599307114147599601e-02 -3.014216956033513029e-01 4.052591701857109485e-01
8.258452088262281665e-02 -2.694501378774420419e-01 4.191083750410430353e-01
1.507302146237644302e-01 -4.228529533870609147e-01 4.519427411074732337e-01
1.017837762331905427e-01 -4.242886587711470203e-01 4.245623434265624607e-01
4.807519831803073324e-02 -3.659425146400778206e-01 3.896040499036639293e-01
7.576304485060011973e-02 -4.100689025131388776e-01 3.987767673467856877e-01
6.280334574646002921e-02 -3.649528380902162250e-01 4.121171640605791331e-01
7.634665973968333963e-02 -3.565206265149462039e-01 3.897558644683677409e-01
-3.762591902615195633e-02 4.748019337953153785e-01 -2.288373273934199703e-01
9.095083105318261391e-03 4.177456549623405069e-01 -2.483176821842805193e-01
-1.188987109469085562e-02 4.144071061195708783e-01 -2.307523843059708923e-01
5.901741331134943702e-02 3.287804470535433676e-01 -4.360131440710677819e-01
2.233217968638782219e-02 3.666872218398882222e-01 -4.407336950455148505e-01
-2.135284213674539799e-01 1.591492141544363081e-01 1.557023701761459378e-01
-1.649734498676880545e-01 1.775760056689833777e-01 6.114885448380825983e-02
-9.251240931235288345e-02 1.547575981713707749e-01 8.586204793307042338e-02
-8.531726485882118460e-02 1.011344973818943116e-01 1.671023450991154791e-01
-1.329978704388088129e-01 1.080454785347309404e-01 1.785242585600509968e-01
-6.501382211144297874e-02 4.858110967366292138e-02 1.662890262305440070e-01
-1.489450685208592029e-01 5.444432832062336830e-02 1.817245562689840388e-01
-2.671883024205802259e-01 1.455561095049221487e-01 1.461098675048485840e-01
-2.269835963849074767e-01 1.555465755267112782e-01 4.685409827895042206e-04
-1.892990707833954178e-01 1.523236026920273822e-01 2.944388209107965532e-02
-4.895912784420294872e-02 6.569839611344802099e-03 1.474487883675376365e-01
-7.197843299681258578e-02 1.157005992578852283e-01 4.546499890342985128e-02
-2.045492702385175859e-02 3.596533078378007231e-02 1.056093255415634369e-01
-4.723118256796205588e-02 1.563954530971411322e-02 6.605935570236425025e-02
-1.059276204480609773e-01 -8.357955616291243284e-02 9.246218202846585854e-02
-1.127367364794610582e-01 -8.405222075425602957e-02 6.328882371548749664e-02
-1.776807330228759307e-03 6.176002904801598109e-02 1.003331511090538031e-01
-1.693484380136077716e-01 -9.966979082334785633e-02 7.923213400243116211e-02
-1.568327884899589075e-01 -8.837388340271265519e-02 4.271536113379097166e-02
-2.644333068496635408e-01 -1.246872158823064160e-02 -1.345876066636903512e-01
-1.830073605521631563e-01 -1.816544124887370382e-02 -1.760292638955566202e-01
-3.927519958701873870e-01 -1.757996806491418096e-01 -8.314987427756717620e-02
-4.576485109295001519e-01 -1.489761364780649300e-01 -2.297237506117011663e-01
-2.539746753621834885e-01 -1.558002458679164093e-01 3.956773490345238953e-01
-1.744574604918750771e-01 -1.338605568791114142e-01 3.394017680875291987e-01
-2.509505724239213809e-01 -1.006801916496027904e-01 3.124368406564234646e-01
-3.045569607477291441e-01 -1.286133613163828182e-01 3.573315056252557298e-01
-2.797719120889812228e-01 -1.002503379623534696e-01 3.475940040716643531e-01
-3.378817562552515197e-01 -2.377223676246986162e-01 3.985169010634067588e-01
-2.408649476265754541e-01 -1.930880967922355695e-01 4.161228090780882960e-01
-3.618728362795217701e-01 -2.149538430106907316e-01 3.487499982759507122e-01
-3.502872301859894510e-01 -1.411318961119794879e-01 3.237132732315667893e-01
-3.019365752291396920e-01 -3.120232725152168318e-01 3.900628578685470527e-01
-1.164764693364182813e-01 -1.624194594248825896e-01 2.922161843079370547e-01
-1.198053701120958964e-01 -1.958945579460918407e-01 2.726339296270850476e-01
-2.542864436263129746e-01 -1.129267751051735852e-01 2.143773646259866383e-01
-3.688130219892116757e-01 -2.287481508352892656e-01 1.702587096321158400e-01
-2.013925375718270683e-01 -2.965045377550654671e-01 4.212036362604534290e-01
-1.866052173681283510e-01 -2.472274951608384730e-01 4.197684831682195195e-01
-2.754809048260452586e-01 -3.576381983987441116e-01 2.829664206622562461e-01
-1.379202336568787768e-01 -3.059425499226189893e-01 3.066842154287960920e-01
-1.183908259819607400e-01 -2.201490236900472131e-01 3.044979986940355432e-01
-1.407974387165616958e-01 -1.454745969426257113e-01 2.250219099861252015e-01
-1.545740727818573634e-01 -3.196209338919250298e-01 3.491307904321060973e-01
-1.284623200059349934e-01 -2.435102583061410364e-01 3.684490229640903780e-01
-2.314579034810450853e-01 -2.774607534394011865e-01 1.422389688928603346e-01
-3.315765089077270522e-01 -2.846511492211850070e-01 1.647519572251917308e-01
-2.035934798634711773e-01 -3.199943306894632022e-01 1.672426583692820379e-01
-1.490321841883084364e-01 -3.026019638827298630e-01 2.346521768437286048e-01
-1.444330163122420352e-01 -1.833689347458229424e-01 1.909973243664875586e-01
-1.329383111263849060e-01 -2.242065266182792782e-01 2.322271191159034076e-01
-2.192286593590686561e-01 -3.445528588923236213e-01 2.415178173387804716e-01
-1.700419651541355825e-01 -3.390733660537413319e-01 2.742376106576183137e-01
-2.085172479733585493e-01 -2.219509955646094546e-01 1.395646119917105799e-01
-1.738735535524216780e-01 -1.982312650156451139e-01 1.700597506834670147e-01
-2.052616822050093437e-01 -1.995581313248148692e-01 1.484080215780803069e-01
-4.670313796848974963e-01 4.668656151207791760e-01 -2.742146902759510230e-01
-4.059374314359798785e-01 3.312929978633727957e-01 2.952698809734723984e-01
-3.886255863524086251e-01 3.917053519136992623e-01 4.416239014580314870e-01
-4.467187907671433256e-01 3.756624145235475942e-01 2.197641606008673143e-01
-3.702831236721499941e-01 -3.491911658595608925e-01 -3.864206233128666401e-01
-3.805649003898079474e-01 -3.013466103689171338e-01 -3.768730385843725994e-01
-1.361200448809923302e-01 -8.030089286626097833e-02 -1.250680633132853770e-01
-4.528009923196706366e-01 3.731102979308272283e-01 -6.753844230687511274e-02
-4.406005239973896925e-01 2.852307019839623314e-01 -7.264145768248320145e-02
-4.745150349101540099e-01 4.135835736023502074e-01 4.343035094041052674e-02
-4.471711163425925450e-01 3.867275896961429593e-01 1.108528812349664910e-01
-4.301460483863104312e-01 1.945008452009078792e-01 1.980966016824964662e-02
-4.488832404113074492e-01 1.484722328554358151e-01 4.754685956149390380e-02
-3.284914546809895586e-01 1.616465221823354670e-01 8.524572888492773504e-03
-3.860149998952189243e-01 1.705538880037968663e-01 4.538030725131705911e-02
-4.518720989770712571e-01 -9.030480148912124749e-02 -3.420578132074889727e-02
-4.619134711769041779e-01 -6.530802301420077227e-02 -7.479024662142713664e-02
4.090522874607899206e-01 2.750260143347577069e-01 2.951764080418029512e-01
4.209367557982271468e-01 2.364415509258283865e-01 3.366508068814789145e-01
4.491551497732813036e-01 3.843932204668528696e-01 2.187988654816674927e-01
2.783641264543798566e-01 4.738065510938282432e-01 -1.489101164641261632e-01
3.311824970005770585e-01 4.899203643645633210e-01 -1.911708593700221503e-01
3.903288215120338522e-01 4.719287445449421581e-01 5.453292218277713821e-02
3.756508308232300863e-01 4.165703976595847013e-01 -8.694269328817869069e-02
4.073493271601285048e-01 4.528688598173087887e-01 4.316824891979112455e-02
4.623426173537530937e-01 4.521662949331893278e-01 2.648488952732226676e-02
4.879788524484959256e-01 4.201566121530342923e-01 -6.206094489976592826e-02
4.152187253676097312e-01 4.003555968783472085e-01 -1.106816838175420648e-01
4.166081239723757879e-01 4.302263109082383741e-01 -1.687550332197401137e-01
4.466847694979543260e-01 6.733298179152320817e-02 -2.662832850389106332e-01
4.423058720136720523e-01 9.959818738240154568e-02 -2.411367076254437580e-01
4.503684586810687285e-01 -2.956132285277003613e-02 -2.289786520733702591e-01
4.547423994591178742e-01 1.244046711090300572e-02 -2.550444219482854158e-01
4.508212475638662120e-01 -2.690035946630712355e-02 -2.603928187470854749e-01
4.497271103815948523e-01 -2.950130727824646359e-01 -7.112507497677032775e-02
4.516059916494633564e-01 -3.082450628390560610e-01 -1.226498948424542546e-01
4.720647438201326929e-01 -1.468727104922726012e-01 -1.348158914557590349e-01
4.376021612234397562e-01 -2.633898279184859748e-01 -1.815424026725686035e-01
4.788253282573097236e-01 -2.324050646941392129e-01 -2.149596732215018902e-01
3.996982656260312794e-01 -2.660720936653209190e-01 -7.885433492382459830e-02
4.093814345937001331e-01 -2.282600195884839089e-01 -1.486841044517287214e-01
4.304442654022862524e-01 -1.874187657693961173e-01 -1.354637666554257824e-01
3.395659962429233708e-02 3.514702710987682166e-01 3.381971296580216779e-01
1.080446663261601242e-01 2.901866943297958801e-01 3.672948167900327299e-01
6.688851379699015109e-02 3.134481581514490522e-01 3.394222717456016336e-01
1.150257667600610156e-01 3.005048062062569691e-01 3.022612626445018158e-01
1.131780490889177787e-01 2.676745448566558161e-01 4.511999751864809172e-01
5.260139443423355460e-02 3.984353185435118294e-01 3.115259869668507986e-01
-1.666026598206623577e-01 4.801076527323365206e-01 2.916305386812865219e-01
-1.275958202867052416e-01 4.572549632285843324e-01 3.439939059635330754e-01
-9.273085702812101927e-02 4.249337912836788633e-01 2.529885278030324924e-01
-7.029995767344870625e-03 3.956435524228647527e-01 3.146180098451699103e-01
4.713455541791868875e-01 -1.286872987375984045e-01 -4.889274998015821216e-01
4.762572405030180978e-01 -1.608902250060595396e-01 -4.658044964433269985e-01
4.873849448483134617e-01 -1.839551918102820260e-01 -4.348978172272200404e-01
7.698817398896667941e-02 -1.669886165741430450e-01 -2.697628555032267617e-01
-3.432265077543553145e-02 -8.962691325230745520e-02 -3.915496217563147474e-01
-7.418455190800586629e-02 -9.923233677146911513e-02 -3.994804616202589642e-01
6.335510005643341103e-02 -1.486308961261484651e-01 -2.545866379889941133e-01
1.872646577834121417e-01 -4.230127275861443326e-01 -3.354450490390209483e-01
1.207791032708080692e-01 -3.999170889468839918e-01 -3.506542565987672555e-01
2.216267571075812848e-01 -4.612634191874038225e-01 -3.776331348259556187e-01
2.599943123704904213e-01 -3.051036459756132357e-01 -3.504422929944586151e-01
2.934477486968473658e-01 -3.427436504095817127e-01 -3.733208639253876027e-01
1.055483464166333540e-01 -4.527839986396314798e-01 -4.339854426321326231e-01
2.374477297474339721e-01 -2.640438000637367333e-01 -3.606402876108451006e-01
2.981140368891276315e-01 -3.010311960528283537e-01 -4.531049748425369228e-01
-3.294091265788864353e-01 -3.960185541432046374e-01 3.736476603003696662e-02
-3.530933676908489249e-01 -3.529730713154196065e-01 4.425463347452993773e-02
-3.985201090014844350e-01 -3.872540634678961480e-01 7.571848085846993870e-02
-3.839851224633638038e-01 -3.458522324837139950e-01 9.369933231099147886e-02
-3.763925014635512989e-01 -3.867728743269981950e-01 -1.121254339797818772e-01
-4.035683312507810649e-01 -3.138354343430279636e-01 -1.286451180428526131e-01
-4.742285591245986032e-01 -2.928901988859993200e-01 1.263875667788718626e-01
-4.003664250958358650e-01 -4.047707206373813982e-01 -1.338631353908527610e-01
-4.272757203588687935e-01 -2.884543773619517859e-01 1.378876312888006606e-01
-4.079588144562950602e-01 -3.111329873280914704e-01 1.150509913123440586e-01
-4.568485017205355381e-01 -2.801075818314162635e-01 1.270337780031410013e-01
-4.285216261679965499e-01 -3.772071962200346240e-01 -1.561267751981961771e-01
-4.545584524107423308e-01 -3.377233071160339328e-01 -1.491945928790106846e-01
-4.491413918219845369e-01 -4.381992067148997028e-01 -1.307453294922800435e-01
-4.554568590450148169e-01 -4.050984802063970491e-01 -1.494412642069233021e-01
-4.780000634041319252e-01 -4.404077157279572274e-01 -1.389136932468507668e-01
3.686409504264461234e-01 -1.198490566835292703e-01 -4.339186930091483707e-01
2.778984656593180835e-01 -1.305550073441422432e-01 -3.236309629660748532e-01
3.662507887149117902e-01 -8.867427585032434945e-02 -3.843930694990150276e-01
3.916497276228332880e-01 -7.269828248312831809e-02 -4.733023614019372660e-01
1.755815073440971374e-01 -7.431539638732068132e-02 -3.202513878758912469e-01
2.253234991424428180e-01 -8.072627936397278048e-02 -3.085058792623119328e-01
1.530019765628245487e-01 3.314655894638540712e-02 -3.168729911281152334e-01
2.696091949239673435e-01 8.698106119330922814e-02 -2.966281306229970882e-01
3.692556576848243788e-01 7.191529504778634840e-02 -4.552992129510531338e-01
3.525750143857870333e-01 7.276985698170085337e-02 -4.807211805940742599e-01
3.148316328364859640e-01 8.907895395196037402e-02 -3.485754446016410824e-01
3.480506249814367403e-01 4.931362326958808190e-02 -3.721715983713749232e-01
2.969223769688850156e-01 1.186458062688800774e-01 -4.530456955115184092e-01
-5.873092483693800880e-02 -1.461293783742023955e-01 -4.305937642405223698e-01
9.342675236912519054e-03 -1.351409817864815399e-01 -4.223841897975778026e-01
-2.095134888258841921e-01 3.859176237896478345e-01 -5.340612294395832849e-02
-2.258067182652484794e-01 3.990742957001884306e-01 -4.493404363870548424e-02
-1.755072912696011289e-01 4.157986522164727750e-01 8.998118076314119348e-03
-2.525789678125942572e-01 4.579871696967167671e-01 5.213016564985156059e-02
-2.313445194747025535e-01 4.342676707502268196e-01 -3.529644910465026819e-02
-2.721313484058041077e-01 4.598327061531697346e-01 -4.827848348855016958e-02
-2.672958947890571313e-01 4.785925035415689588e-01 5.168614751129207638e-03
-2.771606935858255127e-01 4.788495573199826327e-01 2.909040127022926095e-02
-3.824345819778656730e-01 4.802819102214301306e-01 -3.714204154842936645e-01
-3.126737390774885772e-01 4.496446321199544793e-01 -3.955696293903548932e-01
-4.429485143884646647e-01 4.595657859920534993e-01 -2.963995247191932303e-01
-3.881460327893200835e-01 4.528869438638409295e-01 -1.624642106448275780e-01
-3.550940839405364313e-01 4.711131293910186812e-01 -1.748916460021548991e-01
-3.319558905312219310e-01 2.778163064738102261e-01 -2.381098335687296397e-01
-3.718772159427526369e-01 2.980120983080704056e-01 -2.878727040181525698e-01
-3.370222457575151598e-01 3.493018746180641676e-01 -1.466275764557577466e-01
-2.864079196777517544e-01 3.894545968727188834e-01 -1.253616662387367631e-01
-3.851084745959436617e-01 4.142896326428117115e-01 -1.082297525276752354e-01
-3.359089127550170528e-01 4.215971241309489637e-01 -1.153991984678970906e-01
-9.332682753129749667e-03 -2.724319085173574143e-03 2.883835575414228636e-02
-3.155908179713871192e-02 3.114826609803961893e-02 4.480648078188126382e-02
-4.032997181289019878e-02 7.772009025311370223e-02 3.408160441061492546e-02
-5.589613604851959711e-02 6.616374896988913568e-02 4.225730892681223844e-02
-3.593861487663207316e-02 1.096011173124669391e-01 5.114264881594110523e-02
5.794176536190806526e-02 4.977897793217416628e-02 -2.830879192416870249e-01
7.919382655545229022e-02 8.903211553587808691e-02 -2.370665367009806013e-01
2.638669862805346350e-02 2.664118399045766750e-01 -1.957556465973008808e-01
7.969080500352734853e-02 2.114804839241079537e-01 -2.073759812163102068e-01
4.065638565086771017e-02 2.339672711923502513e-01 -1.884539286408288272e-01
-1.190956096131621789e-01 2.057611599669448843e-01 -1.896308602446309388e-01
8.222143719352859037e-02 2.839744402919494592e-01 -2.596283608472874649e-01
7.059476909586737126e-02 3.221410300500604507e-01 -2.402249190287553682e-01
-1.811514012158308151e-01 1.279441452006392366e-01 -2.400444034463410925e-01
-1.757874383764777282e-01 1.246335027301001819e-01 -2.024028232282534812e-01
2.104420671683403937e-02 -3.652643211775765675e-01 -1.071301156024944828e-01
5.011420418179743375e-02 -3.975246389708132488e-01 -6.730275296515808581e-02
6.009263526892592855e-02 -4.015081170029957680e-01 -7.919891917289645367e-02
5.014521237493124034e-02 -3.868614476156246318e-01 -9.476856865495587867e-02
-1.615532772048383983e-02 -4.382127162607856175e-01 -6.287217887584461984e-02
-6.200315077017774790e-02 -4.279130986071292830e-01 -6.775858322549381529e-02
-9.459995559727560344e-02 -3.772169214542523963e-01 -3.262065045725030116e-02
-4.125791440937360416e-02 -4.274148432201630432e-01 -1.138775018481777562e-01
-1.082501341319066640e-01 -3.116615182889397873e-01 -1.584291180250394990e-02
-1.230659071288902756e-01 -4.112948450902943476e-01 -1.191676874616633963e-01
-1.198886139384250510e-01 -3.708038880053168285e-01 -1.447415353077008970e-01
-9.116446866734106980e-02 -4.405579713353823257e-01 -1.048473686461667692e-01
-6.531287556212100887e-02 -4.248740970353448998e-01 -1.232186832998929671e-01
-1.265780327343625222e-01 -4.732277103885851877e-01 -4.534802300201120628e-01
-8.805062786991185719e-02 -4.189912692891357704e-01 -4.730874041254914952e-01
-2.972647806325235398e-01 -4.748555584501406579e-01 -4.788569987426713470e-01
-3.109119408409792840e-01 -4.120501657829018227e-01 -4.867650727202866290e-01
-3.312723643922436123e-01 -3.540083206608554689e-01 -3.649842697626620724e-01
-3.601153257091669335e-01 -4.840742519227307916e-01 -3.722735644913325870e-01
-3.049215914827582141e-01 -4.695570179701036295e-01 -3.193912041550640568e-01
-3.764899549291682579e-01 -4.103884895144908063e-01 -3.986198458062808481e-01
-3.632814697432556472e-01 -3.951447190982610436e-01 -4.440971287375519161e-01
-3.645858184133357605e-01 -3.917146507805100430e-01 -4.099601730690014545e-01
-2.832560600579671073e-01 -4.228223225571007271e-01 -2.736472738874762833e-01
-2.568530856987922828e-01 -3.794559288388478779e-01 -2.418878331386488389e-01
1.141941400938977363e-01 4.697360113957739225e-01 -4.663684893834816464e-02
7.810190281281256808e-02 4.613827528712541870e-01 -3.584223070560924040e-02
9.143573959232786930e-02 4.739984743960612978e-01 2.840178746356327583e-02
6.655142882980363828e-02 4.656527155858908862e-01 6.789365883726390660e-02
6.379509299197311245e-02 4.757875069892163467e-01 9.551970855767924484e-02
-1.298572929153074887e-02 3.692368442717844923e-01 -4.577268802513135837e-01
-6.214142283741395933e-02 3.709073550535634811e-01 -4.519555923548461696e-01
8.494851976176975503e-03 3.692554179236881562e-01 -2.808337247292826966e-01
-2.708524684716766551e-01 2.931798144495111336e-01 -2.672550885677538735e-01
-9.138431055313475659e-02 4.513849813469161254e-01 -2.387098866961367971e-01
-3.302510460321862046e-02 4.011719599328198993e-01 -2.541043954874677158e-01
-1.889799681490268168e-01 4.644739657717368853e-01 -2.379717625097186873e-01
-2.324491075440961174e-01 3.789479261637769270e-01 -1.670245510398176425e-01
-1.445579156860841985e-01 4.500547061617041766e-01 -2.083292714992337480e-01
-2.088189539453188526e-01 3.662569973321283534e-01 -1.280073345526281936e-01
-2.066186811731023365e-01 4.048202373579743996e-01 -1.557002486838655886e-01
3.755317867644357710e-01 3.204490301238520078e-01 4.647037045794816246e-01
-4.403599002502469051e-01 2.199912475402640843e-01 -2.607768850210515077e-01
-4.233522839369214807e-01 2.566235109673032366e-01 -3.000603142631582676e-01
-4.039482086826688967e-01 1.165196063669403370e-01 -3.816864195422253747e-01
-4.464926174471148812e-01 1.080820337067381759e-01 -4.477503021521295201e-01
-4.661673129650182879e-01 6.959857863373883347e-02 -4.831418154315845759e-01
-4.720622259472434523e-01 1.050040155426161664e-01 -4.735903864701592747e-01
-4.708457345517382264e-01 -5.599804189929589310e-02 -1.885252774260370578e-01
-4.617778068643796363e-01 -1.007839127768604265e-01 -2.413923998183215291e-01
-4.648535338851915166e-01 -8.253781224504082303e-02 -2.871439601274815567e-01
-3.155694094004818928e-01 7.287934517295471815e-02 -2.169567562277067707e-01
-3.088196275544727865e-01 -3.677736809595313558e-03 -1.698781990893611371e-01
-4.229120031932557255e-01 -2.929877443238965845e-02 -1.465627566549082827e-01
-3.856117487909659358e-01 7.644258324067487731e-02 -3.729753611540036484e-01
-3.610515584106240294e-01 8.941079403292936933e-02 -1.999301715863657236e-01
-3.751369846412946352e-01 7.045848395370692130e-02 -1.628482715446444296e-01
-4.072284230070297162e-01 4.683216410056748741e-02 -1.631569926499733814e-01
-4.165876402707150428e-01 1.357344515329463874e-01 -2.801779259566409830e-01
-4.138937736874497286e-01 9.986008786006132787e-02 -3.513182756659412043e-01
-4.955591573196311828e-01 9.521724145336298017e-02 3.315329238446357296e-01
-4.126401603354382663e-01 -2.357037843150259354e-02 4.143283457895997612e-01
-4.534204107878889167e-01 -9.228858056071063964e-02 3.771395841704454077e-01
-4.832856800742121317e-01 -6.550528737526679912e-02 3.212322675632205971e-01
-2.012715841373541870e-01 4.832136499706389809e-01 -2.787827265904649354e-01
-3.373442012000166246e-01 4.929893678922279698e-01 -3.978157320835015720e-01
-1.943065154836147168e-01 4.576882681035395750e-01 -3.083659716027460362e-01
-2.288160404006343851e-01 4.369063281768991169e-01 -3.576823424926436346e-01
-1.402395545051453307e-01 4.686175523478339766e-01 -3.116446004337147246e-01
-1.444952496879218506e-01 4.486180902912614288e-01 -3.774262542524635666e-01
-2.970009125609543443e-01 6.114565777774336186e-02 -2.975987075268324289e-01
-3.305106330018154348e-01 6.233195658804070727e-02 -3.568108715008925236e-01
-4.230687173834604686e-01 -8.834129984665040070e-02 -3.432078988010311971e-01
-3.978635239500762921e-01 -1.214239171225858262e-02 -3.840488377539351683e-01
-3.322276139867866296e-01 -2.358781695904938192e-01 -3.386148422497508026e-01
-2.537143531342067604e-01 -3.004352545483215953e-01 -3.368300567947919433e-01
-2.822062691076958618e-01 -2.351542851075566209e-01 -3.063528500094956919e-01
-2.532292498222421528e-01 -2.027774092125682603e-01 -3.584781861865730113e-01
-2.208873746029367813e-01 -3.364562741624268494e-01 -2.546214131401083880e-01
-2.314618324638482716e-01 -3.334253125563321207e-01 -1.955766274604773813e-01
-1.543941974077776003e-01 -3.320983914505469814e-01 -1.879416324477542755e-01
-2.821680713192383783e-01 -3.132706154848172719e-01 -1.560816888796227597e-01
-1.344136704072740884e-01 -2.667787540458229634e-01 -8.702958391856047138e-02
-1.447568698992606762e-01 -3.176024055473525842e-01 -1.339789279481287398e-01
1.109192774303448779e-02 -1.100026552198389296e-01 -5.940557716443858188e-02
-4.593591721297525521e-02 -9.566384479745798641e-02 -6.575708950776787409e-02
6.863653714904943692e-02 -1.325979360702169707e-01 -3.924846536609699621e-02
1.013050211982315790e-01 -7.364091173705054894e-02 -2.432707718505828370e-02
3.391139315181380259e-02 -4.942841407295017753e-02 -4.850244009379608978e-02
9.954956828831489080e-02 -3.871795733456948052e-02 -7.209761434491009091e-02
-4.701468575493433777e-01 3.252470840825830156e-01 1.319708030144165767e-01
-4.446078834079906783e-01 -1.685368010110472603e-01 -5.434340028592252181e-02
-4.591501875287868351e-01 -1.572190111947783520e-01 -1.905970200030415729e-02
-4.095699961204867234e-01 -2.196002995230307286e-01 3.362938300707313255e-02
-4.226929493193117282e-01 -2.129368098771621531e-01 -2.302122158947506048e-02
-4.278705910851339778e-01 -2.532669504710418629e-01 2.422917368391246801e-02
-4.443595222257870070e-01 -2.717707482495617666e-01 -2.673903540983154151e-02
-4.342666672197473265e-01 -2.197807225013148902e-01 1.062991863994514202e-01
-4.718214646527869038e-01 -2.140577985603947520e-01 9.441921776755109186e-02
-4.456180577925272779e-01 -2.571673785310697458e-01 9.777507240207895800e-02
-4.672666404080702551e-01 -2.705346296340601087e-01 1.126696665921233242e-01
-4.430232401965015221e-01 -5.658199514781682427e-02 5.170906097826740572e-02
-4.513833258833680473e-01 -1.544945055412830226e-01 1.179720788268683179e-01
-4.808087393120414887e-01 -3.663638503229776910e-02 2.286002342053952696e-01
-4.699088630856464999e-01 6.716559297845892118e-02 2.104882898702292449e-01
-3.992764866976961091e-01 -1.774522755416524655e-01 1.147471729315273498e-01
-4.659669014617825455e-01 -1.023553642812984193e-01 2.298838521892430653e-01
-3.396461040531864595e-01 1.172050402337944802e-01 2.161503585050651710e-01
-3.569021282706753007e-01 -1.720691184387341810e-01 1.809259850328884534e-01
-3.840455762240126414e-01 -1.302561724258204656e-01 2.415031189932118627e-01
-3.249050187293917036e-01 -1.271824719847733653e-01 2.369539865566173131e-01
-2.566043719472721474e-01 -2.232474285867141334e-02 1.514017270081151334e-01
-2.731988186949998454e-01 9.954364822039336869e-02 1.302058336199503619e-01
-3.206423449061892028e-01 -1.256889510265695453e-01 8.496853497684829504e-02
-2.851661245320444293e-01 -1.346398230718729438e-01 1.306806695676772101e-01
-3.031442727871110354e-01 -1.443257238843375645e-01 1.548064708922559096e-01
-2.902670558823448044e-01 -1.173298398048645413e-01 1.948158544628003919e-01
-2.916561969752275996e-01 -6.555958107258862133e-02 6.862045769058817968e-02
-2.711389990116701010e-01 -8.436804410133907917e-02 1.052985462395653465e-01
-2.889384671701457630e-01 1.332804827479840970e-01 1.156431568859878217e-01
-3.300896571652922606e-01 1.385888850925849070e-01 7.206701026556006084e-02
-2.766852400337568851e-01 1.154266039429950597e-01 3.259307590446714614e-02
-3.118453358967303024e-01 1.499964206713518822e-01 2.604482557720338987e-02
-2.852539885376024209e-01 -2.923442205559564216e-03 5.791310457698746472e-02
-3.708742465529136778e-01 -5.286513930191609131e-03 4.122999039525858389e-02
-2.728617175473312395e-01 -2.336545715113779245e-02 -7.921002880139819957e-02
-3.149837692884522866e-01 -7.625601267178123976e-02 -2.243782829644594412e-02
-2.946173596980537490e-01 -2.933693065705117453e-02 3.476976021739481421e-02
-3.413144873652844691e-01 -1.280410816651352500e-02 -1.517544313061907346e-01
-3.802170934686169845e-01 1.823571439006161504e-02 -1.475941301754550294e-01
-3.542532473762334266e-01 -9.342218884084027564e-02 -7.669132308418658006e-02
-4.196668409490322271e-01 -5.554151879819452936e-02 -7.832341240436785368e-02
-2.912476282650464099e-01 1.148251077447823010e-01 5.903818593429974171e-02
-2.958148916845571574e-01 1.200006478039648966e-01 6.959546799492606628e-02
-2.604504394046580629e-01 -5.715980557208320822e-02 -3.429178041170508756e-02
-3.988635583287416519e-01 -2.412981900538679544e-02 -1.367371878760249848e-01
4.227124963026038240e-01 3.969910241238522874e-01 2.410984838204915937e-01
4.699113793240288217e-01 4.534731297467827771e-01 2.902451859383698429e-01
4.813445388035700323e-01 4.882920858430407351e-01 2.987136921140136070e-01
3.764097822527271431e-01 3.386137072514655566e-01 3.036593365251917254e-01
3.648781439265344484e-01 3.451401847093328312e-01 4.431148063023329087e-01
2.774757745570511913e-01 3.641607558932821176e-01 4.502894663190835089e-01
2.810609309752725160e-01 4.616169758922222255e-01 4.983325021052972259e-01
4.173166492769780911e-01 3.916379251022371610e-01 4.759205842475070503e-01
4.562877749696819807e-02 -2.666102230031873188e-01 -3.391749825405103169e-01
6.700018231532078525e-04 -3.027816888442620424e-01 -2.905170724231361246e-01
3.880214941750990965e-02 -3.679390526562292818e-01 -3.334313702356398457e-01
3.382352127716201085e-02 -3.635645228849581079e-01 -2.979222307565057570e-01
-1.061501301280476234e-01 -2.677238069209125770e-01 -2.583404062971976778e-01
-1.057609596343364600e-01 -2.270894050763692662e-01 -2.870216134730277924e-01
-2.110339469174083576e-02 -3.680023384420726962e-01 -4.252110054846073295e-01
-1.433573331205911239e-01 -3.248637819474309851e-01 -2.769124611785616086e-01
-1.617819114028870298e-01 -3.355950499243565699e-01 -3.074784278512114333e-01
-2.000314081260364807e-01 -2.827627786899027940e-01 -3.498249214944839647e-01
-4.990365083973806459e-02 -3.946565343049005525e-01 -2.911512765311442541e-01
-1.021675327869137895e-01 -4.118476100453920541e-01 -3.324834154992054591e-01
-7.764763044366308764e-02 -3.927385398282239870e-01 -4.373256880937582136e-01
-7.129140148917870179e-03 -2.717527501870397044e-01 -4.630897653123651758e-01
-1.509058456377514457e-01 -3.277057660897412239e-01 -4.492120878050440136e-01
-1.760218709317561137e-01 -2.435741156060049206e-01 -3.611778164826991988e-01
-1.324648823559028410e-01 -2.312430876557145798e-01 -3.518101244233112768e-01
-8.298015736360793426e-02 -2.334902761748211264e-01 -4.524027066087521476e-01
-8.543360067927169288e-02 -1.993163145101584932e-01 -4.342462544291642024e-01
-1.521032426498260537e-01 -2.626660592608386913e-01 -4.335900072867621136e-01
2.538927115815585445e-02 -3.137176945659476274e-02 -2.595395909624293451e-01
-2.800940514578932616e-02 -7.372403500648533337e-02 -3.139696156033661700e-01
3.733479347793495357e-02 -1.069823613280761199e-01 -2.555301543177765367e-01
2.684019666855194663e-02 -1.332776155174289490e-01 -2.502604391040794685e-01
-1.227855568840808959e-01 -1.771147260711782856e-01 -2.417744617292842402e-01
-1.193181784651478894e-01 -1.560817515199215133e-01 -2.569467490512026830e-01
1.233325890877495640e-01 -5.665426082039035777e-02 -4.901750349840141574e-01
5.381436555774814223e-02 -1.085567820592606425e-01 -4.447701206052989686e-01
2.425695497414774582e-01 -2.556299586039875171e-01 -4.572170937136757485e-01
2.495454382780654401e-01 -1.886334071591063699e-01 -4.374866552685023890e-01
1.639249152795330955e-01 -1.431034962535666089e-01 -3.759417208739520011e-01
5.529767814475568255e-02 -1.816923902645758426e-01 -3.961913276396972217e-01
2.370296004940372903e-01 -2.425244043932092974e-01 -3.844980517528142627e-01
2.503554971543341945e-01 -1.736255528785724533e-01 -3.847430794175080160e-01
1.344053513842343173e-01 -1.827396173140709290e-01 -3.451375446682122261e-01
7.762785516577840050e-02 -1.925333588438462029e-01 -3.441603498620974255e-01
3.762932509332176517e-02 -2.428404597985023838e-01 -4.202052643508153440e-01
5.025611921841603713e-02 -2.142867622178298015e-01 -3.963719471811968376e-01
2.001906787917636099e-01 -2.692257093094106990e-01 -3.626633478090048879e-01
1.401348499458857366e-01 -3.040275402070011235e-01 -3.719473325796971430e-01
6.952209562231519147e-02 -2.754078880305063648e-01 -3.554980607643988266e-01
6.807569889643896865e-02 -2.392030527889105196e-01 -3.570666967721795593e-01
-1.386117876521867354e-01 -4.642836764487016932e-02 -8.095800286998230955e-02
-1.028424484961968088e-01 -4.906322152377893403e-02 -8.449260772064551284e-02
-1.604042571146793994e-01 -7.463817478818367962e-03 -1.328870105547509395e-01
-9.584624592688267830e-02 -5.339397841063471539e-02 -5.541250302877047396e-02
-1.554653479691660012e-01 -8.109686308817302958e-02 -9.226955039986224627e-03
-1.907535648005219409e-01 -7.209376584219728823e-02 -4.178363386723338291e-02
-8.944055164789269097e-02 2.467925054547320807e-02 9.592903892043867439e-03
-1.816422948065182508e-01 6.666319559449150611e-02 -1.145934659812934686e-01
-2.246003041495235331e-01 1.392067156786331271e-02 -9.856280387360619177e-02
-1.750065540399754482e-01 1.769400053127874461e-02 -1.483216942727257071e-01
-1.878923717112968850e-01 -5.532755389663819579e-02 1.071334038832073669e-02
-2.387388179282341760e-01 4.773906613950250344e-02 -6.934342228648912761e-03
-2.415652340345657845e-01 5.415100913392924611e-03 -5.252754752159945889e-02
-2.461547775167364227e-01 -1.927698109608371596e-02 1.820667615518927265e-03
-2.238077434033616253e-01 -5.686741797323312947e-02 -1.836541472417059853e-02
-2.156742391719677909e-01 1.324304485744620119e-01 1.047545091762743658e-03
-2.017038114941315241e-01 1.535940105808891454e-01 -8.248179909180551606e-03
2.443423803967485416e-02 9.719814643106511332e-02 -3.629646154971186700e-01
6.319355111071098263e-02 5.505965848694017312e-02 -3.761047450758611688e-01
1.703262830408561190e-02 2.651594192867713987e-02 -3.981076029041502040e-01
-2.905096965295956082e-02 4.058120960188239118e-02 -4.120683376018203781e-01
1.133840823229250727e-01 2.852055866115848701e-02 -4.169913429573171015e-01
1.206788975550734666e-01 1.304683168522561242e-02 -4.843978311101160283e-01
1.267091472926091256e-01 5.454025341085929832e-03 -4.995819368443635833e-01
-5.943872553678840320e-02 -2.635686225710372477e-01 -1.340382010562601867e-02
8.429338687913449923e-04 -2.731338127689181272e-01 -4.332602491167245745e-02
1.906066834378231795e-02 -2.288159407036229887e-01 4.506301123214082049e-03
-3.980039644213995143e-02 -2.435326402900589715e-01 2.228042139816636957e-02
-2.006751810424105276e-02 -2.156409797581287369e-01 3.370778358094940474e-02
-4.124025958578250717e-02 -1.980279456461032928e-01 -5.762286753390712807e-03
-5.696866586886347589e-02 -1.790277434106561649e-01 -3.165888622667670238e-02
4.874737325347004713e-02 -1.618694007864265316e-01 -4.204227288293835296e-02
-1.496324157500459051e-01 -2.172713618661060719e-01 -1.283987131573893770e-01
-1.268532838534164875e-01 -2.607124517707072875e-01 -1.244361245819526479e-01
-2.398671218948309619e-02 -1.415798355760595484e-01 -4.390199085082270580e-02
1.570087366419795072e-02 -2.596892412361462843e-01 -1.711257807494220295e-01
1.563907314033659984e-04 -2.981989962635438474e-01 -1.441429682317401373e-01
-9.025114955614838008e-02 -2.699543437981715144e-01 -2.127731553974018530e-01
-8.797558306985979459e-02 -2.675366727344666851e-01 -1.753249231133314212e-01
-4.341150478479132158e-01 -3.491458772786991405e-02 -4.972539099564975973e-01
-3.037450199928699024e-01 -1.507098061376241638e-01 -4.268961176891998277e-01
-3.156249956164092207e-01 -7.071789648110264614e-02 -4.569987911440719364e-01
-3.904820507166456567e-01 -5.707516645320819676e-02 -4.497006681504645553e-01
-3.940675040766050130e-01 -2.641452504063667162e-01 -4.073216114795682463e-01
-3.899069172012838980e-01 -1.181304016666876455e-01 -4.190544288156717312e-01
-3.560961653075498390e-01 -1.992209362767697889e-01 -4.027842281110994294e-01
-5.119626751859773783e-02 3.815723044897714744e-01 -4.319669466672925173e-01
-1.036819152153596463e-01 3.821447656732481768e-01 -3.788600876401302386e-01
-5.786155367855562275e-03 3.568775730564838766e-01 -4.149333982415974731e-01
-9.359956489514747319e-03 3.656329811658735607e-01 -3.267742113132502957e-01
-1.508001440805072646e-01 1.724284872839870753e-01 -2.789430422292659695e-01
-1.819948648072995945e-01 2.280214181959713815e-01 -2.688331227195364104e-01
6.472913243874807432e-02 2.956413865720574075e-01 -4.000542047068494367e-01
6.169134102027611782e-02 3.024822504380653143e-01 -3.005568309858490106e-01
5.090319128313919306e-02 3.197978584788062628e-01 -2.860249238631718538e-01
2.071310692671850251e-03 3.469834153629823281e-01 -3.074729535191241259e-01
-1.417039150838072525e-01 1.202282615164093488e-01 -3.233153113534280587e-01
-1.375206673886869013e-01 2.010559018531554443e-01 -2.290887785611670502e-01
-1.709606862805448102e-01 2.508228452568849742e-01 -2.539189199301158939e-01
3.757979333834568503e-02 2.350508647218788327e-01 -4.340718586755056285e-01
8.590710185987174979e-03 1.693338378706758796e-01 -3.916557033906025165e-01
-1.077590878491076765e-01 1.002293011972437836e-01 -3.954164064737176743e-01
-8.318667348853836518e-02 9.863143976113454559e-02 -3.677667688474133834e-01
-1.433164090718962447e-01 2.967789779401011074e-01 -4.643587160459538565e-01
-3.444616241662954992e-01 3.038466525400008722e-01 -4.517174701614664611e-01
-2.067745309284984845e-01 2.636715396980895965e-01 -3.236943855728293129e-01
-1.831274096798866102e-01 3.129606234840129342e-01 -3.797791648267846987e-01
-3.108869602361800100e-01 2.871153014795967962e-01 -3.492028500518772893e-01
-2.993117665861920740e-01 3.311494854844698743e-01 -3.942665511702277414e-01
-3.638900305822644898e-01 2.394747797373812104e-01 -4.571164425910621554e-01
-2.585872187366966002e-01 2.909290923624217040e-01 -3.213756571707687693e-01
-2.688977440333446545e-01 3.256987154488118485e-01 -3.570397366437059739e-01
-3.764224708335001113e-01 1.843836273062243736e-01 -4.776986251563765107e-01
-1.334232317292967096e-01 1.363161942339149446e-01 -4.336019711658305464e-01
-1.036383089431758692e-01 1.851596733248468685e-01 -4.455946547541605463e-01
-3.851804518829610724e-01 2.211836056296101194e-01 -3.949342380897994942e-01
-4.030621825810902781e-01 2.268451910158821583e-01 -4.303762385416450287e-01
-3.997573251913580927e-01 1.630794335399371742e-01 -3.902241638153915448e-01
-4.085066789348515970e-01 1.647270319454950949e-01 -4.313210275538116312e-01
-1.556480372174441351e-01 1.035038938291242966e-01 -3.902818229159116248e-01
-2.103573485119370756e-01 1.296157919421342397e-01 -3.633082837680834398e-01
-3.946921065381434612e-01 1.114733536158067501e-01 3.929837636271000245e-01
-4.325648905276942013e-01 8.223796302340771747e-02 4.006895347289130549e-01
-3.898351932932503927e-01 1.505063084556954589e-01 3.526146555925778192e-01
-4.610531412929156359e-01 1.077148721749197346e-01 3.546922851313783487e-01
-4.400751644479716784e-01 2.668010797148234192e-01 3.533414226299108063e-01
-4.899127547119120907e-01 1.235304251797512964e-01 3.563079680143363404e-01
-2.382946468306157140e-01 -2.592781564638396707e-02 -4.156507465581009697e-01
-2.528030829632745280e-01 6.205157421281762981e-02 -2.912284295841773285e-01
-2.636478391798949827e-01 4.933760984275074868e-02 -3.562253310759427860e-01
-1.758797495915706000e-01 1.047421209283907889e-01 -3.260698878502307774e-01
-1.809680962700196405e-01 9.526633426344395528e-02 -2.898233748910309382e-01
-1.889158352670809726e-01 9.454146701170994260e-02 -3.702570609740785113e-01
-2.360666821968969153e-01 7.112817990892056352e-02 -3.875933369357641989e-01
-9.696842457321357134e-02 -2.837025103070472953e-02 -2.748585967605510771e-01
-1.457881747835125252e-01 -2.812261016657479837e-02 -3.976588773794723086e-01
-1.858905668327325011e-01 5.911018288539248572e-03 -4.100009958233299945e-01
-1.600174189546401948e-01 7.980050308314999563e-02 -2.877521776067220594e-01
-1.528293968231223265e-01 9.493651326252534883e-02 -2.912551281886621712e-01
-1.736293485034989537e-01 7.780369132460683568e-02 -3.874258892684973032e-01
-2.005277183505065897e-01 5.916328697479138893e-02 -3.868964107838397948e-01
-1.169435077686777208e-01 -4.215696477908238704e-02 -2.441716202988818973e-01
-1.074287535524561799e-01 -9.831347325930610281e-02 -3.417790014118151087e-01
-8.994592330447483131e-02 -9.378365087215964624e-02 -3.162624480414973349e-01
-3.122317590496289097e-01 -2.178867680871288126e-01 -2.426145390745977903e-01
-3.062264450563780271e-01 -2.433083809839539091e-01 -1.819179014716857945e-01
-3.554090248728373758e-01 -1.963482706969672531e-01 -2.507071539997251519e-01
-3.451403113435492220e-01 -1.487393407606509566e-01 -8.087138072238074515e-02
-3.664892702816177628e-01 -1.189360415515217512e-01 -9.673746630289924153e-02
-3.754038610993414293e-01 -1.569799634468711236e-01 -9.317178293056432858e-02
-3.775258028668336263e-01 -2.344420957794918770e-01 -1.588139526521960554e-01
-3.768621598453266719e-01 -1.941268248372971794e-01 -1.255788738437663421e-01
-3.607723585928295229e-01 -7.703837158908055649e-02 -1.223753705033396033e-01
-3.552579865229367750e-01 -4.850480123216169975e-02 -1.606844197384714734e-01
-3.815843642299734939e-01 -6.279698476393567874e-02 -1.591502620707288540e-01
-3.113301653208956354e-01 -4.913386864646546864e-02 -1.946019501711750144e-01
-4.273163519387763731e-01 -1.091635336732799944e-01 -2.348781102789170572e-01
-3.688947558736951904e-01 -1.107210381989583853e-01 -2.719897466705853417e-01
-4.026722207005632992e-01 -2.230075905346796117e-01 -2.103357853333473471e-01
-4.133354715994808082e-01 -1.826270056486496707e-01 -1.926179635407987423e-01
-3.075265322444853400e-01 -1.435957048907987865e-01 -1.000436361054098527e-01
-2.779202312735748470e-01 -2.098750642879066708e-01 -1.438629939070131536e-01
-1.803474541037407286e-01 -2.163505996816478261e-01 -1.372865813040267113e-01
-2.617890047305260204e-01 -1.990762906543148691e-01 -4.184304131440866326e-02
-2.501526135057743905e-01 -8.957136200353192634e-02 -4.505860822651788777e-02
-2.294722355113866519e-01 -2.201269424086743642e-01 -5.951908898737062747e-02
-2.138897817780376076e-01 -2.227883225810660950e-01 -8.169976151142428755e-02
-1.993344916203111661e-01 -2.514239834490438197e-01 -1.081332217150932223e-01
-2.380392464791870333e-01 -2.459344119030092146e-01 -1.004565227683457684e-01
-2.933813266377703899e-01 -1.423620454100847366e-01 -2.817196159988438059e-02
-2.878885915996759470e-01 -1.207548291154939835e-01 -3.554192253649145899e-02
-3.074022026557265419e-01 -1.621894640536460375e-01 -4.206152871937531013e-02
-3.258049957730190793e-01 -1.556292362032552223e-01 -6.289900150231590714e-02
-1.995171509814826216e-01 -1.177665881593926156e-01 -5.565438796867182292e-02
-1.943371144820827123e-01 -1.728867601974225510e-01 -6.445315832188734662e-02
-1.842578945985012262e-01 -1.929318713469680424e-01 -1.186206742952671256e-01
-1.622375497816379297e-02 7.842757932743860128e-02 -8.904297595896303041e-03
-1.568971120493127813e-01 9.296603812194143002e-02 -9.844070703603136074e-02
-7.423745226709073386e-02 1.053558818528844282e-01 2.185374863557116437e-02
-1.381671300752748410e-01 1.147668096068103910e-01 3.355323824929523462e-03
-9.172365282464672864e-02 8.430690139311548814e-02 1.331665698815608784e-02
-1.228906535743691797e-01 1.332207539156532450e-01 -1.803860092598575382e-01
-1.931425100147353691e-01 1.254929500668615638e-01 -5.411908285218580694e-02
-1.810882473775428658e-01 1.335626894669038056e-01 -1.412060153648743432e-02
-1.744841258424572050e-01 1.634399354588988162e-01 -4.966127465389340301e-02
-1.111706371517407060e-01 1.862635550527857453e-01 -1.583702289961849419e-01
8.073435603988959874e-04 2.088833773522662252e-01 -1.736068087608436394e-01
7.091605017180960258e-02 1.081878226595389125e-01 -2.047412428975812770e-01
8.541045610497936813e-02 8.232224124986183000e-02 -1.352907507079348648e-01
-1.923169905828440440e-01 1.270335652801544424e-01 -1.317782198107443903e-01
-1.742130563596126780e-01 1.036090809246176525e-01 -1.267244066181074658e-01
-1.648674457679503991e-01 1.395017425281284973e-01 -1.559669485763751640e-01
8.339882232384761285e-02 1.332372922870219689e-01 -1.984410077080675516e-01
7.255389219547601909e-02 1.818878605292063855e-01 -1.776108525082796541e-01
1.307205840148963905e-01 1.088350236385395992e-01 -1.321247731139739423e-01
1.152622727616627735e-01 1.538752263742634296e-01 -1.786145378580150933e-01
1.148731861179897173e-01 1.698944749046218672e-01 -1.636748972189382145e-01
9.965826759459980866e-02 1.141768437578473960e-01 -1.222042128159436664e-01
2.490005932484065654e-02 1.075917892698981942e-01 -4.786172615726777546e-02
1.169376277242410583e-01 1.515360137327495527e-01 -1.302404176283145087e-01
3.775159409075892203e-01 4.735683804853990653e-01 8.040361442177575146e-02
3.935145713652113408e-01 4.217614761673831314e-01 2.093309375162434316e-01
3.834144016468188365e-01 4.232802416918494681e-01 1.114855189684962472e-01
3.912215618465462730e-01 4.203616092546130778e-01 1.393049127136957999e-01
3.928745771299788081e-01 4.468642441350379468e-01 8.686610178788768677e-02
1.434619239653843747e-01 3.171928927913227891e-01 9.627253550946242300e-02
2.056885938531846647e-01 4.510788034388710788e-01 3.197527389876793635e-01
3.167351074170012826e-01 3.660575943763705875e-01 2.615154084511795429e-01
8.907627096981016179e-02 4.766742140353206758e-01 7.809917429892181129e-02
1.123759022623501552e-01 4.096732522996096026e-01 2.824277407912164639e-01
1.479311256690264698e-01 4.533000213240883092e-01 2.808545994845753069e-01
1.369432723247805128e-01 3.558571235789903531e-01 2.764051195082921075e-01
2.237941856956495446e-01 3.903895796238372462e-01 3.155376375515422938e-01
1.846523823177150525e-01 3.086064735372757717e-01 1.994379757028830191e-01
1.539985809073055600e-01 3.090124483023027890e-01 1.548659520274152379e-01
1.614117863422416532e-01 3.096724802580276270e-01 2.330449313377551401e-01
-3.518227785578105227e-01 4.037002212016186919e-01 4.730954473260006732e-01
-4.263241811889746935e-01 3.804581965550556943e-01 4.721477356702198924e-01
-4.444704463075012657e-01 3.442454406571012759e-01 4.578751117654671909e-01
1.861009213528873676e-03 -2.147098865793381148e-02 -2.331897550180140055e-01
1.837083213894234041e-02 -4.905407205829177830e-02 -1.853843847512005316e-01
3.541321852590286617e-02 4.951577456185682347e-02 -2.390773270564056086e-01
-5.304362708843148033e-02 -3.028303808742072861e-03 -2.271186452563375147e-01
-7.808167734972679130e-02 4.341048889739980432e-02 -2.443258759407714586e-01
4.616650681019472680e-02 8.032338300680905152e-02 -1.711467208069783474e-01
-9.227027451703115335e-02 -3.401433551101432085e-02 -1.909910549321603979e-01
-6.883457000805873194e-02 6.383204106241907594e-02 -1.890427956560714329e-01
7.022455178872798187e-02 1.994126725982749843e-02 -1.132420107965786404e-01
4.514929055079857506e-02 6.978465096147815072e-02 -1.334763634358488993e-01
2.367285322675607984e-02 1.057451520454218315e-02 -9.851345556025786765e-02
8.039679352415516136e-03 5.777434343088658220e-02 -7.740822416542882112e-02
-1.074519701790128123e-01 -2.773456200813231159e-04 -1.444508279462918265e-01
-9.130462166061886764e-02 -2.377263622109269600e-02 -9.478407885542122768e-02
-7.586474171164712954e-02 -7.456551912026915252e-02 -9.653606555500324204e-02
-5.641977675371645518e-02 -7.349586189989423812e-02 -7.849791417152258977e-02
-8.832413411632752953e-02 5.658271028834467586e-02 -1.170521611700004461e-01
-6.585537271101123136e-02 5.033040380008418219e-02 -1.047957189676451684e-01
-4.691150088394073492e-02 -1.191636307285897090e-01 -6.742960158292567174e-02
-3.928367469886134833e-02 -1.448186464698009435e-01 -6.684282881082440064e-02
-8.977651029883048847e-03 -1.216705356465979382e-01 -6.790643233945981017e-02
-1.930992119164577983e-02 -1.420934221159745603e-01 -6.186365819315964298e-02
1.661042989678102738e-02 -1.591745602839213514e-01 -6.100226547530356036e-02
-1.053584857323302815e-01 -1.006079154575439116e-01 -1.390068595865360523e-01
-9.899062594496010892e-02 -1.175354659654407191e-01 -1.746050407639662960e-01
-1.476528028346546784e-01 -2.191011095613103477e-01 -1.316916732896741549e-01
-9.590594610685850008e-02 -1.876079103683048754e-01 -1.003966353085612162e-01
-1.333634963658511530e-01 -1.973827209796070459e-01 -1.434689272483146705e-01
-1.010521744898875973e-01 -1.510367739891129990e-01 -1.892222779362665031e-01
1.449444428851025604e-02 -1.449868853763527365e-01 -2.131313296526003709e-01
1.418449388591052837e-02 -1.169185929606732927e-01 -1.858585248951727387e-01
-5.773680898765847641e-02 -9.956821218441788690e-02 -1.357130375409315581e-01
-8.038832293804853979e-02 -8.083950186690858075e-02 -1.146394721513559756e-01
-6.834486228964099797e-02 -8.470266196783350632e-02 -1.532484356012698834e-01
-4.040372014148756880e-02 -8.513927982973801267e-02 -1.466345485280209915e-01
-1.267866869543789188e-01 -2.028175280401358083e-01 -2.011384699668150033e-01
-1.075890031351208892e-01 -2.367760049712138715e-01 -1.725356489195352949e-01
-1.343106915901960408e-01 -2.200076032925264713e-01 -1.371001867996861634e-01
6.548619554083892624e-02 -1.761076567472845134e-01 -1.604493907206853975e-01
5.738403756432384345e-02 -1.460146668738735443e-01 -1.260954994176994581e-01
4.522495503238747883e-02 -1.962686645407790142e-01 -1.545049635633399254e-01
4.404578862769904790e-02 -2.050341950993340989e-01 -1.361731890133806577e-01
5.049649639203190876e-02 -1.764126043722709924e-01 -1.276054567818891983e-01
3.636240443666399758e-02 -1.566376015015636947e-01 -8.691501745517607458e-02
-1.966179509784334589e-01 -9.082824965149605828e-03 -4.566174002511736996e-01
-1.761239802973693924e-01 -2.461375507377941418e-02 -2.147966014697993142e-01
-1.564752956432296505e-01 -4.375640782412686114e-02 -2.412741331523148292e-01
-1.847943676581208505e-01 -1.303838968062593327e-02 -2.533022544342918847e-01
-1.432080787185527337e-01 -9.274567916129672351e-02 -2.065119303418344321e-01
-1.436019032082950508e-01 -8.793074533440783935e-02 -2.578613827968451733e-01
-1.551702179794140213e-01 -1.477557786515065197e-01 -2.314056957033651662e-01
-1.529366261481633349e-01 -1.688030010733165553e-01 -2.766060956768643386e-01
-1.367237150848408245e-01 -1.381868047895868923e-01 -2.896185216219128722e-01
-2.827685388542592326e-01 -7.532990465048895745e-02 -1.969685741925439326e-01
-2.663202242247524332e-01 -1.743847690711782250e-01 -1.892073438473380331e-01
-2.834065575860763020e-01 -1.516862333444914945e-01 -2.420708231757046081e-01
-1.815714856819223844e-01 -1.693212595368217555e-01 -3.263307763514913251e-01
-1.577583547796205521e-01 -1.261680402727089756e-01 -3.258253802641148389e-01
-2.717273392567824408e-01 -1.571326472476651179e-02 -2.925587284953283795e-01
-2.418537681218567714e-01 -1.794337342717767236e-01 -3.169923416040429931e-01
-2.164963104379441783e-01 -9.215091492855130573e-02 -3.652435538886147359e-01
-2.901927699060030674e-01 -3.095479482254626102e-02 -2.490130987291864217e-01
-3.002042509747997467e-01 -5.121193909046288517e-02 -2.238609795867748109e-01
-3.179516567938022731e-01 -7.017116432597948761e-02 -2.487210014591940133e-01
-2.564560606784141439e-01 -1.133786989953003005e-01 -1.657311767766287414e-01
-2.733526875773386045e-01 -1.163449389773857784e-01 -1.782921004919645058e-01
-2.570410268389112796e-01 -1.555555933131210489e-01 -1.847984764030939919e-01
-2.380838648415898595e-01 -9.681792128110158768e-02 -1.030249693091543350e-01
-2.537090418115043322e-01 -4.874606801279375567e-02 -1.667689729887927574e-01
-2.440380221413496198e-01 -5.730989458837136563e-02 -1.852431073863737843e-01
-2.067227116859695901e-01 -4.776885116904723561e-02 -1.567065083298594952e-01
-2.105286779270284792e-01 -5.896179436253218276e-02 -1.812695756434491434e-01
-1.582509731468229042e-01 -1.042359749116608392e-01 -1.086894662850394905e-01
-2.036753977702297491e-01 -1.173378767308748127e-01 -1.023318048320539658e-01
-1.770016258600330683e-01 -1.391883088596405360e-01 -1.113783558886958514e-01
-1.648165133117649173e-01 -6.122031154565744232e-02 -1.333331234640733887e-01
-1.751632379021340613e-01 -8.935842313284342309e-02 -1.838956707014718639e-01
-2.083298358714310294e-01 -1.526791860102131027e-01 -1.455852661621490629e-01
-1.854488042115364221e-01 -1.359991823149800660e-01 -1.961745828071600750e-01
-2.364523380986967016e-01 -1.639535299255643619e-01 -1.708900038562649326e-01
1.069483767383724339e-02 -5.000000000000000000e-01 1.198101939026272184e-01
-4.983011565697410133e-02 -5.000000000000000000e-01 6.022910217774023189e-02
-2.560648036768736757e-01 -5.000000000000000000e-01 2.301695978368642759e-01
5.000000000000000000e-01 -2.065506981822000376e-02 2.821389497292247084e-01
5.000000000000000000e-01 2.678003735470774888e-02 3.233462575306922382e-01
5.000000000000000000e-01 1.298752442073877744e-01 3.456178110212244081e-01
2.831845469741197108e-01 -5.000000000000000000e-01 -1.403788858223500857e-01
5.000000000000000000e-01 -4.319508821530844700e-01 -1.314576234578034297e-01
4.739010200638578141e-01 -5.000000000000000000e-01 2.412991670175941225e-02
3.476389162761799878e-01 -5.000000000000000000e-01 -3.141566846676256408e-01
4.651241361542147179e-01 -5.000000000000000000e-01 -3.652100279766044566e-01
3.524575742337720530e-01 1.436394263465551879e-01 5.000000000000000000e-01
3.735641866021402469e-01 1.245346574402425993e-01 5.000000000000000000e-01
3.407189586615294030e-01 -4.457558617343930496e-02 5.000000000000000000e-01
1.929611633589900233e-01 9.064568059821277723e-02 5.000000000000000000e-01
4.735605996674524532e-01 -1.806023376061469954e-01 5.000000000000000000e-01
3.432005542322019709e-01 -6.771207252719535497e-02 5.000000000000000000e-01
3.112972477907552937e-01 -3.192666726341076844e-01 5.000000000000000000e-01
2.537403931935360291e-01 -2.693195377682547353e-01 5.000000000000000000e-01
-3.582251528722848466e-01 -3.829004504815933796e-01 5.000000000000000000e-01
-5.000000000000000000e-01 -4.071261953185345006e-01 4.421275626738037090e-01
-1.990399825825036051e-01 -4.696500035949584539e-01 5.000000000000000000e-01
-2.006298210327569220e-01 -3.712166721464182917e-01 5.000000000000000000e-01
-1.396793946562958355e-01 -4.199550222545705425e-01 5.000000000000000000e-01
-1.406033854173280306e-01 1.411672772097784245e-01 5.000000000000000000e-01
-2.476023850174076044e-03 2.662510492046967631e-02 5.000000000000000000e-01
9.452752072132060424e-02 2.379931746543804683e-01 5.000000000000000000e-01
4.627829667130676228e-01 -5.000000000000000000e-01 2.891283723614891943e-01
4.229267221358476436e-01 -5.000000000000000000e-01 4.903561916202251458e-01
5.000000000000000000e-01 -4.071261953185345561e-01 4.421275626738037645e-01
2.480018204474747356e-01 -4.841407692981760658e-01 5.000000000000000000e-01
5.998926729714280925e-02 -5.000000000000000000e-01 8.090979850626807413e-02
6.869611449087162369e-02 -5.000000000000000000e-01 -1.637464651554810385e-02
6.072073243298507783e-02 -5.000000000000000000e-01 8.407025433269091352e-02
5.000000000000000000e-01 -4.559948104057898188e-01 3.258836708258198295e-02
5.000000000000000000e-01 -9.860578090208299562e-02 1.729207755380164635e-01
5.000000000000000000e-01 -1.265922317942212438e-01 1.394821729922124942e-01
5.000000000000000000e-01 -2.034575707115272580e-01 1.173867344255424966e-01
5.000000000000000000e-01 -8.556621204857589591e-02 3.420049065031184887e-01
5.000000000000000000e-01 -1.336412187743248048e-01 4.011453429324629560e-01
5.000000000000000000e-01 -3.588883294365882021e-02 3.216122842482365685e-01
4.195810535130038432e-01 4.845091742183688099e-01 -5.000000000000000000e-01
2.355109335748488963e-01 5.000000000000000000e-01 -4.523533570638258450e-01
2.291927378271323146e-01 5.000000000000000000e-01 -4.053341186615238012e-01
5.000000000000000000e-01 -1.254910870497249475e-01 -8.738966406150563970e-02
1.283325401865881843e-01 -6.385000381179070650e-02 5.000000000000000000e-01
1.268454195843451704e-01 -3.381884794645204084e-02 5.000000000000000000e-01
-4.962079035057633258e-01 -5.000000000000000000e-01 3.696188539016398433e-01
4.190321274817086494e-01 3.383929245156211962e-01 -5.000000000000000000e-01
4.651241361542147734e-01 5.000000000000000000e-01 -3.652100279766044566e-01
3.476389162761800433e-01 5.000000000000000000e-01 -3.141566846676255853e-01
-9.129065220429261052e-02 -1.341263585323443919e-01 5.000000000000000000e-01
1.161173796514862466e-01 -5.000000000000000000e-01 3.181680834302759164e-01
-1.652751673887684625e-01 -5.000000000000000000e-01 4.604279969091615299e-01
-1.331824536478712351e-01 -5.000000000000000000e-01 3.504547282072565939e-01
-3.393246967230930111e-01 -3.981170416289818159e-01 5.000000000000000000e-01
-4.548199158531403552e-01 5.000000000000000000e-01 -1.624835047091417184e-01
-5.000000000000000000e-01 4.626042156283444173e-01 -1.348251554595452373e-01
-2.560648036768737312e-01 5.000000000000000000e-01 2.301695978368642481e-01
5.000000000000000000e-01 1.438625228368183295e-01 5.089080201465433911e-02
5.000000000000000000e-01 2.941547435989818604e-01 1.174987144979502407e-01
5.000000000000000000e-01 2.394348720100423211e-01 3.312738349444758201e-01
2.831845469741197663e-01 5.000000000000000000e-01 -1.403788858223501412e-01
5.000000000000000000e-01 4.626042156283444173e-01 -1.348251554595452095e-01
4.739010200638578141e-01 5.000000000000000000e-01 2.412991670175941572e-02
5.000000000000000000e-01 2.275186935296167612e-01 -2.374497572775344234e-01
5.000000000000000000e-01 4.072577082557976014e-01 -7.446428066626629982e-02
5.000000000000000000e-01 -2.775680951681716579e-01 -5.219755586051259139e-02
5.000000000000000000e-01 -1.485256221056521775e-01 -1.062585441877208492e-01
5.000000000000000000e-01 -8.405584380949300549e-02 -2.896894799296381162e-01
-1.652751673887684625e-01 5.000000000000000000e-01 4.604279969091615299e-01
-1.331824536478712351e-01 5.000000000000000000e-01 3.504547282072565939e-01
4.735605996674524532e-01 -1.806023376061470231e-01 -5.000000000000000000e-01
2.291927378271323423e-01 -5.000000000000000000e-01 -4.053341186615239122e-01
5.345446649957451279e-02 -5.000000000000000000e-01 -4.520379171749573932e-01
3.082715560883290268e-02 -5.000000000000000000e-01 -2.692108192480502371e-01
3.112972477907552937e-01 -3.192666726341076844e-01 -5.000000000000000000e-01
-5.000000000000000000e-01 -4.559948104057898188e-01 3.258836708258198989e-02
-4.548199158531402997e-01 -5.000000000000000000e-01 -1.624835047091417461e-01
-5.000000000000000000e-01 -4.319508821530845255e-01 -1.314576234578034297e-01
5.000000000000000000e-01 3.814210939418382074e-01 -4.880451193178705349e-01
5.000000000000000000e-01 4.809715344449820851e-01 -3.523170258795225163e-01
5.000000000000000000e-01 2.777118085416784843e-01 -4.253650879350588943e-01
5.000000000000000000e-01 1.000558713289604329e-01 -4.733620598388803002e-01
5.000000000000000000e-01 -1.074323455594459742e-01 -4.942627763238430227e-01
3.524575742337721085e-01 1.436394263465551879e-01 -5.000000000000000000e-01
3.735641866021401913e-01 1.245346574402424744e-01 -5.000000000000000000e-01
1.069483767383717920e-02 5.000000000000000000e-01 1.198101939026271767e-01
-4.983011565697406664e-02 5.000000000000000000e-01 6.022910217774027353e-02
-3.774527424144889787e-02 -5.000000000000000000e-01 -2.321680840258492362e-01
-1.219085383498084846e-01 -5.000000000000000000e-01 -4.476860068363681666e-01
-1.990399825825032165e-01 -4.696500035949585095e-01 -5.000000000000000000e-01
-3.092929925797101021e-01 -4.823205065569729499e-01 -5.000000000000000000e-01
-3.582251528722848466e-01 -3.829004504815933241e-01 -5.000000000000000000e-01
-3.393246967230930111e-01 -3.981170416289818159e-01 -5.000000000000000000e-01
-3.407589883136305509e-01 -5.000000000000000000e-01 -2.251160401523669419e-01
-1.396793946562958355e-01 -4.199550222545705425e-01 -5.000000000000000000e-01
-2.006298210327565612e-01 -3.712166721464181807e-01 -5.000000000000000000e-01
-2.677480568379841386e-01 -9.580027337853357083e-02 5.000000000000000000e-01
6.869611449087159594e-02 5.000000000000000000e-01 -1.637464651554809345e-02
-3.774527424144893950e-02 5.000000000000000000e-01 -2.321680840258492640e-01
3.082715560883292696e-02 5.000000000000000000e-01 -2.692108192480502371e-01
5.998926729714283701e-02 5.000000000000000000e-01 8.090979850626804637e-02
-5.000000000000000000e-01 4.072577082557975459e-01 -7.446428066626628595e-02
6.072073243298510559e-02 5.000000000000000000e-01 8.407025433269088577e-02
4.190321274817085939e-01 3.383929245156211407e-01 5.000000000000000000e-01
-5.000000000000000000e-01 2.275186935296167889e-01 -2.374497572775345067e-01
-5.000000000000000000e-01 -1.336412187743248325e-01 4.011453429324629560e-01
-1.435447413378926340e-01 5.000000000000000000e-01 -3.193596849349037425e-01
-1.219085383498084846e-01 5.000000000000000000e-01 -4.476860068363681666e-01
-5.000000000000000000e-01 4.809715344449820851e-01 -3.523170258795225718e-01
-3.407589883136305509e-01 5.000000000000000000e-01 -2.251160401523670529e-01
-5.000000000000000000e-01 2.941547435989814163e-01 1.174987144979501436e-01
-5.000000000000000000e-01 1.438625228368182463e-01 5.089080201465433217e-02
-5.000000000000000000e-01 -1.485256221056521775e-01 -1.062585441877208770e-01
-5.000000000000000000e-01 -1.254910870497249753e-01 -8.738966406150561195e-02
-5.000000000000000000e-01 -2.775680951681716579e-01 -5.219755586051259139e-02
-5.000000000000000000e-01 -2.034575707115272858e-01 1.173867344255424966e-01
-5.000000000000000000e-01 -8.405584380949300549e-02 -2.896894799296380607e-01
-5.000000000000000000e-01 -1.265922317942212438e-01 1.394821729922124942e-01
-5.000000000000000000e-01 -9.860578090208296786e-02 1.729207755380164913e-01
-5.000000000000000000e-01 -8.556621204857588203e-02 3.420049065031184887e-01
-5.000000000000000000e-01 -2.065506981821996907e-02 2.821389497292247084e-01
-5.000000000000000000e-01 -3.588883294365880633e-02 3.216122842482365685e-01
3.432005542322019709e-01 -6.771207252719541048e-02 -5.000000000000000000e-01
3.407189586615294030e-01 -4.457558617343934659e-02 -5.000000000000000000e-01
-1.435447413378926340e-01 -5.000000000000000000e-01 -3.193596849349037425e-01
1.283325401865881843e-01 -6.385000381179069262e-02 -5.000000000000000000e-01
2.537403931935360291e-01 -2.693195377682547353e-01 -5.000000000000000000e-01
-9.129065220429261052e-02 -1.341263585323443919e-01 -5.000000000000000000e-01
1.929611633589901620e-01 9.064568059821283275e-02 -5.000000000000000000e-01
1.268454195843451704e-01 -3.381884794645173553e-02 -5.000000000000000000e-01
-2.476023850174077778e-03 2.662510492046968325e-02 -5.000000000000000000e-01
5.345446649957449892e-02 5.000000000000000000e-01 -4.520379171749573932e-01
-5.000000000000000000e-01 2.777118085416785398e-01 -4.253650879350588943e-01
9.452752072132060424e-02 2.379931746543804960e-01 -5.000000000000000000e-01
-1.406033854173280306e-01 1.411672772097784800e-01 -5.000000000000000000e-01
-5.000000000000000000e-01 1.044440646465421285e-01 -4.777077343266604159e-01
-5.000000000000000000e-01 1.000558713289604190e-01 -4.733620598388803002e-01
-5.000000000000000000e-01 -1.074323455594460019e-01 -4.942627763238430227e-01
-5.000000000000000000e-01 2.678003735470767255e-02 3.233462575306922382e-01
-5.000000000000000000e-01 2.394348720100423489e-01 3.312738349444758201e-01
-5.000000000000000000e-01 1.298752442073876634e-01 3.456178110212243526e-01
4.627829667130677338e-01 5.000000000000000000e-01 2.891283723614892498e-01
1.161173796514862189e-01 5.000000000000000000e-01 3.181680834302759164e-01
-4.698686072561757965e-01 3.788053362051350681e-01 5.000000000000000000e-01
-4.687561947543574803e-01 3.542688739909995999e-01 5.000000000000000000e-01
-2.677480568379840831e-01 -9.580027337853354308e-02 -5.000000000000000000e-01
