3.293181845209496722e-02 -1.584301814100913530e-01 2.558453413989200120e-01
6.314859912489136085e-02 -8.320032209463273931e-02 1.382414050691781748e-01
5.317422799440386233e-02 -6.090487978565819333e-02 2.142132030603010606e-01
-9.369534020546402275e-02 -1.795044680479245258e-01 -7.250150284396343625e-02
-9.986703660172928029e-03 -1.310423105289520718e-01 -3.633091271304807190e-02
-1.083594184404798599e-01 -2.990050056115854393e-01 3.973525217755763395e-01
-8.398868407129680969e-02 -2.962888967745090363e-01 4.628306559367280637e-01
-8.193543488786285064e-03 -3.591625453196050644e-01 4.078026724369365752e-01
4.818843047741229110e-03 -3.271181810857024530e-01 4.768299037288327158e-01
-1.410676454396672490e-02 -1.742995728664629151e-01 3.032426514380355265e-01
1.224179819121086338e-01 -1.414568505396543441e-01 4.209047706930059141e-01
5.079964505756286164e-02 -2.052458260207624952e-01 -9.130763605045815606e-04
5.826122669612734950e-02 -1.835885918939052230e-01 -6.694879584503306280e-02
8.814972647281721363e-02 -1.498925829290525813e-01 -1.435507221904795683e-01
1.145716713514075835e-01 -1.200064949417490451e-01 -1.699723345980389544e-01
-4.468906646637781366e-01 -1.845353682044328647e-01 5.923329577165065141e-02
-1.199585550281682816e-01 -1.133053503675881812e-01 4.198801204678961341e-01
6.475620191147349325e-02 -1.925671419697882747e-01 -2.680041478552644407e-01
1.169455465883814799e-01 -1.829475879508008773e-01 -2.339864428766294802e-01
8.148943194371158216e-02 -1.973401386333564211e-01 -2.021417102317705494e-01
1.658994456069694534e-01 -3.569394751935379695e-01 4.903132000530730505e-01
6.826114535896095348e-02 -3.199056841144250485e-01 4.039065965519572088e-01
1.913175286693697408e-01 -1.679112252487902912e-01 3.750675963268140789e-01
1.419189025247584723e-01 -2.080830564663089244e-01 4.038118437326088106e-01
1.213583435335569144e-01 -3.211376550112953754e-01 4.762170273500080930e-01
1.232693104519121258e-01 -2.573430517178316168e-01 4.492871318963042593e-01
7.611397010118849116e-02 -3.296402531126339519e-01 4.610439278260405338e-01
8.129700828797357948e-02 -1.757479607511860942e-01 2.863527668497595213e-01
6.358803208361192560e-02 -1.966933999968917546e-01 3.416266893108969027e-01
1.166635664981041098e-01 -1.679479514665545847e-01 3.687182626770038052e-01
6.044426344265498019e-02 -2.226809183307471018e-01 1.973702100674449289e-01
8.173882534430683411e-02 -1.907965358447176463e-01 1.755646471779926665e-01
7.199590501885655414e-02 -1.951827280662134512e-01 2.234877202327133217e-01
3.337050970310107556e-01 -8.827051411661682168e-02 4.311959702883707002e-01
2.164760932837937191e-01 -1.283725992760058332e-01 3.843791008700822576e-01
3.046532416171108815e-01 -8.633700755553304351e-02 2.848709300686355084e-01
2.305318585557252775e-01 -3.391431855144910190e-01 4.721824869505279465e-01
2.897056204849248195e-01 -2.971627548176463129e-01 4.049113674181858968e-01
1.965822326541865062e-01 -4.371456464447154855e-01 4.791765508817987795e-01
1.981983827707980983e-01 -3.720119966476039819e-01 4.914653728894662899e-01
1.620435210719745056e-01 -4.534486308669545829e-01 3.766090780326846743e-01
-4.062317662192138634e-02 1.174296141832759516e-01 -8.862085933305065624e-03
-1.199643127035204815e-01 -8.122701704469451056e-02 -4.291250148282887283e-02
-9.394613120009132068e-02 -1.692751667049055553e-01 -1.211657653591278194e-01
-1.100020351239699712e-01 -1.844623859717775261e-01 -1.481677416990277996e-01
-5.972165338572335558e-02 -1.669703136086149176e-01 -1.387114964481336588e-01
-5.018552788845324214e-02 -1.095512008991060132e-01 -1.415946053976351315e-01
-2.554272981865080352e-02 -1.749018583635214563e-01 -2.264513450719226328e-01
-1.801814538006331901e-01 -3.555129243517195503e-01 4.719380090432493402e-01
-3.488642651994968702e-01 -3.985481844360267423e-01 3.137445990041827781e-01
-3.118241382201165646e-01 -3.920221413904814711e-01 3.014163078903803195e-01
-2.684853639155882488e-01 -4.379720055538130485e-01 2.720952595048534151e-01
-1.973327953770600551e-01 -4.541381981117373901e-01 3.231214519575831834e-01
-2.065163568385462722e-01 -3.551878405515809800e-01 3.585366230753379568e-01
-2.573426671541497734e-01 -3.393085163140450722e-01 3.477960110247036440e-01
9.479799893240486997e-02 -1.194569138203410291e-01 1.237863419740562465e-01
6.381451326532376622e-02 -9.626887745843429323e-02 1.166876321100680652e-01
2.010333142116825789e-01 9.717389219964313318e-02 1.470863481729378641e-01
-6.002045162011829249e-02 2.846636180901440105e-01 -1.381267409643471555e-01
-4.585748594029611103e-01 -6.331702231032672323e-02 -2.280234127592099466e-02
-4.316843178570832773e-01 -1.276590469218333301e-01 6.053061447245766669e-02
-4.721046868938506558e-01 -1.005455793348841304e-01 2.830102998622236465e-01
-4.561419643788879319e-01 -5.031978995868643945e-02 3.778192270459095892e-01
-1.981087936514505654e-01 -2.931789835438740610e-01 -2.268686262565615397e-01
2.641521814182607591e-02 -2.350674000291729793e-01 -1.457372098721380627e-01
4.855326241181928681e-02 -2.470853856795010850e-01 -1.879202065069816296e-01
7.552294243034489429e-02 -3.308332402495753888e-01 -1.698018885038218295e-01
-4.424619195070927241e-02 -1.811769640719883834e-01 -2.167218002195179793e-01
-3.891079576539208801e-02 -1.965782153666888465e-01 -1.708531373806472242e-01
1.384792787904320921e-02 -1.929911672317430327e-01 -2.255347606855580833e-01
1.961955565859051925e-02 -2.024482070591447080e-01 -2.604623144085849162e-01
3.491298928755647707e-02 -2.090579614651457141e-01 -2.115979303052019367e-01
-9.275131168900478673e-02 -1.764427573868652677e-01 -2.154402101986234441e-01
-7.579286189424770670e-02 -1.998086104297263632e-01 -1.790066629905725515e-01
-1.354017075136881576e-01 -2.297060673448746149e-01 -2.981933595049128805e-01
-7.810360462181316354e-02 -2.580119735926484359e-01 -3.244102982568397020e-01
-1.490567374747156226e-01 -2.905859800948167315e-01 -2.352981253742754408e-01
1.520200291276470883e-01 -2.078275517970053499e-01 -2.631892878588114604e-01
1.788261323892909038e-01 -2.169555198784757222e-01 -3.491156904291778940e-01
3.567151055467724374e-01 -6.407118898102141802e-02 3.975889670720197944e-01
3.614177008422550519e-01 3.536692693847308389e-02 3.902007055513724842e-01
3.463111822085488400e-01 -6.453826131892993756e-02 3.286191959833213994e-01
4.355692523503636449e-01 9.444394344020758114e-02 3.008337334122934692e-01
3.801168008890664640e-01 7.737360340972074257e-02 3.384456398128746768e-01
3.693846905454671870e-01 -2.858667558143999088e-01 4.424133707162127838e-01
4.394802416449066218e-01 1.396722574998433553e-01 2.514551590528830705e-01
-7.240734988183594734e-02 2.661556062976880854e-01 -9.972688565687257145e-02
3.889362346980335117e-02 3.461068023465984078e-01 -1.181073680775327900e-01
-4.119029644620796071e-02 3.099364576039937980e-01 -1.238910414666193754e-01
-1.060486911633577202e-02 3.697416543136852751e-01 -1.143282630362985747e-01
-5.568927857086332020e-03 1.735856011543294719e-01 -1.661446338654488236e-02
-3.631331804542109465e-02 2.435286246937456434e-01 -3.620086675793057068e-02
-1.309117433342208980e-01 3.642214786936834314e-01 9.295827506132714468e-02
-1.950068916923809736e-01 1.187053619811701544e-01 -1.210164286338486078e-01
-5.518876080504076659e-02 2.567334415038570739e-01 -1.791982852339866206e-01
4.653002014148558546e-02 -7.889083039030980737e-02 9.186862585653679525e-02
-9.690146939316461594e-02 3.019062632924817899e-02 7.726336411299145057e-02
-4.322681071041832856e-01 -1.892554998634211338e-01 3.679392873003944214e-02
-4.277505058928646742e-01 -2.053682659680902689e-01 -4.169207642384710477e-02
-4.272949602008802028e-01 -2.184790886988141057e-01 -9.125419790170440429e-03
-4.140631652692034481e-01 -1.911439501043318834e-01 7.971658965482142367e-02
-1.435512770844395714e-01 -8.027527845639406689e-02 -5.320083686706632981e-02
-2.167044223804537872e-01 -1.758542434241470998e-01 -1.354046690200868541e-01
-1.858659372961622147e-01 -9.520881893458085776e-02 -4.029483164282225000e-02
-4.521905121853381782e-01 4.765927350888028019e-02 -2.513139089530121439e-01
-2.842517560962030676e-01 1.811739466214386807e-01 -2.797656262939560157e-01
-3.021368710807925684e-01 1.773863017513324647e-01 -2.586545205447516871e-01
-4.279740529250073977e-01 -1.704306826128864916e-01 -7.581303809168683794e-02
-4.363596572444022881e-01 -8.262647213369410382e-02 -7.464027015975485679e-02
-4.300754346830905628e-01 -5.808323177636556117e-02 -1.118087828529065325e-01
-4.541608190624715768e-01 -3.370654818397195857e-02 -1.807456717222184484e-01
-4.217431027801947785e-01 -1.762001682946701397e-01 -7.530555784523383644e-02
-4.641924814386973464e-01 -2.245214227699284526e-01 -6.683404902549724969e-02
-3.141515629361587014e-01 -4.019620588549521201e-01 2.274304415891600928e-01
-4.369564860651195537e-01 -3.759897103929683571e-01 2.145948541170974722e-01
-4.819225786063145445e-01 -4.222391050464672779e-01 1.904432854238901629e-01
-4.032882662734175727e-01 -4.058971130068484423e-01 2.245855854648542704e-01
-4.414628932558681274e-01 -2.888117597830584526e-01 1.794400862154111043e-01
-4.622744073337237136e-01 -3.082123953068969247e-01 1.393724315369301858e-01
-4.272945890493130561e-01 -2.656436542688346836e-01 1.374725253405004177e-01
-2.802575985798303471e-01 -4.590288843138998209e-01 2.062058319736555789e-01
-5.836833890163622973e-02 -3.105263300457026254e-01 1.877964337231239067e-01
-9.148379940260192855e-02 -2.939633572631520919e-01 1.614651592126434831e-01
-1.270944636262634660e-02 -2.350629097665163092e-01 1.789672860241048602e-01
-5.689618261765810869e-02 -2.453513432834341645e-01 1.666285863124055411e-01
-9.850828673872069619e-02 -2.162560209244089038e-01 1.574036561915787003e-01
-7.272846838719500273e-02 -2.015820886870965667e-01 3.237032404068572733e-01
-1.289761687460702633e-01 -2.329720982762918668e-01 3.496810806029895802e-01
-2.272662429135851314e-01 -3.062087331194673356e-01 3.093512108965258967e-01
-1.318201896838633869e-01 -3.054921233914965617e-01 3.433209758008380352e-01
-1.325314047286403618e-01 -3.500860662433570858e-01 3.268435616266380239e-01
-1.804946070012987680e-01 -3.182963081847691722e-01 3.383296670034493525e-01
-2.219437444341489096e-01 -2.170985737902427493e-01 1.620145781304175026e-01
-2.254213354492149435e-01 -2.529109603532857520e-01 1.694708013351076403e-01
-1.420944361893934638e-01 -1.381473638312635532e-01 3.492869662892103544e-01
-9.590464086880848282e-02 -1.701367294181630185e-01 3.319070966841193848e-01
-1.350606348398383505e-01 -1.490972018114254394e-01 3.636892340120713718e-01
8.074552253532250867e-02 6.724415706461109310e-02 -4.541758932335620419e-02
1.092088888313538370e-01 2.606674135850042470e-02 2.731764605061841669e-02
6.699867301074050041e-02 3.302418957086762641e-02 -1.463762403557264669e-01
6.617737981778372414e-02 4.669086503746135847e-02 -2.042784705492619590e-01
8.857275768802416738e-02 2.094375694854998596e-02 -1.803876059065283588e-01
1.596264434735108761e-01 -8.741196732070170838e-02 -1.699701173725237380e-01
1.721126531166395912e-01 -9.280357415974029023e-02 -7.174278882594369022e-02
-4.102999339886655855e-02 -3.856795505429482240e-01 1.805779089011794736e-01
-1.199697132694304558e-01 -4.720785019818436457e-01 2.649706787232083416e-01
2.684740365403855827e-02 -3.897782389945714243e-01 2.132956886149215137e-01
7.370149508492468415e-02 -4.210836722805169074e-01 2.826671072144379404e-01
-1.944681878934318223e-02 -4.380760948254510678e-01 3.180971886365863699e-01
-7.984721595535429484e-02 -4.328187510409934324e-01 2.805599296597116044e-01
7.600072944457680890e-02 1.297649618826313411e-01 -3.203509891636769358e-01
-2.814098633476604383e-01 6.794686667702289073e-02 -4.810163249203054936e-01
-2.307572937712858430e-01 2.650123591247998123e-01 -2.849567613634085284e-01
-2.107073731118582482e-01 3.960982330758999193e-01 -2.444394456058154863e-01
-3.276850069549718802e-01 4.404938818469440465e-01 -1.689149331447790392e-01
-3.661025829384294550e-01 4.341956125840155667e-01 -2.141922386684652346e-01
4.847477435020163816e-01 1.770938038695491490e-01 2.366520658414106026e-01
4.571120480681422626e-01 1.707018027367104562e-01 2.352514149180080505e-01
2.915973430581456083e-01 3.089210991699159470e-01 2.403756812192157921e-01
4.387239850498838023e-01 1.869152361734151835e-01 2.197968312491045684e-01
-3.588154130582218437e-01 -4.628099320738081612e-01 3.718554563413164482e-01
-4.382804589552585228e-01 4.103728373600036838e-01 3.488316770721736071e-01
-3.883476145687665415e-01 3.703372996212750956e-01 3.053607936128716616e-01
-3.146671892185726738e-01 3.881205206994214896e-01 3.043759078916668526e-01
-2.223792060723718822e-01 1.159729697643787499e-01 -5.066864536162981984e-03
-1.162775012730448282e-01 6.356495228429542843e-02 1.078470318569485775e-01
-1.038347905768146062e-01 1.135644762137122676e-01 4.000868024550524593e-02
-1.062270846931282486e-01 1.568917143478726905e-01 8.111012660698059540e-02
-1.490774462923685761e-01 5.600925984612042247e-02 1.384846674772655384e-01
-1.781625783921424733e-01 3.502230910977328637e-01 1.198148406255776927e-01
-2.288688781313517329e-01 3.916482296992054302e-01 1.031490617796371190e-01
-2.137226784551468362e-01 3.001074874876262788e-01 2.349285350961957675e-01
-1.552780076342656079e-01 3.070244116496017583e-01 1.822352669765290589e-01
-2.404748229175935337e-01 3.420525114286965818e-01 1.783018878685181108e-01
-2.752640738476743731e-01 3.937553049984587883e-01 1.140766233005936631e-01
-1.903122788701138990e-01 -1.000333463631299658e-01 -3.465949455791871719e-02
-2.488015270630482556e-01 -5.857712798136222032e-02 9.892824446951807571e-02
-3.704062110932436203e-01 1.986880754325464626e-01 -3.406212665473700718e-01
-3.936158831337312480e-01 1.598759976614612666e-01 -4.161403125897585875e-01
-1.541790691474469732e-01 1.909013916740325834e-01 4.695131670757109466e-01
-2.279906543543943342e-01 1.631742448800907463e-01 2.936950827849634793e-01
-5.979244607464972994e-02 3.127409361040199565e-02 2.369319458471064177e-01
1.047551764418229170e-01 4.330700066208316157e-01 4.197445303437917774e-01
-4.625913241662815700e-01 3.494210076161428646e-01 1.767672410802869076e-01
-4.709375152356634620e-01 1.031140756557376026e-01 7.339499685675188699e-03
-4.832810710280888711e-01 3.083169416351687064e-01 1.742165344892349921e-01
-6.313200224575502006e-02 -3.513337759411215844e-01 -1.572059442132449636e-01
-9.882117270246926211e-02 -2.657230512574919046e-01 -1.437312946755641418e-01
-1.322823933334815738e-01 -2.978655086799898988e-01 -1.576362287467764911e-01
2.816274144318136122e-02 -2.697047133735093194e-01 -1.162172753052325563e-01
4.698075852450429857e-02 -3.089154184078297116e-01 -1.357586530883178322e-01
-1.433875202953592554e-02 -2.530353298988950450e-01 1.215916004139420796e-02
-1.334442700723004471e-01 -2.285573691976215682e-01 -1.178592374916207913e-01
3.223109030073575271e-02 -2.408422699220199581e-01 -4.282591245488496373e-02
4.438804588027663728e-02 -2.879878411061043142e-01 -5.301271956493649323e-02
-1.164833178341228015e-01 -2.195544425762508411e-01 -5.625475142558123559e-02
-8.915498806110681851e-02 -2.295480293319160370e-01 -3.320765779039281523e-02
-1.605020721165761888e-01 -2.663803742021374488e-01 -1.105123109536115533e-01
-1.778390139953641702e-01 -2.747313411777863590e-01 -1.435428093107839753e-01
6.143548220723461101e-02 -1.732246115816938603e-01 -3.422264152157640238e-01
1.390194118158650516e-01 -1.846291609796395505e-01 -4.117103760014450553e-01
-7.257677235167654672e-02 -2.569510585990369966e-01 -3.441734162942104436e-01
1.347687581110651456e-01 -1.214935944913956428e-01 -4.388277251803354151e-01
2.143622313678573976e-01 -5.312663789919545160e-02 -4.312423889154962109e-01
2.363794336798118179e-01 -6.723160550922845091e-02 -4.021327029339729076e-01
2.058315679729663950e-01 -1.088609054917629715e-01 -2.086547607521454517e-01
2.187872441662571665e-01 -8.581163830275481685e-02 -1.831847586319153565e-01
3.969621637747680065e-01 3.395624643370877549e-01 4.695726498063392262e-01
4.121832756402647457e-01 3.750380802107706191e-01 4.637922519782498587e-01
2.559118123561863745e-01 -1.413781505948914219e-01 -1.751015080863381201e-01
4.797358263029930514e-01 2.145634558412067294e-01 1.989846291766568798e-01
4.535151458506334610e-01 1.870820588209677893e-01 1.882059854997961412e-01
-2.728326442324366941e-01 2.532691922100883120e-01 -2.011697782579320859e-01
-1.194969440580435083e-01 2.735783504552073975e-01 -1.535242946661642960e-01
-1.023819910291546009e-01 3.053760469931547372e-01 -1.374816798843938315e-01
-1.847734736876690820e-01 3.425929547817705423e-01 -2.373146701983559481e-01
-1.762981158317643848e-01 3.141150475367120998e-01 -2.381142002502373844e-01
-1.424317413226716122e-01 3.102936718551067563e-01 -2.171132767088367888e-01
-1.780845654251769772e-01 4.224316823359416939e-01 -1.258705373815484085e-01
-2.735682093236150858e-01 4.229959216642681930e-01 -1.769066165412585823e-01
-2.424908814504808663e-01 4.081458080684056133e-01 -1.957577714710552197e-01
-2.377029040479376742e-01 4.248910252904131157e-01 -1.619884492885623750e-01
-7.876654456979337304e-02 -1.072993080426378476e-01 -2.529220917618125730e-01
3.247921197459496118e-02 5.739085615209583990e-02 -2.527193975474372745e-01
-4.363836013100377831e-03 -3.418822402860337284e-02 -3.008823399592911452e-01
4.033431615630630324e-02 9.808610285690361197e-02 -3.073579160484412043e-01
3.839123903548328012e-03 1.438259333607025403e-01 -2.940554719301896602e-01
-2.100372348936461742e-01 9.407455278348854366e-02 -3.077734182488285897e-01
1.793575444118155476e-02 9.370025362234370159e-02 -3.336673916521454286e-01
-6.395352438707277432e-02 1.317269649120850206e-01 -3.503611940077154818e-01
-2.386123437116078327e-01 -3.165431898504114105e-01 -4.720273995250921506e-01
-4.742371756544380701e-01 9.267339990107922865e-02 -4.801827061704714850e-01
-4.538728129846955062e-01 8.732172601286375402e-02 -4.590342820795310641e-01
-4.523476804179174526e-01 7.987393798837671977e-02 -4.968729170446710142e-01
-2.512473570787651656e-01 -2.230121045060203810e-01 -4.466470137815298780e-01
-2.213508671245863202e-01 -1.450195989702391941e-01 -1.598832120064397899e-01
-1.332612250303664425e-01 -1.444585917611888592e-01 -1.653202864217047374e-01
-1.845819524615057439e-01 -1.552990554865287254e-01 -1.373097943454481551e-01
-1.180444535212257090e-01 -1.171358883999282646e-01 -1.212033613292370915e-01
-1.387888699977919693e-01 -7.239666639671642201e-02 -9.179278160382813023e-02
-1.254642958379448003e-01 -8.195675751477250748e-02 -7.686847548858841139e-02
-3.213127471700017446e-01 -2.101521386705464678e-01 -1.165974147839770880e-01
-3.778089442715132362e-01 -2.079105096130328678e-01 -1.311051026091259453e-01
-3.826072522789377706e-01 -1.361291940217833896e-01 -1.166977243849907364e-01
-2.846802358040158576e-01 -1.527024582477383430e-01 -1.223777016391493638e-01
-4.255431347361007255e-01 -7.641195606772213655e-02 -2.096853363588960240e-01
-2.713097287126685075e-01 -1.247610622388099361e-01 -9.004848125554401617e-02
-2.619260544335241803e-01 -1.275878031757913533e-01 -1.686559662293311002e-01
-2.198923642423976366e-01 -1.416426132941400740e-01 -2.065273733690242974e-01
-4.802013140746753117e-01 -3.255064703919806623e-01 -1.531502182363144449e-01
-4.884873969318819786e-01 -2.477931351508483038e-01 -1.388088059713706302e-01
-3.961984213822938861e-02 -2.851077738944466852e-03 4.349564445653782974e-01
3.568098115665141457e-02 -8.546151455280824594e-02 4.720542948333638633e-01
1.227671180268081474e-01 -1.053380398663286005e-01 4.290927207018508938e-01
1.907525885244645281e-01 -9.557719067441362848e-02 4.248320168801134056e-01
2.295676023053416503e-01 -3.792503748507693173e-02 4.563314111499708892e-01
1.105724376335512488e-01 -1.311620795548431306e-01 4.544540575849115305e-01
1.209670575042382790e-01 -1.656834918351895447e-01 4.861580568927190149e-01
2.417086538197101286e-01 9.036842954552831708e-02 4.522984171004338361e-01
1.520060641474332286e-01 2.319789814880895973e-01 4.877720386349790882e-01
2.018911892446141609e-01 2.320079099237038756e-01 4.839596849150721858e-01
-3.737995341237289604e-01 -3.472037914439700113e-01 3.681055166646174381e-02
-2.907827488463726184e-01 -3.169512222759419684e-01 -1.241654478095763486e-01
-2.794646936186052644e-01 -3.599913165460330577e-01 1.694855315964427511e-01
-1.783489517030586446e-01 -2.951307496980797307e-01 -9.072838374571494391e-02
-1.587715119938328812e-01 -2.755260390756233413e-01 -7.331972863117848516e-02
-1.547441529099908009e-01 -2.370501953434509534e-01 -6.620881221793091520e-02
-1.464886677372543300e-01 -2.346899360955373159e-01 -4.955909887958999394e-02
-2.172697713618296778e-01 -4.702272151313932058e-01 1.323485739773357373e-01
-2.637595782366609076e-01 -3.908241202624518906e-01 1.087496836680525575e-01
-1.392036304605401842e-01 -4.711709987911611996e-01 1.491208815115737663e-01
-5.613217174383613312e-02 -4.735871603919389883e-01 9.473787736727201647e-02
-9.705444904163207376e-02 -4.426124811188463237e-01 1.206698701377955235e-01
-5.164400592074687435e-02 -4.748297983549974455e-01 4.666421030068258757e-02
-1.250085902418105743e-01 -4.543667015314712398e-01 -1.060343948901313199e-01
-1.296643322878571758e-01 -3.626397282963058077e-01 1.026610838628689848e-01
-1.752772655590521811e-01 -3.533699797860367919e-01 8.777875334065513013e-02
-1.044140944309898400e-01 -3.895645114341843573e-01 -1.014749233939853286e-02
-1.371841034253888647e-01 -4.090056118779906713e-01 -5.486374014979399777e-02
-1.785645997268811569e-01 -3.669192107014391246e-01 -5.953863129757872019e-02
-1.043055738746443001e-01 -3.432571778825210806e-01 2.664845051769364898e-02
-1.526950339897088504e-01 -3.506688685037103181e-01 1.978467431617532413e-02
-1.027798843567018644e-01 -4.917495499914755208e-01 -2.473421984820683636e-02
-1.280433337306471075e-01 -4.988552636817795150e-01 -8.565896607892108106e-02
-3.124490651549923295e-02 -4.717667928641584574e-01 3.086230896419203118e-01
-9.908992706119973404e-02 -4.808827571728638839e-01 3.050040690171619273e-01
1.458971451568588096e-01 -4.642980009890088633e-01 3.270188330036407076e-01
1.485195228160731962e-01 -4.758209431190559835e-01 2.969490023801631406e-01
1.151245201077348151e-01 -4.630234282876655727e-01 2.876057777991984366e-01
1.586737642162615869e-01 -4.833723183285670855e-01 2.623611358641323443e-01
2.088143462330694644e-01 -4.666676582291122699e-01 2.939248916829251268e-01
9.270498268107862927e-02 -4.293948209352362322e-01 1.986390973575689611e-01
7.413319098952420722e-04 -4.752150851395915976e-01 8.770600160704321302e-02
1.432870136517776921e-02 -4.536989763805506781e-01 4.674503276992415107e-02
1.282004670346760800e-01 -4.629860819266958250e-01 -6.519006759491903502e-02
1.045895031106583856e-01 1.559499946376851076e-01 -3.295510327440560605e-01
1.434106294744553756e-01 1.207219851975629699e-01 -3.235627877434231747e-01
1.831311240234372029e-01 1.191363522473145309e-01 -2.327035672220833518e-01
2.265183657427588815e-01 9.637720631325440157e-02 -2.299386612490723347e-01
-6.949315988106231912e-02 4.856513518826183762e-01 -1.223765529903343002e-01
-2.679117774821360154e-01 3.999397777503162499e-01 -2.834606018210294454e-01
-4.327223423924468904e-01 3.602864793645146335e-01 -3.199575422657481294e-01
-2.644936013426217314e-01 2.921439827408655598e-01 -4.575536731782778310e-01
-2.458551457855189248e-01 3.085368944319945017e-01 -4.178306973318861584e-01
-3.445798544447847278e-01 2.722772639027098984e-01 -4.242427949424231737e-01
-2.713569956130970073e-01 3.075045325801264440e-01 -3.421753513143489522e-01
-3.334698567558137539e-01 2.663423192189306454e-01 -3.594566153154741817e-01
-2.937514240048494929e-01 4.321752107028506984e-01 1.048469355348654874e-01
3.535073719699715067e-01 4.344188101150175396e-01 2.835786031030715915e-01
3.933831895421001645e-01 4.292761308972718459e-01 4.268141453581942302e-01
2.667033853603993365e-01 4.586606296065169897e-01 2.428280354386705697e-01
4.077037499129778086e-01 3.357883358787275840e-01 -2.780080769410506192e-01
1.041672397235848951e-01 3.907691032838935263e-01 3.244603172575043909e-02
1.078308355791024048e-01 3.357133218357375437e-01 -9.585646013663301490e-02
1.219446175321697162e-01 3.601555804038096831e-01 7.095643740897153440e-02
2.192676820125628312e-01 3.511449192317336876e-01 1.872315760488470482e-01
1.109504201785166677e-01 2.815014203014154504e-01 -2.589196486521889821e-03
4.044211329985589742e-01 3.239046276266667745e-01 -3.342630899514800746e-01
4.829168856707644064e-01 4.767025246621457435e-01 -1.537719006651105391e-01
4.955781383960913278e-01 4.054342293906019190e-01 -1.361573878809504146e-01
4.899131412592188095e-01 4.291401263731284832e-01 -1.212884499657491122e-01
4.922444199522818531e-01 4.615911503688353013e-01 -1.337291410323961371e-01
-2.567663455872070122e-01 1.309939208747440964e-01 2.896232785633288120e-01
-1.635695688769819856e-01 -1.163165924886318398e-01 2.783920185970762406e-01
-1.615624759499214858e-01 -2.089469170137457643e-02 1.955547206120842318e-01
-2.252452146926802179e-01 4.289495485169833068e-03 1.398874460218211546e-01
-2.017378194477713049e-01 3.379247768311317845e-02 1.472401862161276109e-01
-2.353081404535170285e-01 -1.501979834748442266e-01 2.197263240294243525e-01
-1.803821760595090973e-01 -1.502499229159088012e-01 3.236691266833217062e-01
-1.607039903654188251e-01 -1.159281426195690884e-01 3.754821332611594231e-01
-1.004271781780049499e-01 4.273891375075147131e-02 2.520189891619462608e-01
-1.367307427231403416e-01 4.188550435012856205e-02 2.001784260693499906e-01
-1.504172219479038008e-01 4.448145902301058052e-02 1.729393247040612036e-01
-1.079787493847177010e-01 6.629014072767622223e-02 2.313062143812395777e-01
-1.588153746111118647e-01 9.226868062971073370e-02 2.245793517867331335e-01
-2.675455634580857778e-01 -1.785256790597146148e-01 3.455711668944549397e-01
-2.227378491413848360e-01 -1.546093415448536457e-01 2.983652152726637419e-01
-1.737282682447143511e-01 -9.438546888050723671e-02 4.175000611733183931e-01
-1.501911825040633253e-01 -8.647283001272391967e-02 4.313860902528563468e-01
-3.527828519074358016e-01 7.916316256763339387e-02 -3.589398979965018749e-02
-4.069036974591121458e-01 -3.862688865179898096e-02 -8.566104332443054414e-02
-3.796145237761454072e-01 -3.917349393960189649e-03 -1.235542928796569406e-02
-3.522967964299967836e-01 -2.441831485345673236e-02 -8.540491587319880978e-03
-4.118709774225515208e-01 -7.693609817375957061e-02 -1.197747732011929245e-01
-3.875322976091748473e-01 -1.118092020387944086e-01 -1.448366315929697223e-01
-3.798294808137016587e-01 -7.951980591158004652e-02 -1.571960490224624807e-01
-3.577183236796479537e-01 -1.119962548547747822e-01 -1.071390081262680455e-01
-1.830982640910457926e-01 -9.853195969049388658e-02 -6.198718772201143937e-03
-2.275245964604925286e-01 -9.432180897918841789e-02 5.886661251242208265e-02
-9.060174344214855235e-02 -9.100054001281512872e-02 -2.428676787031848125e-02
-2.405239419184577176e-01 -1.123550306995288739e-01 7.489668014517798789e-02
-9.052672194931024596e-02 1.734177993199298440e-02 4.836846423287102792e-02
-1.435434085055449505e-01 -1.845949291512987145e-01 7.617767514224861591e-02
-1.501913434983718695e-02 -1.300520593647704615e-01 -1.313757514646874194e-03
-4.655747753580883469e-02 -1.395041969439162477e-01 -2.467063312244830928e-02
-5.270956188479149207e-02 -1.906740428285240152e-01 1.005080858740838023e-01
-2.835584402290438483e-02 -1.598656435588082236e-01 1.170779550620014708e-01
-5.183979835706217787e-02 -1.867571312556203234e-01 6.213167274169580610e-03
5.078208148197152320e-03 -4.413442718142510102e-02 7.491680901386170432e-02
-5.534850191218076976e-02 6.744713456326233147e-03 6.293371958752723427e-02
3.183762524553435114e-04 -1.854664553805981386e-01 7.552678439770273144e-02
3.012215257559344717e-02 -1.805969612760809639e-01 5.350113955613045036e-02
2.623844398319159082e-03 -1.851930315838057339e-01 4.659034635164568949e-02
4.410066705529714498e-02 -1.641813332754600285e-01 8.638408178277195981e-02
4.307965051626383435e-02 -1.294724433067706293e-01 1.014551650013035405e-01
-4.714264337636420166e-01 3.206985390802256641e-01 -2.691154843816098707e-01
-4.269436497129882602e-01 1.915038916546137893e-01 -2.947745224156028132e-01
-4.576408605690229781e-01 8.489125564651021916e-02 -2.626503710239238565e-01
-4.491022125092370976e-01 2.466192221207890445e-01 -1.481192703965113489e-01
-4.565680665288723850e-01 1.649902666945538554e-01 -1.119453500920303962e-01
-4.006690471381374463e-01 1.740846862836405995e-01 -2.441117580587001956e-01
-4.215848004228625601e-01 1.337280582877704571e-01 -1.764693411985849281e-01
-4.404028265200395365e-01 1.032482157503319675e-01 -2.201887024611769439e-01
-4.144019006574233277e-01 1.401476790402084449e-01 -2.353303260029964983e-01
1.168475654385823237e-01 3.388316398466449386e-01 1.463901178035124095e-01
5.479367644102868529e-02 3.749649729181753210e-01 1.179563002059088039e-01
4.406049114096630137e-02 4.111051790910242865e-01 9.595274290865923872e-02
-8.344694501470344139e-02 3.894071123923869560e-01 1.162540078843036923e-01
-9.870421626035098817e-02 3.287471479324858281e-01 1.941829991004279943e-01
-9.721989717459605940e-02 3.510905993535010094e-01 2.388294944599884118e-01
-1.214479028361785257e-01 3.937815133149213942e-01 1.260123618385346200e-01
-4.478172752039508153e-02 4.118378882256802376e-01 8.395666239121243879e-02
-2.100824361273196106e-01 -7.656301886135007118e-02 4.363614805036122868e-01
-2.682870434015009464e-01 -1.060457329198769422e-01 4.233304768233576709e-01
-3.052439920503082216e-01 -1.953597930328964949e-01 4.004858119818462958e-01
-3.708704241078426000e-01 1.407658338591636152e-02 4.753182385017612477e-01
-2.079276201200548624e-01 -7.423510315491231581e-02 4.657975871691157344e-01
-2.668605596753196862e-01 -5.410593929261042073e-02 4.648651023282849293e-01
-3.246617421966329631e-01 1.412872346187913838e-02 4.575436000357789856e-01
-4.777355520892618834e-01 1.086473712307496481e-01 4.461988118048417634e-02
-3.792860386546624274e-01 1.782361697199854322e-01 1.139997858098882183e-01
-3.250640919110269200e-01 8.459735680518963574e-02 2.868089754416163206e-01
-2.870996867243362782e-01 8.028379376752659002e-02 2.169891961226857457e-01
-3.553284626428377391e-01 1.493272842647445087e-01 4.803465797463614406e-02
-4.158786633780847120e-01 -5.150303946827049228e-02 2.340736591838178948e-01
-3.519050336459738082e-01 1.026966710762353824e-02 2.437132392140224924e-01
-3.074025439319740816e-01 6.518355241255856247e-02 3.259391397632840914e-02
-3.898178466438047551e-01 1.052126081291730464e-01 8.354230937610521157e-03
-4.273809475390573098e-01 1.052730003222985267e-01 2.113068960414393044e-02
-3.792101531710100892e-01 -1.099685245699668079e-01 2.060715984777393150e-01
-3.397466537277353260e-01 -5.468388356199288536e-02 2.174595779809129492e-01
-3.832920842351869584e-01 -9.867715278423457026e-02 1.096439862225714879e-01
-3.465382530315258003e-01 -1.255662923769686190e-01 1.615266118179601029e-01
-2.951223038987484948e-01 -7.873001389758869928e-02 1.872063009146054113e-01
-2.836389017993043438e-01 4.978151832787369724e-02 5.750345816474078386e-02
-2.620813887764947836e-01 2.533176960850075377e-02 1.708710301148692046e-01
-3.118647669968638847e-01 -5.870348735048074029e-02 1.044763747410604598e-01
-3.561670140373746074e-01 -5.056003151503733750e-02 6.671597733248098294e-02
-2.814913898001571435e-01 -7.688337746614733528e-03 9.587322029193638684e-02
-2.749600038114028422e-01 -1.471057462145490199e-02 1.492812921669287030e-01
-3.097589428960046964e-01 3.758616138963791209e-01 1.004451710875439163e-01
-3.458860163362542650e-01 4.299492168676825044e-01 7.554268424906668278e-02
-3.409679988102679582e-01 3.391634279026745080e-01 1.115211736352278576e-01
-3.643830532120124199e-01 2.754276418048927089e-01 9.774817757470793955e-02
-4.615355781856801398e-01 4.373972537000092031e-01 1.068267785051279783e-01
-3.268355288224126798e-01 3.749322182128273506e-01 -9.996469431885517121e-02
-4.362435056432905078e-01 3.476505560546370166e-01 1.345082348788296245e-01
-4.679550384727221846e-01 3.252397273487605545e-01 1.313850492926478541e-01
-4.008708636104227896e-01 4.719221046556000276e-01 5.595996920539423117e-03
-3.622467630179377895e-01 4.029371288078597013e-01 -1.084133720158338282e-01
-4.030018450483476289e-01 2.797702468723690106e-01 -9.331375954060772138e-02
-4.436842116605049791e-01 4.751664250031177872e-01 7.080719834332272616e-03
-4.685535336619582880e-01 4.704163066623330280e-01 5.917321940558969984e-02
-4.256919757890960110e-01 4.044082623891552264e-01 -1.542273397700079651e-01
-4.430094204044357498e-01 2.859945708740445625e-01 -1.210054661932161851e-01
-4.905705769565085750e-01 3.259452435850248575e-01 -1.813624824196503060e-01
-4.836422112385829197e-01 3.387653306856646673e-01 -1.556273068418618233e-01
-4.845254679694386418e-02 -3.553183222539506581e-01 -3.853272347474867576e-01
4.975012873797207691e-02 -3.690405609512077967e-01 -4.274862089244370611e-01
-1.111023626025081368e-01 -4.533421739423985630e-01 -2.029470590198958480e-01
-4.076221876317936282e-04 -3.975044153762656851e-01 -2.129145409308005610e-01
-7.208655775774427954e-02 -3.560702367602096574e-01 -3.099777950576770857e-01
-6.945561312939052545e-02 -4.001846663158069584e-01 -1.890459909961224594e-01
-7.163966098253611581e-02 -4.586232102477549311e-01 -1.782198121165059213e-01
-1.191467123424252567e-01 -3.568815670624274072e-01 -2.621970572402501087e-01
-1.589508894107611314e-01 -3.944329981194218404e-01 -2.634416368532689900e-01
3.249018160286137324e-01 -3.350086685458399938e-01 -4.615867221015556021e-01
1.820267800787253865e-01 -2.852331495419605512e-01 -3.774067819917860667e-01
3.359251130946583896e-01 -2.720814574975372047e-01 -3.850142068858051214e-01
1.056342113161538865e-01 -3.813945475689157760e-01 -4.114946850148333279e-01
1.511602275056904698e-01 -2.858976945150888960e-01 -4.508557453631150125e-01
1.109995948138898791e-01 -3.689242608352888975e-01 -4.456376107771332085e-01
1.512747569551644022e-01 -3.302921308698801850e-01 -4.664954950663967037e-01
3.959147706788850862e-01 -4.184455589034945522e-01 -4.596761227465857025e-01
4.548135359354898988e-01 -4.006317622556293534e-01 4.558499443320318534e-01
3.973071220288376670e-01 -1.112890094577081990e-01 4.188546795733892880e-01
4.211323180465484928e-01 -2.178749608821109462e-01 4.699131571054890877e-01
3.889187061725438155e-01 -1.352655106555566700e-01 4.559610000776254668e-01
3.202437627184899216e-01 -2.834354239645588414e-01 2.903385730636494078e-01
2.722058856011732031e-01 -4.550109345048471976e-01 2.193616706092805790e-01
2.946136458242989975e-01 -4.669426091263169654e-01 1.775871349907945373e-01
4.204132212976312566e-01 -4.764433232870144419e-01 2.379568974934491155e-01
4.771988358355787052e-01 -4.550265745877881685e-01 1.705227301711660370e-01
4.743824707281339426e-01 -4.767330843779922223e-01 2.153692359793139555e-01
3.004497532661372650e-01 -4.371631609114962624e-01 1.039340233634947347e-01
3.859491943151577287e-01 -1.770004979634818010e-01 -3.745055383854382636e-01
4.150247258520114446e-01 1.981856672251718909e-01 1.824711406475024167e-01
4.066913457962879064e-01 2.307057095610269837e-01 1.719996171873213464e-01
3.308185852350333245e-01 2.407490188672876952e-01 1.853544966097728786e-01
3.948724956127014907e-01 2.204889607268816776e-01 1.793481038231115321e-01
3.533633020592557017e-01 2.377937426371903862e-01 1.851066956352130088e-01
4.621096881344821661e-01 1.541020460799593095e-01 1.553506266220991416e-01
2.265466976149753120e-01 1.076801552463584055e-01 1.061068906741652190e-01
4.179497989310069217e-01 9.622895657771612932e-02 -1.420320003188982050e-01
4.764583841434616995e-01 1.566339135174708574e-01 -1.122152820748691382e-01
-2.216106195055074779e-01 2.084070042978561632e-01 -1.200518438439485691e-01
-2.526225712420666625e-01 2.430355683587327731e-01 -1.685976298021470421e-01
-1.632093983041189578e-01 2.529979836772472401e-01 -1.197969370201161371e-01
-2.510339998160286967e-01 1.826533567187069440e-01 -2.970020624915905433e-02
-1.538930845465016628e-01 3.008445475969585559e-01 -3.393598060759862867e-02
-3.202758724013077818e-01 1.994551787531489984e-01 -3.322520378651761669e-05
-3.309417293031850504e-01 2.554397386447819773e-01 -1.387719543605257615e-02
-3.338738263694670527e-01 2.735994065367516881e-01 4.136193353832760822e-02
-3.380625051640940848e-01 2.919828231255304218e-01 -1.228171812816017255e-01
-3.433900998891003531e-01 2.829211338237413997e-01 -8.759752589284601487e-02
-3.384418520896636529e-01 3.411578803129469151e-01 -8.856367565464716429e-02
-2.944170832166587704e-01 3.513276118491860389e-01 4.816590339039200641e-02
-2.819206197422591265e-01 3.605788148888579014e-01 -9.113409879731027008e-03
-1.720015762305642515e-01 2.489060263215082391e-01 4.570217156742597403e-02
-1.764408308332938435e-01 3.276557684415856153e-01 8.864991574734748525e-02
-2.288712223287270309e-01 3.752108700399405250e-01 5.259155411269660074e-02
-2.387826259660665029e-01 3.751443953062579273e-01 4.256175726001241826e-03
-1.269795336936077879e-01 2.889168613085494330e-01 -1.942606774100590072e-02
-1.354580050205495545e-01 2.856520910139791480e-01 1.593227808648801924e-02
-1.410398807798411425e-01 3.126953697743760641e-01 4.361508985972117197e-02
-7.473667006433590276e-02 -6.031060574516312889e-02 -2.165779009744616124e-01
-1.206359344240938714e-01 -6.053464207614187714e-02 -1.750379107825536795e-01
-1.797809366836330969e-01 -1.548124157019909256e-02 -9.919498479623131693e-02
-3.114244189620987147e-01 -3.141787482508918705e-01 -1.792185422012000096e-01
-2.506818466097792131e-01 -3.181139600975577131e-01 -2.297513511135984565e-01
-2.559011138538672125e-01 -3.536942632703319322e-01 -2.471223049704393271e-01
-3.587114858758551628e-01 -2.382585444839186717e-01 -1.818978372256731257e-01
-4.031434652629719562e-01 -2.228362728921864933e-01 -1.683808080711375332e-01
-4.472648443834399967e-01 -3.066737328895546288e-01 -2.097013127501747842e-01
-4.494277140371508161e-01 -2.369138923174320677e-01 -1.648436018179667562e-01
-4.880621898786004498e-01 -2.763355644971599578e-01 -2.935597494038850175e-01
-4.233466176161917449e-01 -1.513460761747389693e-01 -2.407014761595025754e-01
-4.574874552542302353e-01 -1.999592964058071187e-01 -2.465247037847401179e-01
-3.887580743384483339e-01 -4.659358156387884975e-01 4.455646713276191773e-01
-1.126409550387670738e-01 -3.158561189113613943e-01 -4.741294901556083463e-01
-7.090113360630521944e-02 -3.644073576246079638e-01 -4.494977952934769982e-01
-2.504556583135941067e-02 -3.764444946491741772e-01 -4.530309926549305199e-01
-4.161161454983930419e-01 -2.733043137484107363e-02 -4.430870834023294957e-01
-3.979749777340917394e-01 -1.468988743536695507e-01 -2.811684884292913189e-01
-4.633852781117691055e-01 -2.172828436909171879e-01 -4.765503672541389624e-01
-4.802727623618797126e-01 -1.982488197734776636e-01 -2.998093858314516691e-01
-4.882975139897565708e-01 -2.297357768479201534e-01 -3.106462842964518578e-01
-4.324203875013403198e-01 -2.387393099375263172e-01 -3.664936353696308102e-01
-2.667143199270380904e-01 2.175483977833672297e-03 -4.613021645143939864e-01
-2.263759204720395546e-01 3.967767475203060057e-02 -4.493878310941590293e-01
-1.930680458859616311e-01 4.221741955388627621e-02 -3.891278307405761638e-01
-1.302943056630522789e-01 -1.887049078973921656e-01 -4.625884305937154051e-01
-1.150434428914853535e-01 8.221322349070558921e-02 -4.576094860088301686e-01
-9.463715197208136254e-02 9.044891275680899678e-02 -3.944213950485948583e-01
2.380998301147122312e-02 -1.091507166606310864e-01 -3.871086235981209267e-01
3.514595402583466782e-02 -8.292087794063060513e-02 -4.125684711233316704e-01
3.135238016482389499e-03 -5.657349681234461608e-02 -3.553082237603285010e-01
1.238574312951812133e-02 1.803069144453247480e-02 -3.768542748964642253e-01
-4.782630469684510943e-02 8.275245282563629956e-02 -4.742644881599827889e-01
-1.616739177818986295e-02 5.819930561191006407e-02 -3.831462872065238834e-01
-9.684590588301469904e-02 3.689247845066971898e-01 4.030708514940050113e-01
-7.434772229759147033e-02 3.130440022207017225e-01 4.498835793793217741e-01
-8.054024373667015291e-02 3.157817252389221729e-01 4.787068127709602217e-01
-1.409288676023189302e-01 3.880747044224132636e-01 3.440847373860713709e-01
-1.646544249108690405e-01 2.223864243360443305e-01 4.725700829735035580e-01
-7.447385884549498347e-02 4.416815453024318661e-01 4.270365499168224388e-01
-8.626904934585447049e-02 4.553538993859829742e-01 4.053685676206854049e-01
-1.090449187198510861e-01 4.373129449845687966e-01 4.581653303392653198e-01
-1.139069854358135819e-01 4.714563092057358906e-01 4.430232998734063843e-01
-1.330486422416014003e-01 4.456854580543009869e-01 3.547947857606534305e-01
-2.403312639715756704e-01 3.243355360138799326e-01 3.329413493198209451e-01
-2.673089600009502798e-01 3.863794423334503958e-01 3.425715484015885992e-01
-3.685049591742349251e-01 -2.563328475778374194e-01 2.208009791471794020e-02
-3.723172521929266621e-01 -2.978542690005213656e-01 4.010357576858025741e-02
-3.257659650971132526e-01 -2.162055522267413432e-01 -7.785105788022353424e-02
-2.830111746737040690e-01 -2.825758150352156717e-01 -7.833711118277258967e-02
-3.852203793730433201e-01 -2.445312008626976952e-01 1.215481403985658182e-01
-3.828025795488151917e-01 -2.147999961703198624e-01 8.634950530242940792e-02
-3.671815132736753196e-01 -2.882185874919924728e-01 1.089240637574524911e-01
-3.297055768267250775e-01 -2.940909599589677237e-01 1.192839903535444918e-01
-3.421614130352780836e-01 -3.068454294069516974e-01 8.419961297842545878e-02
-2.254323416205700203e-01 -2.466378088787500311e-01 -7.836706254008594941e-02
-3.202703918162481123e-01 -1.575707391317248685e-01 1.369329654437792254e-01
-2.404581878849123833e-01 -2.109804935939280646e-01 1.326554343435631111e-01
-2.179808730517860393e-01 -1.893529145210027520e-01 -9.416898744089340079e-02
-2.679458471422541677e-01 -1.823162162967215116e-01 -8.576678856021430208e-02
-2.171997016814228854e-01 -2.214862747901640561e-01 -6.515669830594288114e-02
-3.639477683852778700e-01 -1.590977854451701978e-01 8.680059283753258081e-02
-2.396900573339587337e-01 -2.586821419626531560e-01 1.351282607371961930e-01
-2.785275113709483885e-01 -2.841321854008064807e-01 1.441445207443275145e-01
-2.391432059507397900e-01 -2.680680175896256179e-01 1.009557550409113658e-01
-2.033164132007731217e-01 -1.654582328842233163e-01 7.970718202283945397e-02
-1.908277724151390131e-01 -2.244594727705165882e-01 -1.162073339088724212e-02
-2.204052532191612679e-01 -1.548608069995974501e-01 -4.624768419625028409e-02
-3.290627999949549687e-01 -1.104546379889752294e-01 1.101939345556938593e-01
-3.246874541552748905e-01 -9.666836339929890665e-02 1.189283476643626519e-01
-3.372994230307946872e-01 -1.123670804340029250e-01 1.363258096222352833e-01
-3.086033118753270799e-01 -9.671233279711539954e-02 1.048228020973404895e-01
-3.195852209300698576e-01 -1.142337342313050619e-01 5.680679763446023350e-02
-2.053370468965951545e-01 -1.270118287477793317e-01 -2.002110843202249690e-02
-2.469595055781996229e-01 -1.453992057480674449e-01 -3.015030959661291199e-02
-2.026671853189559447e-01 -1.267753730714711591e-01 6.983075188894208307e-02
-2.227223812219094323e-01 -1.232751560362172066e-01 3.604409958513214718e-02
-2.504431633662949075e-01 -1.189002037259889455e-01 7.693341878847302640e-02
-2.925525785736040607e-01 -4.047203853255336714e-01 1.465031161114993714e-02
-2.306150263783981469e-01 -3.958419114359170710e-01 -5.560615847835679443e-02
-1.923552864851915123e-01 -4.734320256532021376e-01 -1.196111740349038860e-01
-1.712030784468931144e-01 -4.449649968900750152e-01 -1.000292964711082533e-01
5.595509014063005521e-02 3.287971551476926990e-01 -2.466604559463921875e-01
-2.036963131754100653e-02 2.892871736813586447e-01 -2.290554220155256726e-01
-7.105368249913684986e-02 2.998708810855986173e-01 -2.708509987261447094e-01
6.803042838511957902e-02 2.470870418852538497e-01 -3.129268554661148172e-01
-2.364950049441221641e-02 2.063529383727424893e-01 -3.008087838571049111e-01
8.622238336397983205e-02 3.028557709031812206e-01 -3.801340901291476726e-01
-8.330358381857717875e-02 1.974000506150931367e-01 -3.359024065183532359e-01
-1.394445738131681323e-01 2.417970481231176139e-01 -3.137003934377569081e-01
-1.455225981615918540e-01 2.493163260900080613e-01 -4.687756161901641683e-01
-1.867659449437098218e-01 3.010110401185755458e-01 -4.539576435655066633e-01
2.196607712613445895e-01 5.303013400197885419e-02 -3.762648813051452934e-01
2.146846361118831814e-01 9.101085249911482211e-02 -3.407768322435761332e-01
2.559833276004227498e-01 1.341386827239124668e-01 -3.905657230809626568e-01
2.525224888548573410e-01 7.902053456076384153e-02 -2.982948355492089365e-01
2.739289390280638670e-01 -5.596153718786342490e-02 -3.794951370014534864e-01
2.521407590032524459e-01 -2.058711485228712640e-02 -3.023459666723032346e-01
2.917818832065047219e-01 1.001360258435077533e-01 -2.536489325111173088e-01
3.945436489344453790e-01 1.783330829120896577e-01 -3.573929172064763682e-01
3.558689210264299740e-01 1.606158175274419453e-01 -4.231775738396070241e-01
3.460571804421662123e-01 -1.032120305961394674e-01 -3.919820032877062710e-01
3.810173994654932339e-01 -1.140766351595422778e-01 -3.934263186286852676e-01
-1.701716866265680639e-01 4.809839943392975603e-01 -9.089778241482319998e-02
-9.832237457111937806e-02 4.690068107254938279e-01 7.519482061607374312e-02
-2.456806304611723613e-01 4.391019810012625757e-01 9.600522024877138072e-02
-2.055369004477201333e-01 4.250221479417725101e-01 7.651454112008339303e-02
-1.486157931968170032e-01 4.516322254506068834e-01 1.017409470744472938e-01
-4.512317648604839415e-01 3.974437594014535446e-01 -3.858500790639355360e-01
4.348491513829239041e-01 4.554111085518047775e-01 3.771592366195139490e-01
4.688901554221898138e-01 4.541855295994814412e-01 2.300591078350417984e-01
4.148466992647736884e-01 4.807367542576385655e-01 2.616827397085476070e-01
4.563970101689470704e-01 3.001038901311561258e-01 -7.469614519127090735e-02
4.254632039891006468e-01 3.357412856707436277e-01 -8.022583713343270362e-02
4.415559259826133953e-01 2.154497684835832427e-01 -9.756358544874139949e-02
4.232516027105897582e-01 3.225530995451686977e-01 4.925793294414507889e-03
3.985624817727934643e-01 3.538672939768950920e-01 -1.478071814737757887e-02
4.020073577562721656e-01 3.722165730456152843e-01 -4.538422704700854904e-02
3.271787193168835817e-01 2.737247542089274455e-01 -2.167322243422365735e-01
3.818749193103365691e-01 2.509353947057915146e-01 1.041036675823865942e-01
3.551841211102794715e-01 4.069513530605031737e-01 -3.331338887900148898e-03
3.399910199887682394e-01 4.011391460873616199e-01 -4.953640876122804293e-02
2.223597363802881643e-01 1.449863684987977297e-01 -2.061319751171106773e-01
1.615375522561934840e-01 3.231694920750597388e-01 -1.806423358192297546e-01
1.912811426844053253e-01 3.336510252655124353e-01 -1.977798661686739623e-01
1.660093418949022404e-01 1.417353832557865512e-01 -7.366282521052888374e-03
3.538741613533673003e-01 1.181382465156790712e-01 -1.465022589757729865e-01
2.839605870309360180e-01 1.142895307150374878e-01 -1.206904399207029688e-01
2.917683858971238386e-01 2.341604734263661447e-01 1.597618020052740395e-01
2.725796882230399065e-01 1.360170921689663470e-01 -2.118115773998941742e-01
2.479935489628486145e-01 1.269502054893250909e-01 -1.986357126025523334e-01
1.859011153427983509e-01 1.295798850532120516e-01 2.255249494898583368e-02
2.230283837764349408e-01 1.385664135261623353e-01 8.293715072386736997e-02
2.226937938659661886e-01 1.241705237845276144e-01 1.533651700330964512e-02
1.485678395757865644e-01 2.276770206907624272e-01 5.424037356890527156e-02
1.406688744444352934e-01 2.655755329412580745e-01 -3.593361909626828499e-03
2.410621840446613984e-01 1.945114800143905587e-01 1.371536980517981119e-01
2.727905154967837920e-01 2.531502448486638857e-01 1.850216750327627890e-01
1.796773294486201378e-01 3.681197311960039964e-01 -1.816980386781137380e-01
1.002846360236300249e-01 3.798828710978621181e-01 -1.822647540996726601e-01
1.229230602507829784e-01 3.421734847510775057e-01 -2.057172605362478646e-01
2.120796846428926186e-01 4.687812903283904986e-01 -1.548359521567200803e-01
8.041160781248053724e-02 3.849304594176244931e-01 -2.102245969408853554e-01
9.827635308981287621e-02 3.647997849723825237e-01 -2.364135377071525101e-01
3.433002704184293652e-01 4.217102875843933285e-01 -3.709391248607310509e-01
3.511027835994848245e-01 4.716635077063486281e-01 -2.862009667270647983e-01
3.705530173942302996e-01 4.039248746065148832e-01 -3.170283271335626596e-01
1.084441510542399068e-01 3.639676698571919222e-01 -3.537992585511926524e-01
6.511446023040300124e-02 3.766187565238281465e-01 -2.475074801086718790e-01
3.686812952632571583e-01 4.288273513768437462e-01 -3.962495013683543510e-01
3.930607386071800491e-01 3.820314385848732619e-01 -4.005670899188155110e-01
3.522912196406768892e-01 1.838126139396471792e-01 -4.530583769918724579e-01
2.610282424289844250e-01 1.527067282838923956e-01 -4.463118702989822828e-01
-4.950322270006130565e-01 1.768087560311962514e-01 3.557881171640011053e-01
-4.899303202029619553e-01 2.134779746861302230e-01 4.326847301759708664e-01
-4.474898133779715015e-01 1.803254026776986985e-01 3.208846270529496780e-01
-4.869486353145340840e-01 1.021072422550665798e-01 4.338032484511004094e-01
-3.786835098391110876e-01 2.903897617616031379e-01 3.711223954962203919e-01
-4.561197969470709990e-01 3.161001305542426865e-01 4.447621059194247217e-01
-4.739348701167742095e-01 1.189254608077124770e-01 4.546893627847550245e-01
-4.766119124875166646e-01 1.011188218479296824e-01 4.658643757309025024e-01
-4.543806551840655628e-01 6.133247457065215541e-02 4.620830282191797367e-01
-3.495967881297001867e-01 1.128216424673549878e-01 3.327891443008708650e-01
-2.912043090446818083e-01 1.104085983308678159e-01 3.395672081503666173e-01
-4.681285271160934847e-01 9.148048920853643629e-02 4.820548298722075464e-01
-3.026719300891249076e-01 3.316344681514193926e-01 3.864828745023002887e-01
-3.533198497115005443e-01 8.194323201228452536e-02 3.672401434182656632e-01
-3.419825224560825716e-01 5.864024003103852911e-02 3.926496049344928019e-01
-2.444559617419156394e-01 1.555113606686501226e-01 3.433673453716378776e-01
-2.111046507743652434e-01 1.749705958893436886e-01 4.350267184463627590e-01
-4.157383072572356508e-01 4.069078052310920457e-02 4.381856662303690864e-01
-3.875836455338438902e-01 4.828780070167953964e-02 4.776151288566806707e-01
-2.527152528435333556e-01 2.582325701568118359e-01 3.760052423307860825e-01
-2.274405006878210678e-01 2.315042099698264022e-01 4.457466562054615000e-01
-3.419675772648705925e-01 4.618093060636659086e-02 4.916337501981213332e-01
1.490433987864784593e-01 3.414791679912529965e-01 2.392742279101555680e-01
1.749842083793805569e-01 2.983375260056420064e-01 1.774181527733557917e-01
-6.101275240880751904e-02 2.990955374808290657e-01 2.084387168983940219e-01
-4.724811491159671556e-02 3.182217970968688192e-01 2.621212008195852317e-01
1.817113887771384106e-01 3.141391017392607399e-01 1.739935573793377210e-01
1.661851482800938418e-01 3.258430800437965846e-01 2.070010220495362152e-01
1.525614635847866718e-01 3.117127615074010705e-01 1.728613448382969042e-01
-7.923744703341027706e-02 1.660774186908378358e-01 1.646679381194878777e-01
-9.208700175269862731e-02 2.047179779360539520e-01 2.076265691915176459e-01
2.266075708136444378e-01 2.747568550207035165e-01 1.904891519280215439e-01
1.919382409618003160e-01 2.802238380395396522e-01 1.893620287937549107e-01
1.889997688395113340e-01 2.093436933881713258e-01 4.318744832876744155e-01
1.708954258589587272e-01 1.434163650010213120e-01 1.982043352977310158e-01
1.770295160412617141e-01 2.543230617043234498e-01 1.421736002713752944e-01
1.664654297866579591e-01 2.743611042980868553e-01 1.125237457974342659e-01
1.270487745998850893e-01 2.369601612838705407e-01 4.611758229850528301e-01
4.909463056960659821e-02 7.344841408463193000e-02 2.508438176500532579e-01
9.266890580834452606e-02 4.837432843897074286e-02 3.237064302336992161e-01
-9.982965695569662179e-02 9.407315642730929017e-02 2.349196417313088869e-01
-1.048467584768471295e-01 1.456982378206509443e-01 2.481189844204775286e-01
2.359911113187751763e-01 2.605622863719610494e-01 1.846916421636016770e-01
2.116286779518385675e-01 2.698197446711500525e-01 1.715198652759436782e-01
1.432094780174694437e-01 8.827777320824056750e-02 3.247621126318463447e-01
1.914193906492502872e-01 1.475893405321387075e-01 4.014718023846478023e-01
2.096847457464791897e-01 2.182798994329274156e-01 1.815819080732814228e-01
2.247008818305479827e-01 2.252157336356432893e-01 2.005015323282973438e-01
1.727386573075006537e-01 1.215341524926768085e-01 2.720385685424070998e-01
2.073740368624837904e-01 1.729525932305321645e-01 3.062454673764877233e-01
9.482549899929813841e-02 2.872273186675414203e-01 4.456656582039614234e-01
1.031625508869790930e-01 3.273363596333973558e-01 4.019934091628503126e-01
-5.958805124405922027e-02 7.723731770265020169e-02 2.474092987824094148e-01
-3.842138463304935886e-02 7.183448127377750625e-02 4.011832455519304674e-01
-1.979431378350649667e-03 3.047084316467383869e-01 4.310877794959062093e-01
-5.398772888091295241e-02 3.076304447135865261e-01 3.808074500862377310e-01
-6.897120889264207744e-02 1.599283719953689120e-01 4.330551012500704622e-01
-1.586985781374933291e-02 1.022168768072463374e-01 4.336867695004672507e-01
-3.799378736623498787e-01 -1.878206816715249639e-01 3.612867462419229736e-01
-3.980157354131241276e-01 -1.431950158417181485e-01 3.948052227129049685e-01
-3.827860326207410124e-01 -3.394399553349599086e-01 3.292241353428950745e-01
-4.163577209572424387e-01 -1.747519950059183425e-01 2.694905801673889156e-01
-4.661717038707253180e-01 -1.165952883029828246e-01 3.655374366790431484e-01
-4.549476067139421320e-01 -3.325217144008780767e-01 2.635681872940022763e-01
-4.483383224567208392e-01 -2.678958785817333044e-01 2.521544812052575746e-01
-3.304838569488856015e-01 -2.239927400215295794e-01 3.936001985602254893e-01
-4.778605235275171226e-01 -1.434230413507381341e-01 3.060885710816267924e-01
-4.513784646535002332e-01 -2.596967970438241458e-01 4.810823050541124801e-01
-4.357367907651311656e-01 -1.914396420909210972e-01 4.862015446182418876e-01
-4.202521753159690898e-01 -2.238260419429736192e-01 4.559145755630405472e-01
-4.165789303823831946e-01 -3.842701062902922349e-01 4.681304341219987841e-01
-4.347420508076568213e-01 -3.604208643157792991e-01 4.866677290902060582e-01
-3.132472636110698594e-01 -2.447140526249904358e-01 4.074719967701421752e-01
-3.986381533753580175e-01 -3.443640630020257110e-01 4.444078848944614801e-01
-4.532355650446880380e-01 -3.463296907010609549e-01 4.647086879480445409e-01
-2.985271652559443600e-01 -2.886425042229106008e-01 3.931195309974501728e-01
-3.241045600437032492e-01 -2.581931209593725240e-01 3.918418921624722273e-01
-3.614641756463557454e-01 -3.090054706023164788e-01 4.039443165558000426e-01
-3.613756918703507903e-01 -5.292384894183321808e-03 -2.485727796664066042e-02
-3.450234499081281658e-01 5.524157759508091514e-02 2.464131682479692512e-02
-3.556987093609494388e-01 4.897615126816438902e-02 -8.677686722674314915e-04
-3.557681274253559067e-01 7.495392332540834479e-02 1.220409297562347062e-02
-3.413814967311036841e-01 8.263468380602280450e-02 2.258168767571379354e-02
-3.349789766710645211e-01 7.856020153365025904e-02 -2.456305177417917457e-02
-3.608178288760781616e-01 8.573842761039222882e-02 1.614760464383918973e-02
-2.476613937781199926e-01 9.431552516839680766e-02 -1.636540607674601307e-03
-2.041970704015808047e-01 5.652705346543639153e-02 2.666135556488903602e-02
-1.822243673335378067e-01 -7.322555722554446520e-03 -8.067327345854861942e-02
-2.068929655409071922e-01 -4.292359945381105102e-02 -6.772823386278779834e-02
-2.819154793958788541e-01 7.527565559123773620e-02 2.169495981566055623e-02
-2.548065902739876099e-01 6.666792183952588435e-02 2.196474317796579673e-02
-3.064920596445838696e-01 7.268049532246902145e-02 -9.723685012528550387e-02
-2.805939467277884791e-01 -8.997495770945629356e-02 -1.136670506409705184e-01
-3.017714411428342736e-01 -1.150110419437564840e-01 -9.502036505690458768e-02
-3.033445042001419178e-01 -9.028894335238964175e-02 -1.061044424873101161e-01
-3.271626459368263129e-01 -1.094532124570575526e-01 -6.111868810779177985e-02
-3.164738595355127138e-01 -1.030659661248777559e-01 -8.545377769196622897e-02
-3.240741497286322992e-01 -7.091035001641549096e-02 -5.086013531667623461e-02
4.419604738922854881e-01 -4.282328610481814790e-01 -3.845578466484808611e-01
4.572157343406353935e-01 -1.552829417590344541e-01 3.720313786865337424e-01
4.107299073735948824e-01 -2.977647537693696722e-01 3.261352000433130338e-01
4.484073614922391982e-01 -3.438032819196833456e-01 3.210629321588743812e-01
4.291387224444587756e-01 -2.259479091419892005e-01 4.329979538287770380e-01
4.141253580100698328e-01 -3.022943665870577168e-01 4.511366472947630490e-01
4.612665646760132354e-01 -3.467458966422877764e-01 4.316608752722894682e-01
4.213586573468443008e-01 -2.157980949248020919e-01 -2.279632792018206414e-03
4.673902171766388669e-01 -4.375853696394366721e-01 1.181041067346113582e-01
3.422947931613885553e-01 -4.004933605012641618e-01 7.615535710258837521e-02
4.813533556440430239e-01 -3.926089841081131238e-01 8.363775269883809427e-02
4.468877314735656969e-01 -3.942704444953281651e-01 6.837921224028029044e-02
2.929973236993904107e-01 -4.558470756097315335e-01 6.747403258202339105e-02
2.833823195833529152e-01 -4.479498283211991727e-01 1.961565616279178914e-02
2.983139953734673666e-01 -4.320502535540677869e-01 9.510871528396802610e-02
1.143876311296587178e-01 -3.084498986614332416e-01 -9.801863350235933206e-03
1.119458964350030505e-01 -3.635905113122860355e-01 3.769521746371299470e-03
1.593869126312958961e-01 -3.413021275949039146e-01 9.820336834142052995e-02
2.646972018979667496e-01 -3.489393652602658102e-01 1.310306451053252774e-01
2.757294957567257843e-01 -3.740593505550684483e-01 9.189769797776775606e-02
8.783238547140516383e-02 -2.084689832684717137e-01 2.039735140611721037e-02
1.869415637213575065e-01 -1.413822566600883845e-01 -2.469611816259247722e-02
1.315701244157337912e-01 -2.026382086151125306e-01 1.460195723207093621e-01
1.959783103885818223e-01 -1.160073859349901870e-01 -5.080304076470613245e-02
7.161669345432403189e-02 -1.695139989084302745e-01 1.131848179400571780e-01
9.620956736564391376e-02 -1.581029339810880452e-01 1.266956824496302814e-01
8.587758017543756228e-02 -1.758729211876991216e-01 1.406649778695076292e-01
1.087295613092198049e-01 -1.650283272728571005e-01 1.098142473782520723e-01
2.654572689490519166e-01 -1.925739238511297025e-01 1.793579906923640777e-01
2.839045629410254512e-01 -2.437158988234972012e-01 1.832500873740819380e-01
4.322623921421786530e-01 -1.160497858237730107e-01 -1.293740259931193404e-01
4.389676501438050105e-01 -6.885441782697418467e-02 -1.211610482766050795e-01
3.928072453525623398e-01 -1.033884356863718629e-01 -4.353092036483096616e-01
4.170418076051595757e-01 -1.203771951543670671e-01 -4.087798877749985182e-01
4.178411555109834974e-01 -1.609338585993884685e-01 -4.223017730213536325e-01
-1.308070439750978198e-01 9.584400604098744503e-02 -1.523278725768689168e-01
-4.710505207276953488e-02 1.138704442507223885e-01 -9.010054661772710916e-02
-5.428165585924001058e-02 1.294618437065670202e-01 -1.575649199959037461e-01
-9.546633317725726486e-02 1.154636436154642815e-01 -1.244988712512862528e-01
-4.344922883236303907e-02 1.030414245887244507e-01 -2.066539712635408754e-01
-6.848065369544334424e-02 7.328683255022355736e-02 -2.124291541396048921e-01
4.854521737701461559e-02 4.635763182284004247e-02 -1.524539569072208278e-01
8.217704597811932923e-03 6.466132747785174884e-02 -1.913145271985918494e-01
-5.765281276590516341e-02 6.465396038988727168e-03 -1.966873841870935558e-01
4.657332306992303245e-02 6.563413816867300077e-02 -6.537989737986135697e-02
-1.108324205974090503e-02 1.065523214282686065e-01 -3.066789832558311502e-02
-5.738176733274895358e-02 -7.483091434102999429e-02 -1.433232762585235076e-01
-7.322595047139596192e-02 -4.517635011791220484e-02 -1.747204371873658235e-01
-9.699524980240389893e-02 -5.484630325361478098e-02 -1.645411601186712036e-01
-1.173181362545329121e-01 -3.598471264969595185e-02 -1.394573318702701237e-01
-1.542636995133706279e-01 2.112360984869485897e-02 -1.381598507690369182e-01
-1.444324792579744672e-02 -3.926118147511692413e-02 2.728708327744202786e-02
-4.097510723398281596e-02 1.080161810988134602e-02 1.106768782401258353e-02
3.369929584467381417e-04 -4.364824909634698602e-02 -9.050433719949595168e-02
-1.542287538882601561e-03 -6.677334652758998290e-02 -5.430268874220164910e-02
-3.657737992280164080e-02 -8.083050536921219942e-02 -1.054706980688014939e-01
-2.687821123978033355e-02 -7.168094056726576069e-02 -3.309338855371180346e-03
-1.231646990836646610e-01 -4.481532807545062641e-02 -8.118172881449206568e-02
-7.788104567967089886e-02 -5.431109242885785726e-02 -2.889635313014402365e-02
-7.943409448300267628e-02 -1.869006371093673985e-02 5.791556923526631692e-03
-1.334717369188942460e-01 -9.659504952331369326e-03 -4.885117902624881020e-02
-1.464033150047897303e-01 -1.589247210664366389e-02 -1.142537146511530960e-01
-1.460745197806265772e-01 -3.849458701507859487e-02 -8.646959583993474308e-02
-2.363060764325222440e-01 -8.759905254237757011e-02 -1.834806493332724053e-01
-1.894612823649246547e-01 -3.252271564444125795e-02 -1.315166162570622910e-01
-2.100407151220038404e-01 5.649663587610050108e-02 -2.983734533917452580e-01
-1.661554508942622854e-01 8.375779578649311663e-02 -2.518044171686648625e-01
-2.648724165970379740e-01 -5.710474216342892317e-02 -1.464231817548887760e-01
-2.916517823026590350e-01 -5.776727595739835491e-02 -1.510337817091780277e-01
-2.099768387164362149e-01 1.031920918262959896e-01 -1.546278541356067293e-01
-1.777094428641388946e-01 8.068137889513078698e-02 -1.531002000066008228e-01
-1.835311033761513888e-01 3.553644000855220308e-03 -1.335301454179828595e-01
-1.918090335055001872e-01 9.085169892781162077e-03 -1.002484299133141327e-01
-2.392484809757781661e-01 8.117105915303976515e-02 -1.077317422446032874e-01
-2.815189667324696776e-01 6.957449977349505765e-02 -1.401121993308777347e-01
-3.088712283471451991e-01 -3.150155542835750833e-01 -3.564458734316861555e-01
-2.866020685248872879e-01 -3.496519669441140454e-01 -3.016782604602927798e-01
-2.977789932270297757e-01 -3.534289493233734869e-01 -4.355935301808994686e-01
-3.829319134024786186e-01 -3.986486471015538435e-01 -4.733261527254604695e-01
-4.138545874274234260e-01 -3.245576264333856487e-01 -3.790568287672971270e-01
-4.551094077146007888e-01 -3.416347352236837609e-01 -3.207354416461558055e-01
-3.821493404724730647e-01 -4.703667186458628247e-01 -4.845535523070545469e-01
-3.272388750489688691e-01 -4.996501970036961726e-01 -4.638539497331237715e-01
-4.381025447286982510e-01 -3.774740016098942497e-01 -4.243611127057236865e-01
-4.567148537186737078e-01 -4.100651662038576895e-01 -3.268412322732747177e-01
-4.638940141505388248e-01 -4.329178293811997702e-01 -3.748304461186860448e-01
-7.743593562905459748e-02 -1.780131293368518164e-01 -4.840323962353473841e-01
1.272010595672381714e-02 -1.210563683227865450e-01 -4.858827844145626740e-01
-2.359133957855813479e-01 3.998303204086159912e-01 -4.284838960779993045e-01
-2.308333776022338801e-01 4.432401234398156697e-01 -3.522477601200780795e-01
-1.148159963486788393e-01 4.147585197399673573e-01 -4.533276964819173971e-01
-1.590343640009837523e-01 3.962307075602432005e-01 -4.502195252000379400e-01
-3.831362283847388750e-01 3.283607158554305294e-01 -4.759817560625975164e-01
-4.175468732621090417e-01 3.865387778484605241e-01 -4.644803447523577766e-01
-2.602605809870056630e-01 4.328262959757983586e-01 -4.823175361489744906e-01
-2.911028582306209866e-01 4.816087758242417749e-01 -4.848055194516816546e-01
-5.392851862381013023e-02 4.764951077311130878e-01 -4.374449582427503147e-01
7.849939313013544473e-02 4.128775778786332173e-01 -3.403803521919714359e-01
7.371047418903230175e-02 3.916098155910173184e-01 -2.649015778544954736e-01
-7.785008804128189241e-02 3.945150184471657440e-01 -2.984418267736544395e-01
1.812989883952076733e-02 4.741288640601567517e-01 -1.992206039462760259e-01
4.891017157687470307e-02 4.580893467295130694e-01 -2.121530762443662455e-01
-7.077196013868833346e-02 4.377770818695855271e-01 -4.146267425066141321e-01
-7.856878534495244371e-02 4.381921503469888846e-01 -3.558736690639937028e-01
-1.456606208293894367e-01 4.227428413322728562e-01 -2.759497791791444832e-01
-1.549901594535247895e-01 4.608165604243843472e-01 -3.163164760797871344e-01
3.787026592169014938e-01 3.726722465357971692e-01 -4.568031188183717117e-01
3.585587993028059861e-01 2.923332736650072761e-01 -4.903963039819989600e-01
3.425609435137906278e-01 4.186377200175500635e-01 -4.485374779439399995e-01
3.303226682199958963e-01 4.564854620754941195e-01 -4.788514228153373797e-01
1.751666062278906533e-01 4.177362526997622227e-01 -4.366162852291735064e-01
2.813303084599086401e-01 4.362431389265813420e-01 -4.286361873821162294e-01
1.314364764676501651e-01 2.993094859829597554e-01 -4.677924505637143793e-01
-2.364301052832635808e-01 4.669025316234389766e-01 4.466412150128525327e-01
-1.823700677963098482e-01 4.769233216190318370e-01 4.303387978208877973e-01
-2.406132691087943531e-01 4.491834514368545639e-01 3.804415437760166885e-01
-1.961066266092844068e-01 4.562915006258070894e-01 3.983802590236467100e-01
-2.910296940235562735e-01 4.551274421300151585e-01 3.408300713742662413e-01
-4.573386108793170979e-01 1.965647759952488666e-02 -3.671542190291332552e-01
-4.608544732118310394e-01 9.088866695481670477e-02 -4.309282624140544637e-01
-4.717084392493420264e-01 7.934611649516302989e-02 -2.995452823118558983e-01
-4.642682852189120024e-01 1.176366893657032758e-01 -3.450236100372870429e-01
-4.688478893449955498e-01 6.606189820212368669e-02 -4.357283325350668757e-01
-4.615216994408800066e-01 1.964692808786261402e-02 -4.352128419597983133e-01
-4.607952355373856612e-01 4.307712779617101084e-01 4.058129197956943934e-01
-4.692419741317287452e-01 3.622188468431940533e-01 4.551425983878997217e-01
1.294128422523841693e-01 -4.136385004106399310e-01 -4.322549130602706402e-01
1.047386426962903239e-01 -4.669225975825523900e-01 -4.322157870867822660e-01
6.398507866485944606e-02 -4.759509886758779285e-01 -1.875788606599634034e-01
7.769215742964788451e-02 -4.303680757697215253e-01 -2.187641529017738118e-01
1.515490664611149063e-01 -3.872856407421651492e-01 -3.517119249045659313e-01
-7.211849749635104723e-02 -4.346313831569315056e-01 -4.551302489628867853e-01
-2.868737450401155353e-01 -4.759672560207381387e-01 -4.571607602361130729e-01
-2.018240378703796412e-01 -3.870188600256121436e-01 -4.781087523834036679e-01
-1.105800238865986274e-01 -3.924635444628389314e-01 -4.431153743602739281e-01
-2.459505010789517221e-01 -4.058693217510180862e-01 -4.311902068509957386e-01
-1.581265835237353756e-01 -4.325437579709468516e-01 -3.289268622693607980e-01
-2.233419717846968355e-01 -4.011808566824293654e-01 -3.554961851023593078e-01
1.671965002682382906e-01 -4.714332489168541751e-01 -4.682195787523633634e-01
1.542800993638549778e-01 -4.872467467869359137e-01 -4.467744970871786458e-01
4.422506572098205413e-01 -4.196526754321264763e-01 -3.272996569334287731e-01
4.596157499035020688e-01 -3.885862255656750697e-01 -7.466752108935414967e-02
3.185720150301752929e-01 -1.917523560081213496e-01 1.740285810836786629e-01
2.757769125439901159e-01 -1.520543335829692422e-01 1.879062564296311577e-01
2.291372459289085783e-01 -1.529169754335646947e-01 1.512112910023076517e-01
2.757030512345759465e-01 5.492539855194173565e-02 1.033770031957753494e-01
2.837517149399883531e-01 -8.108893195144806221e-02 2.135406422337982890e-01
2.327456025017765884e-01 6.149391973158578606e-03 1.494030572164364579e-01
4.442190805034503254e-01 9.132640659757076951e-02 1.459031526402520262e-01
4.506834727175165756e-01 5.018173529123469423e-02 1.041088399402571307e-01
3.679462407664829127e-01 -9.938784584334917072e-02 2.614131550616380362e-01
4.471443211852991206e-01 3.168098766423077528e-02 1.913167672157725929e-01
4.270434702293184337e-01 -1.201434140175476270e-02 2.392050396849167981e-01
4.107415100537046837e-01 -9.626551541133496204e-02 -2.845948695693338859e-01
4.115690373088788934e-01 -1.201446020331447401e-01 -3.476565856447919045e-01
4.540243663578309996e-01 -3.588402345455053710e-02 -1.646302650494712028e-01
4.199811793690730322e-01 -1.639898872167304400e-01 -3.317958309708903819e-01
4.596653911189619857e-01 5.218296539167548154e-02 -1.756389148283433177e-01
4.355669164805021643e-01 5.984741846457875686e-02 -1.997406414019251286e-01
3.994053551248291090e-01 -9.758043178959992237e-02 4.475459933106953891e-02
3.154031491908516061e-01 -1.827359260118044046e-03 4.898867855402747745e-02
4.155842750442760303e-01 6.905024689575472302e-04 3.878088663733505331e-02
4.413759211376438452e-01 -5.174601463272770346e-02 -4.347277676389446621e-02
4.391081059584126534e-01 1.311308478434337725e-02 -4.108139616290368973e-02
4.154555449723670857e-01 -9.151377391370640879e-02 -1.055442735862648779e-01
2.991664189171750476e-01 3.125657819786502312e-02 -1.744492173465156393e-02
3.048788844057326308e-01 5.170534759722924395e-02 -1.026292771558005301e-01
4.334037840943755215e-01 -5.025501648716132475e-02 -9.222571198522951097e-02
3.920536714810492485e-01 4.252987314155442372e-02 -1.117358052269603191e-01
-2.030247341081121981e-01 -8.361340792463828331e-02 -2.335075939490877939e-01
-1.601096916658366343e-01 -1.248626748526487362e-01 -2.366968040886605062e-01
-1.503754176211563875e-01 -9.334045380147602822e-02 -2.143571695305376001e-01
-2.054431160832537739e-01 -1.297270379296752152e-01 -2.221395084490195293e-01
-2.379296567723230005e-01 -9.720610337997938333e-02 -2.315031389177092114e-01
-2.027275702758489784e-01 -5.050724694209642041e-02 -2.652361110790813492e-01
-1.551823849756729934e-01 -8.952312179924716562e-02 -2.406436391836361266e-01
-1.278487800467259239e-01 -1.499900674538721113e-01 -2.542558000334168566e-01
-1.129684325480267287e-01 -1.220539945264352139e-01 -2.675136959242814250e-01
-2.071904614810445300e-01 -1.237675096186175230e-02 -3.100217562394209647e-01
-1.566128588936858967e-01 -2.124055979795823335e-01 -3.210111818357727631e-01
-2.120156941425857533e-01 -2.183112761486966924e-01 -2.740245010194726771e-01
-2.310247622295703851e-01 -1.677351311161277836e-01 -2.322814172499332031e-01
-1.172646969086207636e-01 -8.604673731908532575e-02 -3.762335455368422399e-01
-2.578484396502026543e-01 -2.254405769005351223e-01 -2.900789999883741643e-01
-3.071597852116287330e-01 -1.985070438748509081e-01 -2.495768344885585799e-01
-1.929717303483117763e-01 -3.917764158952641296e-02 -3.729507439658999446e-01
-2.399884013580251829e-01 -4.765409166583052525e-02 -4.215933711656942862e-01
-3.654579448900883709e-01 -7.584143696632107690e-02 -3.906568403838350800e-01
-1.341792465548468927e-01 -1.964294937925620266e-01 -3.694741236108288751e-01
-1.105885388606178688e-01 -1.396656516585545460e-01 -4.003590933710581834e-01
-1.448331503365979100e-01 -1.713484334638022688e-01 -4.150778776550858029e-01
-2.140659048658841990e-01 -1.897801982465008030e-01 -4.453751583610008891e-01
-1.733792602810456662e-01 -1.723425461020630656e-01 -4.526193727262198263e-01
-2.258519641314250537e-01 -1.329595735810901735e-01 -4.464498491078870979e-01
-2.662441566636332135e-01 -2.205679685969597625e-01 -4.044185170330935608e-01
-2.817242995564179786e-01 -2.432392835727301139e-01 -3.515898930114260690e-01
-3.580888548740937538e-01 -1.665237718510886311e-01 -3.163626578413020196e-01
-3.929379028865623291e-01 -5.116191051612650059e-02 -3.468093382774779521e-01
-3.655753388019322148e-01 -1.211146189371865300e-01 -3.015577480629351714e-01
-3.476742828090359505e-01 -1.884989650623625779e-01 -4.028211847412234703e-01
-3.584363131842334127e-01 -1.942386483099404482e-01 -3.547160301462388143e-01
-2.935871582136586611e-01 1.264446815279456626e-01 -2.334552280990272732e-01
-2.484213448142805480e-01 1.077590539604106612e-01 -1.990562817293873854e-01
-2.605172814283901461e-01 8.999636062483783172e-02 -2.305112275563994950e-01
-3.510214528414948854e-01 1.252989342774040726e-01 -2.162005004614127590e-01
-2.850441426504939924e-01 9.685385818945908831e-02 -1.668116781193865195e-01
-4.060699954480241902e-01 1.714457079596795261e-02 -2.386667116601023375e-01
-3.880610294465446364e-01 -4.679087278228231950e-02 -2.449891186405481203e-01
-3.372311614391400592e-01 -6.480334320594130504e-02 -1.728660603408635754e-01
-2.889417299035339504e-01 -6.642439942791292240e-02 -1.848552214547015127e-01
-2.866239682844224368e-01 -3.542839498910392571e-02 -2.861456021308074193e-01
-2.690752661349929964e-01 -7.468440189390843087e-02 -2.617239153951700370e-01
-3.606807580860508233e-01 -6.102880016493725940e-02 -2.862221990055404675e-01
-3.557392678486036575e-01 -7.844900637136570376e-02 -2.813112245143019607e-01
-2.919414933755098973e-01 5.221041430321950172e-02 -1.403172365274688027e-01
-2.686065061195621606e-01 3.673553188993750745e-02 -1.465374627419072928e-01
-2.876990377196075310e-01 -1.815884870965174189e-02 -1.521177272394668434e-01
-4.161575103812910625e-01 -4.770475845147815197e-01 -2.383018575348643531e-01
-3.982281773696147442e-01 -3.513181818544801049e-01 -1.924671421768429647e-01
-2.781955014852416919e-01 -4.316305579741412379e-01 -1.484556440677135825e-01
-3.924792024030326898e-01 -4.019525034079118320e-01 -2.241600275009378029e-01
-3.579915780238690504e-01 -3.902639314775426804e-01 -2.379127376955130491e-01
-3.349094633344856797e-01 -3.554648535360049322e-01 -1.683836018170498106e-01
-3.079111096043556928e-01 -3.945124793307382971e-01 -2.095771663007938435e-01
-4.601809444289402529e-01 -3.811929685119099798e-01 -1.204312921656491842e-01
-4.845009582304586337e-01 -4.252714974090062161e-01 -7.257720573903804484e-02
-2.995316684835202525e-01 -3.656730890941287671e-01 -1.271458100592322282e-01
-2.846447732009000919e-01 -4.025147297234782928e-01 -9.806374552118196641e-02
-4.124839950018706625e-01 -4.027964764822684063e-01 -4.378371253740617752e-03
-4.380728930603058902e-01 -4.324054313624723367e-01 -9.571339550195300666e-03
-3.737496232932643325e-01 -3.983044830643491796e-01 -8.918998666539387082e-03
-3.354437659307336062e-01 -4.220209351052499058e-01 -1.643227646977989814e-02
-2.717884881714207612e-01 4.797525033831907537e-01 -3.477832046239935915e-01
-3.805285270110179141e-01 4.676434991323233370e-01 -4.539058167567598390e-01
-4.284978419151578288e-01 4.468660760797881770e-01 -3.707640450555862444e-01
-3.838721944219561921e-01 4.579201649276556374e-01 -2.620350078423214213e-01
-4.013546506882595399e-01 4.307727952579222253e-01 -3.080217015437563544e-01
-3.246524334155286851e-01 4.545255193914611302e-01 -2.957402392885971620e-01
-3.695697199323648707e-01 4.762565099040324545e-01 -2.370755944513113223e-01
4.597397872370705407e-01 -3.296900327367310868e-01 -1.109227286617552044e-01
4.244143715114520599e-01 -2.520602436949491709e-01 -8.393660646879848308e-02
4.579797777304923656e-01 -1.872572036484078661e-01 -3.270777592118924715e-01
4.244107949768927135e-01 -2.086354591563936711e-01 -3.302748730539277200e-01
3.946502168046434056e-01 -2.827227250669008818e-01 -3.258814280981820466e-01
3.887167795910179691e-01 -3.431295553016772693e-01 -2.967857305569548965e-01
4.392145814060697817e-01 -2.298122776416909319e-01 -7.148096046206493803e-02
4.374311595165094047e-01 -1.960795663018824742e-01 -1.080001792555814744e-01
4.623659723871053062e-01 -2.376203794641269518e-01 -1.001189298968712810e-01
4.144688366495737353e-01 -1.363906648454584203e-01 -2.336960384777777844e-01
4.481762996795704557e-01 -1.300845773329068755e-01 -1.975465954716016381e-01
3.533283156454692375e-01 -1.709371438621082040e-01 -2.078020045045538000e-01
4.361602653426683851e-01 -1.426541963769373811e-01 -1.512769031272237219e-01
4.386905863310952003e-01 -4.868350338254202048e-01 -1.784588665870741053e-01
3.953825788526437179e-01 -4.487373863216421732e-01 -2.333869322711660810e-01
4.295186144058812938e-01 -1.152956895835672013e-01 9.226139373136492405e-02
4.340395547105807550e-01 -2.570213186456076770e-01 8.322083584362377495e-02
4.338051979785442214e-01 -2.162286747321767733e-01 5.722384850827093999e-02
3.871684562822607645e-01 -2.082779690582925447e-01 1.001068616062286420e-01
3.568799552523654328e-01 -1.875872098520333653e-01 1.157000392289687096e-01
3.826303816500654653e-01 -1.942775724757431766e-01 6.808226103951643682e-02
3.659076422035497100e-01 -2.039545199430684574e-01 9.037840899205897005e-02
4.313674128306585476e-01 -2.282599269049309931e-01 2.963398000708107882e-01
3.577995380784196322e-01 -1.841717434079230553e-01 2.172523305780691971e-01
4.803883913981439324e-01 -2.602896178410053080e-02 1.885044176522822634e-01
4.764584509017555369e-01 -4.168830746185226560e-02 1.335229835278151644e-01
4.634865306415957287e-01 -7.117637014339833756e-02 2.370172625180996806e-01
4.449300176284192165e-01 -1.566229182569352785e-01 2.943035507929589456e-01
4.092365613787146139e-01 -1.374395895663416967e-01 2.541809585313537512e-01
-3.083577369606883556e-01 3.243536520258166189e-01 4.919180923683512119e-01
3.565455674853247880e-01 -2.864718031679165389e-01 -1.055612408278634451e-01
4.008734285239278772e-01 -3.584047906724446841e-01 -1.322796891765516680e-01
2.615408384113445117e-01 -2.298883022258632614e-01 -1.073550545232637987e-01
2.986590686313346787e-01 -2.945920695357773234e-01 -6.769888534617610198e-02
2.477580153774184002e-01 -2.369372753637842000e-01 -1.739649142693795447e-01
3.043129449360558181e-01 -2.646085191573121498e-01 -1.988311637848711455e-01
3.693965728134903093e-01 -3.429683668613761616e-01 -2.256940274264214730e-01
1.920542315807818867e-01 -2.510568186835258619e-01 -2.528938691288429852e-01
2.999328176641498089e-01 -3.130961253595062055e-01 -2.489180152621349451e-01
3.967326268278935086e-01 -4.005868390835159998e-01 -9.794998249920607025e-02
3.852734902389194915e-01 -4.547034765513895960e-01 -1.525531796242763638e-01
3.290733281492504991e-01 -4.592896303795216406e-01 -2.292616531890552811e-01
3.684399776611127497e-01 -4.448842129488888575e-01 -1.969007668471025319e-01
1.357804182692669837e-01 -3.325850216318409491e-01 -5.802145332258762389e-02
2.601095971185581335e-01 -4.250583433989537641e-01 -1.100009614246609882e-02
2.556944099243526058e-01 -3.781050296971120162e-01 4.719527647376027188e-03
1.131464777278228112e-01 -3.382049565760387178e-01 -1.655028381096720624e-01
1.051442688936693459e-01 -3.950115728513641788e-01 -2.031874290505920611e-01
2.061778329380895558e-01 -3.041798070844300983e-01 -2.959106214057978801e-01
1.690417679764309455e-01 -3.597906957910131931e-01 -3.187916820112327021e-01
2.873971659399662260e-01 -4.437621832570795011e-01 -2.677076786888880205e-02
3.100991779600546505e-01 -4.773560024162402660e-01 -8.379866624287657384e-02
1.621515129235087671e-01 -4.305210717496119610e-01 -2.902206533511808573e-02
1.714374839979209419e-01 -3.693479837653617093e-01 -1.693108046690479374e-02
1.137732897818850841e-01 -4.604432868033548898e-01 -1.207491419005287947e-01
1.076235899478197311e-01 -4.654175103078693199e-01 -1.495603655068765692e-01
1.397049584135292843e-01 -4.823032080759350193e-01 -1.377986404009788335e-01
4.052566877116898225e-01 -1.212049156030986508e-01 5.306188366534759365e-02
3.864844788286910804e-01 -1.419917333163269180e-01 4.916636928489808572e-02
3.979866804088829091e-01 -1.097584207314791782e-01 -4.426434799224873706e-02
3.698265049932909498e-01 -1.637915078649440082e-01 8.089455449419577504e-02
3.678133695391895830e-01 -1.735850012398340581e-01 8.247052205555327475e-02
3.791570752902191921e-01 -1.833286663061290123e-01 9.541458952495872337e-02
3.202657017196068323e-01 -1.435435851267466978e-01 7.536130571089312558e-02
3.177523310316053284e-01 -5.657479173000553446e-02 6.773578322109392869e-02
2.256266732987919355e-01 -1.076631619112892457e-01 -5.427377052995421142e-02
2.642002984376225494e-01 -4.068121805092147353e-02 -1.487106108203228166e-02
2.176750992910914118e-01 -1.207006356945979353e-01 -7.528599879409703099e-02
2.488864784624678084e-01 -1.818396925424063393e-01 -7.897976069578296898e-02
2.961757588134092400e-01 -3.688448249131152934e-02 -1.148181112472633492e-01
3.720392105130094773e-01 -8.134097021632802349e-02 -1.143800680993840024e-01
2.598858318796317679e-01 -8.016583303575580688e-02 -1.290577323968634393e-01
2.521281239163524757e-01 -1.279221709924845407e-01 -1.199215528497590277e-01
-9.536423421573288900e-03 -3.432094072487631431e-01 5.000000000000000000e-01
1.356013603490406894e-01 -3.228697084951940854e-01 5.000000000000000000e-01
-1.000184919531064837e-01 -3.083668469325209771e-01 5.000000000000000000e-01
-9.929865021682685033e-02 -2.307772163247839292e-01 5.000000000000000000e-01
-1.077244697617855268e-01 -1.701499645643033409e-01 5.000000000000000000e-01
4.066247365673351932e-02 -1.032841971923806751e-01 5.000000000000000000e-01
1.395662411917163170e-01 -5.000000000000000000e-01 2.958999184450861741e-01
-9.327903665840298064e-02 -5.000000000000000000e-01 2.922245834692084876e-01
-1.011360190865983055e-01 -5.000000000000000000e-01 3.110887353559252388e-01
-5.945495132705502089e-02 -5.000000000000000000e-01 3.589558223132005566e-01
1.289558181345585031e-01 -5.000000000000000000e-01 3.296730915311872900e-01
1.856223670159574679e-01 -4.440608832549282625e-01 5.000000000000000000e-01
1.708621669841543511e-01 -3.568212771923858773e-01 5.000000000000000000e-01
-1.943803084354801536e-01 -5.000000000000000000e-01 3.749356826631001227e-01
-1.785316076594174184e-01 -3.457305218059468221e-01 5.000000000000000000e-01
2.496612115057227632e-01 -4.739792942009289911e-01 5.000000000000000000e-01
2.294320161167942018e-01 -5.000000000000000000e-01 2.495456698404509011e-01
1.618674960526099993e-01 -5.000000000000000000e-01 2.711009746224678496e-01
-8.687171166865818861e-02 -5.000000000000000000e-01 8.014730257217077269e-02
-1.352436876044565139e-01 -5.000000000000000000e-01 1.284257501467489515e-01
1.275288851567553741e-03 -5.000000000000000000e-01 8.452341507427672818e-02
-5.000000000000000000e-01 -1.955874152826466983e-01 6.625296077983894305e-02
-5.000000000000000000e-01 -2.322962307879464228e-01 -8.757910508574423547e-02
-5.000000000000000000e-01 -4.122956437534289198e-02 -5.087637315872686056e-02
-4.564146243867435448e-02 7.081509190415292976e-02 5.000000000000000000e-01
-2.439476031821987689e-01 -3.161068685897337055e-02 5.000000000000000000e-01
-2.120433794950616624e-01 -1.186800019754197938e-01 5.000000000000000000e-01
-5.000000000000000000e-01 4.004845838931894719e-01 2.017364920386884586e-01
-4.958793347381721395e-01 5.000000000000000000e-01 1.616303678055931170e-01
-5.000000000000000000e-01 2.996963701553152504e-01 1.618030422165425142e-01
-4.882495495414960196e-01 5.000000000000000000e-01 7.822340982104880602e-02
-5.000000000000000000e-01 3.257419339995413221e-01 1.056796289325232369e-01
2.194624870979297038e-01 -5.121948569468764978e-02 5.000000000000000000e-01
2.499709088939372770e-01 1.339185884247675318e-01 5.000000000000000000e-01
3.851772547806299740e-01 -1.163175495010411453e-01 5.000000000000000000e-01
2.472109576608100545e-01 -3.464377405744475946e-01 5.000000000000000000e-01
3.393890497405530615e-01 -3.233010961457023491e-01 5.000000000000000000e-01
4.136035467056962678e-01 -2.039791564896937526e-01 5.000000000000000000e-01
5.000000000000000000e-01 2.256221310144584657e-01 4.266982446688875052e-01
3.582264657640543137e-01 3.188599287147900752e-01 5.000000000000000000e-01
3.816790819518997568e-01 3.701202712831915820e-01 5.000000000000000000e-01
5.000000000000000000e-01 3.594022486274128791e-01 4.639439530902191855e-01
5.000000000000000000e-01 -4.939638888343463319e-01 1.666321734497947515e-01
5.000000000000000000e-01 -4.552955172746976364e-01 1.989328862311294244e-01
5.000000000000000000e-01 -4.540008591075119226e-01 2.065547873477762142e-01
4.682001536065114600e-01 -5.000000000000000000e-01 2.227315365234678324e-01
5.000000000000000000e-01 -3.816350046934933182e-01 4.739817258676003453e-01
4.207561357415117165e-01 -4.071068051623687456e-01 5.000000000000000000e-01
4.414982057267251569e-01 -5.000000000000000000e-01 4.114998043030692054e-01
-5.000000000000000000e-01 1.512013029346266080e-01 -9.486066543677419693e-02
-5.000000000000000000e-01 2.884115489198822435e-01 -1.140639025710830229e-01
-5.000000000000000000e-01 1.221577678769475012e-01 8.298137032770983024e-02
-5.000000000000000000e-01 1.973820692675691268e-01 1.793332497640237055e-01
-5.000000000000000000e-01 2.628383605665471912e-01 1.735253265627945407e-01
-5.000000000000000000e-01 3.536857470833287831e-01 -1.636853474328550939e-01
-5.000000000000000000e-01 4.254934282673425439e-01 -1.335708048625980915e-01
-5.000000000000000000e-01 4.326991854461510467e-01 -1.226328548777568389e-01
-5.000000000000000000e-01 -4.336527526562389961e-02 -1.647930867674050337e-01
-5.000000000000000000e-01 -1.778739092277067113e-01 -2.482647771130179759e-01
-5.000000000000000000e-01 -2.460587737956491661e-01 -1.033144590310982047e-01
-5.000000000000000000e-01 -3.146286922983921319e-01 -1.201359005424640913e-01
-5.000000000000000000e-01 -2.090448030170947713e-01 -3.112360760339228372e-01
-5.000000000000000000e-01 -2.004513443310655951e-01 -3.067627479486265685e-01
1.391426663506120931e-01 4.812026114358882167e-01 5.000000000000000000e-01
1.289558181345585308e-01 5.000000000000000000e-01 3.296730915311872900e-01
-8.845956696411844122e-02 5.000000000000000000e-01 4.883232080797005326e-01
-5.945495132705502089e-02 5.000000000000000000e-01 3.589558223132006676e-01
-1.011915135867061527e-01 -5.000000000000000000e-01 5.636473554922010604e-03
-1.504032154937852139e-01 -5.000000000000000000e-01 -9.114991381996788433e-02
-2.424379951360930430e-01 -5.000000000000000000e-01 1.253510026553306678e-01
-2.734756987095806058e-01 -5.000000000000000000e-01 1.638064167898264090e-01
-5.000000000000000000e-01 -4.540008591075118671e-01 2.065547873477762419e-01
-5.000000000000000000e-01 -4.552955172746975809e-01 1.989328862311294799e-01
-9.082616308590985010e-02 -5.000000000000000000e-01 -7.128498490504278640e-02
-1.011915135867061527e-01 5.000000000000000000e-01 5.636473554922125095e-03
-8.687171166865818861e-02 5.000000000000000000e-01 8.014730257217077269e-02
-1.352436876044565139e-01 5.000000000000000000e-01 1.284257501467489793e-01
-1.504032154937853250e-01 5.000000000000000000e-01 -9.114991381996791209e-02
-2.424379951360930430e-01 5.000000000000000000e-01 1.253510026553306678e-01
-2.863397405169482712e-01 5.000000000000000000e-01 -1.552396847485531250e-01
-3.890998318909869025e-01 5.000000000000000000e-01 6.536569701162057988e-03
-9.082616308590987786e-02 5.000000000000000000e-01 -7.128498490504270313e-02
3.508852941241523693e-01 4.645014087448783302e-01 5.000000000000000000e-01
4.414982057267251569e-01 5.000000000000000000e-01 4.114998043030692054e-01
5.000000000000000000e-01 4.478444147414364918e-01 3.938733274315951438e-01
2.712041089816834560e-01 5.000000000000000000e-01 2.185294323941344707e-01
2.294320161167939798e-01 5.000000000000000000e-01 2.495456698404510121e-01
5.000000000000000000e-01 4.004845838931895274e-01 2.017364920386884308e-01
5.000000000000000000e-01 2.996963701553153059e-01 1.618030422165425142e-01
5.000000000000000000e-01 1.734330801064930816e-01 2.558277792046739774e-01
5.000000000000000000e-01 2.628383605665472467e-01 1.735253265627945407e-01
5.000000000000000000e-01 1.706587105650134994e-01 2.866870548258585449e-01
4.682001536065114600e-01 5.000000000000000000e-01 2.227315365234678324e-01
5.000000000000000000e-01 4.326991854461510467e-01 -1.226328548777569083e-01
4.879543989844533636e-01 5.000000000000000000e-01 -1.436743235683827780e-01
3.046443892648011409e-01 5.000000000000000000e-01 -7.896740671319221749e-02
3.015065116751579066e-01 5.000000000000000000e-01 4.841114183755007572e-02
4.520908519477913057e-01 5.000000000000000000e-01 -1.559537500529273313e-01
4.739792353999792152e-01 5.000000000000000000e-01 -1.492768364755768240e-01
5.000000000000000000e-01 3.532780170353949645e-01 -1.638901569958876037e-01
5.000000000000000000e-01 3.536857470833287831e-01 -1.636853474328550662e-01
2.602608443294953111e-01 5.000000000000000000e-01 -1.183208954208602171e-01
2.439236180681899346e-01 5.000000000000000000e-01 -1.558220027997247459e-01
3.640264069282727055e-01 5.000000000000000000e-01 -2.681371104655044246e-01
5.000000000000000000e-01 4.254934282673425994e-01 -1.335708048625980360e-01
4.923529679543494630e-01 5.000000000000000000e-01 -1.490721146071467829e-01
5.000000000000000000e-01 3.179935508849851544e-01 -2.896184722460242167e-01
4.198457861493162246e-01 5.000000000000000000e-01 -3.844185988293226663e-01
5.000000000000000000e-01 3.910264114098759292e-01 -3.906406467647551284e-01
5.000000000000000000e-01 3.257419339995413221e-01 1.056796289325232507e-01
5.000000000000000000e-01 2.884115489198822990e-01 -1.140639025710830229e-01
-5.000000000000000000e-01 1.712015503055818177e-01 2.461595550735106719e-01
-5.000000000000000000e-01 -4.128505482446796077e-02 1.845253204687012372e-01
-5.000000000000000000e-01 1.011732527560329081e-01 4.349057337540996881e-01
-5.000000000000000000e-01 -9.316685353727402474e-02 2.631561462308764088e-01
-5.000000000000000000e-01 1.706587105650135272e-01 2.866870548258585449e-01
-5.000000000000000000e-01 1.734330801064930816e-01 2.558277792046739219e-01
-5.000000000000000000e-01 2.256221310144584380e-01 4.266982446688875052e-01
-5.000000000000000000e-01 1.062720207534841310e-01 4.754018925138823182e-01
-4.673803242954113757e-01 8.274335771798643768e-02 5.000000000000000000e-01
-4.676081163524736239e-01 8.304926654638947192e-02 5.000000000000000000e-01
-5.000000000000000000e-01 7.267371941019477866e-02 -1.469053470454683569e-02
-5.000000000000000000e-01 1.027143015356835470e-01 7.492428814467080866e-02
1.618674960526099715e-01 5.000000000000000000e-01 2.711009746224679051e-01
1.275288851567565884e-03 5.000000000000000000e-01 8.452341507427671430e-02
1.395662411917163170e-01 5.000000000000000000e-01 2.958999184450861186e-01
-9.327903665840298064e-02 5.000000000000000000e-01 2.922245834692084876e-01
-1.011360190865983333e-01 5.000000000000000000e-01 3.110887353559252944e-01
1.504853785369604235e-01 2.546503553240465068e-01 5.000000000000000000e-01
3.156982083021764862e-01 2.909325511534893161e-01 5.000000000000000000e-01
1.355064981218181974e-01 2.768722624256373943e-01 5.000000000000000000e-01
1.838741609613379346e-01 5.000000000000000000e-01 -1.463064440091189355e-01
1.246107813423643629e-01 5.000000000000000000e-01 -3.352792014561414846e-02
1.304746549193129268e-01 5.000000000000000000e-01 -1.488949027422044047e-01
2.224269322789923231e-01 1.823194921097098520e-01 5.000000000000000000e-01
5.000000000000000000e-01 1.011732527560329220e-01 4.349057337540994661e-01
-2.856193308850591417e-01 9.078148988634344996e-02 5.000000000000000000e-01
-4.539742070082504466e-02 7.547538150453515782e-02 5.000000000000000000e-01
-3.076840729456793988e-01 2.144422286205825701e-02 5.000000000000000000e-01
-3.096257809209934098e-01 6.602947015801800823e-02 5.000000000000000000e-01
-6.492927931758057936e-02 3.191765140488367902e-01 5.000000000000000000e-01
-1.035395776366298815e-01 4.209343954955759304e-01 5.000000000000000000e-01
-5.000000000000000000e-01 -2.721369732196590174e-01 1.204304539890550946e-01
-5.000000000000000000e-01 -4.475757173855206272e-02 1.592267483922827354e-01
-5.000000000000000000e-01 -1.452797369111213377e-01 3.098350592619674160e-01
-5.000000000000000000e-01 -1.345357221339078535e-01 3.676359179169611524e-01
-5.000000000000000000e-01 -3.886955275495790341e-01 9.902701115134263099e-02
-5.000000000000000000e-01 -3.289087703075086466e-01 2.842605401349178607e-01
-4.205585582962256819e-01 -1.545192727376744068e-01 5.000000000000000000e-01
-4.279985236894336409e-01 -2.065806904146755552e-01 5.000000000000000000e-01
-1.969984637311076037e-01 -3.480088430286766288e-01 5.000000000000000000e-01
-4.619990112246920022e-01 -2.315924994931962688e-01 5.000000000000000000e-01
-4.465084843047211760e-01 -2.182504795961302535e-01 5.000000000000000000e-01
-4.178396576999740542e-01 6.048471926215489430e-02 5.000000000000000000e-01
-5.000000000000000000e-01 -3.538984280684799866e-01 4.578997661387014806e-01
-4.276624660334825134e-01 -5.000000000000000000e-01 4.268769868690429625e-01
-5.000000000000000000e-01 -3.816350046934933182e-01 4.739817258676003453e-01
-5.000000000000000000e-01 7.168821227120039663e-02 -2.293405976581293082e-01
-2.856193308850591417e-01 9.078148988634340832e-02 -5.000000000000000000e-01
-2.345881637467048253e-01 2.537443131048535694e-01 -5.000000000000000000e-01
-1.539868505540857302e-01 2.355515440285935180e-01 -5.000000000000000000e-01
5.000000000000000000e-01 -3.289087703075085911e-01 2.842605401349178607e-01
5.000000000000000000e-01 -3.538984280684799866e-01 4.578997661387014806e-01
5.000000000000000000e-01 -1.345357221339078535e-01 3.676359179169611524e-01
2.712041089816835115e-01 -5.000000000000000000e-01 2.185294323941344985e-01
3.015065116751579621e-01 -5.000000000000000000e-01 4.841114183755008959e-02
5.000000000000000000e-01 -4.823506578655342714e-01 8.958856712346943696e-02
5.000000000000000000e-01 1.973820692675691268e-01 1.793332497640236778e-01
5.000000000000000000e-01 1.221577678769474457e-01 8.298137032770981636e-02
5.000000000000000000e-01 1.512013029346266080e-01 -9.486066543677421081e-02
-4.440882240022180349e-01 -3.755103441844029888e-01 -5.000000000000000000e-01
-5.000000000000000000e-01 -4.229868567212261565e-01 -3.711295450517329009e-01
-3.702358768852294646e-01 -4.806181046974853377e-01 -5.000000000000000000e-01
-3.601415049823981085e-01 -5.000000000000000000e-01 -4.694813125083575067e-01
-4.095413677649840656e-01 -3.946734632711533242e-01 -5.000000000000000000e-01
-4.498817812812270223e-01 -5.000000000000000000e-01 -3.759510559444155797e-01
-5.000000000000000000e-01 -2.076283250940553771e-01 -4.697030195873577729e-01
-4.619990112246920022e-01 -2.315924994931962966e-01 -5.000000000000000000e-01
-1.058805246107872855e-01 2.946187450035874233e-01 5.000000000000000000e-01
-1.539868505540857024e-01 2.355515440285934903e-01 5.000000000000000000e-01
-5.000000000000000000e-01 3.532780170353950200e-01 -1.638901569958876037e-01
-4.395987331627857486e-01 5.000000000000000000e-01 6.248236389026127179e-03
5.000000000000000000e-01 1.712015503055817900e-01 2.461595550735106719e-01
-1.058805246107873965e-01 2.946187450035873678e-01 -5.000000000000000000e-01
-6.492927931758052384e-02 3.191765140488367902e-01 -5.000000000000000000e-01
1.769489428651952953e-02 5.000000000000000000e-01 -1.959145778719542097e-01
5.889942225601703385e-02 5.000000000000000000e-01 -1.984286250992625122e-01
7.179930692139255277e-02 5.000000000000000000e-01 -2.001110258267121411e-01
1.504853785369603958e-01 2.546503553240465068e-01 -5.000000000000000000e-01
2.224269322789922398e-01 1.823194921097099352e-01 -5.000000000000000000e-01
3.156982083021762087e-01 2.909325511534890940e-01 -5.000000000000000000e-01
1.986857841852231465e-01 5.000000000000000000e-01 -4.583319589929442106e-01
2.936289704922367960e-01 5.000000000000000000e-01 -4.954187078609224582e-01
1.137730344728275500e-01 5.000000000000000000e-01 -4.133384639632206037e-01
1.566924923909586431e-01 5.000000000000000000e-01 -4.579899666572913031e-01
-2.537776403960382773e-02 5.000000000000000000e-01 -4.524186866685791508e-01
-1.035395776366298953e-01 4.209343954955759859e-01 -5.000000000000000000e-01
1.355064981218181419e-01 2.768722624256374498e-01 -5.000000000000000000e-01
-4.539742070082503772e-02 7.547538150453517170e-02 -5.000000000000000000e-01
-4.564146243867435448e-02 7.081509190415286037e-02 -5.000000000000000000e-01
2.194624870979297038e-01 -5.121948569468761508e-02 -5.000000000000000000e-01
2.499709088939372492e-01 1.339185884247675595e-01 -5.000000000000000000e-01
4.066247365673354014e-02 -1.032841971923806612e-01 -5.000000000000000000e-01
1.356013603490407449e-01 -3.228697084951940854e-01 -5.000000000000000000e-01
2.472109576608100268e-01 -3.464377405744475946e-01 -5.000000000000000000e-01
1.708621669841543511e-01 -3.568212771923858773e-01 -5.000000000000000000e-01
3.851772547806299740e-01 -1.163175495010411314e-01 -5.000000000000000000e-01
4.136035467056962678e-01 -2.039791564896937526e-01 -5.000000000000000000e-01
3.393890497405530060e-01 -3.233010961457022936e-01 -5.000000000000000000e-01
-1.892776396484831258e-01 5.000000000000000000e-01 4.365268919698696015e-01
-1.943803084354801813e-01 5.000000000000000000e-01 3.749356826631001227e-01
-2.734756987095806058e-01 5.000000000000000000e-01 1.638064167898264367e-01
-5.000000000000000000e-01 2.109928356587188747e-02 -4.507730110568289317e-01
-5.000000000000000000e-01 8.037237579975267665e-02 -2.718751599901950144e-01
-5.000000000000000000e-01 1.327182932105890334e-01 -3.422317407492123653e-01
-5.000000000000000000e-01 -3.404015911194614025e-02 -3.782193950438593744e-01
-5.000000000000000000e-01 -9.960831825561990149e-03 -4.275269716230895578e-01
-4.673803242954114312e-01 8.274335771798634054e-02 -5.000000000000000000e-01
-4.676081163524737350e-01 8.304926654638941641e-02 -5.000000000000000000e-01
-5.000000000000000000e-01 3.179935508849851544e-01 -2.896184722460242167e-01
-4.178396576999739986e-01 6.048471926215479716e-02 -5.000000000000000000e-01
-4.205585582962257374e-01 -1.545192727376743791e-01 -5.000000000000000000e-01
-4.465084843047211760e-01 -2.182504795961302257e-01 -5.000000000000000000e-01
-5.000000000000000000e-01 4.478444147414365473e-01 3.938733274315951438e-01
-5.000000000000000000e-01 3.594022486274127681e-01 4.639439530902191855e-01
-4.095413677649840101e-01 -3.946734632711533242e-01 5.000000000000000000e-01
-4.440882240022179794e-01 -3.755103441844030443e-01 5.000000000000000000e-01
-3.702358768852295201e-01 -4.806181046974853377e-01 5.000000000000000000e-01
-4.026899671562819139e-01 3.256532320596999819e-01 -5.000000000000000000e-01
-3.211477841773964781e-01 3.291462511929793000e-01 -5.000000000000000000e-01
-3.096257809209934098e-01 6.602947015801798047e-02 -5.000000000000000000e-01
-5.000000000000000000e-01 3.910264114098759292e-01 -3.906406467647551284e-01
-4.477095445687818143e-01 3.659721823826672105e-01 -5.000000000000000000e-01
1.769489428651964402e-02 -5.000000000000000000e-01 -1.959145778719541819e-01
-1.480711616102327044e-01 -5.000000000000000000e-01 -3.153357232339948357e-01
-2.882408656556182946e-01 -5.000000000000000000e-01 -4.328868317603585258e-01
-2.963799647632381906e-01 -5.000000000000000000e-01 -4.679830146665011070e-01
-1.882960538180885879e-01 -4.023657122534857744e-01 -5.000000000000000000e-01
-8.365300825429182463e-02 -4.857237995961530830e-01 -5.000000000000000000e-01
5.889942225601666609e-02 -5.000000000000000000e-01 -1.984286250992624567e-01
-2.537776403960434468e-02 -5.000000000000000000e-01 -4.524186866685792063e-01
7.179930692139246950e-02 -5.000000000000000000e-01 -2.001110258267121411e-01
1.137730344728275778e-01 -5.000000000000000000e-01 -4.133384639632206037e-01
-3.178570400087828429e-01 -5.000000000000000000e-01 -4.720014738660755493e-01
-3.364424325683790795e-01 -5.000000000000000000e-01 -4.687620002542915443e-01
1.856223670159575512e-01 -4.440608832549282625e-01 -5.000000000000000000e-01
1.986857841852231465e-01 -5.000000000000000000e-01 -4.583319589929442106e-01
1.560172647233123433e-01 -5.000000000000000000e-01 -4.596377049931158476e-01
1.566924923909586431e-01 -5.000000000000000000e-01 -4.579899666572913031e-01
4.198457861493162246e-01 -5.000000000000000000e-01 -3.844185988293226663e-01
5.000000000000000000e-01 -4.229868567212262120e-01 -3.711295450517329564e-01
4.207561357415117165e-01 -4.071068051623687456e-01 -5.000000000000000000e-01
3.816790819518997568e-01 3.701202712831915820e-01 -5.000000000000000000e-01
3.508852941241523693e-01 4.645014087448783857e-01 -5.000000000000000000e-01
5.000000000000000000e-01 7.267371941019479253e-02 -1.469053470454680099e-02
5.000000000000000000e-01 1.027143015356835054e-01 7.492428814467080866e-02
-1.969984637311075759e-01 -3.480088430286765733e-01 -5.000000000000000000e-01
-1.785316076594173351e-01 -3.457305218059467666e-01 -5.000000000000000000e-01
-2.120433794950616901e-01 -1.186800019754197105e-01 -5.000000000000000000e-01
-2.439476031821987689e-01 -3.161068685897332198e-02 -5.000000000000000000e-01
-1.077244697617855684e-01 -1.701499645643033409e-01 -5.000000000000000000e-01
-4.279985236894336964e-01 -2.065806904146755552e-01 -5.000000000000000000e-01
-3.076840729456793433e-01 2.144422286205823272e-02 -5.000000000000000000e-01
-9.536423421573264614e-03 -3.432094072487631986e-01 -5.000000000000000000e-01
-1.000184919531065114e-01 -3.083668469325209771e-01 -5.000000000000000000e-01
-9.929865021682683646e-02 -2.307772163247841513e-01 -5.000000000000000000e-01
-3.627980160878544469e-01 -5.000000000000000000e-01 -2.417523891647591627e-01
-3.809600249722945864e-01 -5.000000000000000000e-01 -2.430659999668753068e-01
-5.000000000000000000e-01 -4.971793754931860265e-01 -1.555473648188739344e-01
-5.000000000000000000e-01 -4.592129821843798920e-01 -1.163919963860644835e-01
-2.863397405169482712e-01 -5.000000000000000000e-01 -1.552396847485531250e-01
-4.395987331627856931e-01 -5.000000000000000000e-01 6.248236389026129781e-03
-3.890998318909869580e-01 -5.000000000000000000e-01 6.536569701162089213e-03
-5.000000000000000000e-01 -4.032840378397202774e-01 -8.560296905342471008e-02
-3.364424325683790240e-01 5.000000000000000000e-01 -4.687620002542915443e-01
-3.178570400087827874e-01 5.000000000000000000e-01 -4.720014738660755493e-01
-2.963799647632382461e-01 5.000000000000000000e-01 -4.679830146665011625e-01
-2.882408656556182391e-01 5.000000000000000000e-01 -4.328868317603583038e-01
-4.498817812812270223e-01 5.000000000000000000e-01 -3.759510559444155797e-01
-3.601415049823981640e-01 5.000000000000000000e-01 -4.694813125083575067e-01
-2.734199535981104989e-01 4.824809773279769565e-01 -5.000000000000000000e-01
-3.809600249722945864e-01 5.000000000000000000e-01 -2.430659999668753068e-01
-3.627980160878544469e-01 5.000000000000000000e-01 -2.417523891647591627e-01
-1.480711616102327599e-01 5.000000000000000000e-01 -3.153357232339947802e-01
5.000000000000000000e-01 -2.076283250940554048e-01 -4.697030195873578284e-01
5.000000000000000000e-01 -2.090448030170947158e-01 -3.112360760339229482e-01
4.739792353999796592e-01 -5.000000000000000000e-01 -1.492768364755767130e-01
4.520908519477913057e-01 -5.000000000000000000e-01 -1.559537500529273313e-01
3.582264657640543137e-01 3.188599287147900752e-01 -5.000000000000000000e-01
4.582801301054529874e-01 1.262901915983940526e-01 -5.000000000000000000e-01
5.000000000000000000e-01 -9.960831825561913822e-03 -4.275269716230896133e-01
5.000000000000000000e-01 -2.004513443310655951e-01 -3.067627479486266795e-01
5.000000000000000000e-01 -3.404015911194613331e-02 -3.782193950438593744e-01
5.000000000000000000e-01 8.037237579975267665e-02 -2.718751599901950144e-01
5.000000000000000000e-01 -1.778739092277067113e-01 -2.482647771130179204e-01
5.000000000000000000e-01 -4.336527526562387880e-02 -1.647930867674050337e-01
5.000000000000000000e-01 7.168821227120034112e-02 -2.293405976581293637e-01
5.000000000000000000e-01 1.327182932105890334e-01 -3.422317407492123098e-01
5.000000000000000000e-01 2.109928356587165155e-02 -4.507730110568288762e-01
5.000000000000000000e-01 -3.886955275495789230e-01 9.902701115134263099e-02
5.000000000000000000e-01 -2.721369732196589064e-01 1.204304539890551085e-01
5.000000000000000000e-01 -1.452797369111213099e-01 3.098350592619674160e-01
5.000000000000000000e-01 -4.128505482446797464e-02 1.845253204687012649e-01
5.000000000000000000e-01 -9.316685353727405250e-02 2.631561462308764088e-01
5.000000000000000000e-01 -4.122956437534290586e-02 -5.087637315872685362e-02
5.000000000000000000e-01 -4.475757173855200721e-02 1.592267483922827354e-01
5.000000000000000000e-01 -3.146286922983921319e-01 -1.201359005424640913e-01
5.000000000000000000e-01 -4.032840378397203329e-01 -8.560296905342469620e-02
5.000000000000000000e-01 -2.460587737956491661e-01 -1.033144590310981908e-01
5.000000000000000000e-01 -2.322962307879464505e-01 -8.757910508574423547e-02
5.000000000000000000e-01 -1.955874152826466983e-01 6.625296077983894305e-02
-2.345881637467047975e-01 2.537443131048535694e-01 5.000000000000000000e-01
-4.477095445687818143e-01 3.659721823826671550e-01 5.000000000000000000e-01
-4.026899671562819694e-01 3.256532320596999264e-01 5.000000000000000000e-01
-3.211477841773967001e-01 3.291462511929793000e-01 5.000000000000000000e-01
-2.734199535981104989e-01 4.824809773279770120e-01 5.000000000000000000e-01
-4.276624660334825134e-01 5.000000000000000000e-01 4.268769868690429625e-01
2.602608443294952001e-01 -5.000000000000000000e-01 -1.183208954208603558e-01
2.439236180681899069e-01 -5.000000000000000000e-01 -1.558220027997247181e-01
1.838741609613382677e-01 -5.000000000000000000e-01 -1.463064440091189911e-01
3.640264069282726500e-01 -5.000000000000000000e-01 -2.681371104655044246e-01
3.046443892648011409e-01 -5.000000000000000000e-01 -7.896740671319223137e-02
1.304746549193128990e-01 -5.000000000000000000e-01 -1.488949027422044880e-01
1.246107813423643490e-01 -5.000000000000000000e-01 -3.352792014561413458e-02
