1.090243390245225208e-01 2.860382377878882276e-01 1.700723548869459423e-01
-1.722974991642146902e-01 3.425298930166473244e-01 2.655669558893369864e-01
-3.558913473304016195e-01 -2.013147131072740847e-01 7.404788241304509355e-02
-2.445406690343897849e-01 3.631059291756265628e-01 3.846167882739899291e-01
1.133057271136751615e-01 3.551694692730053560e-01 2.790209850938898950e-01
-1.782226104706748360e-01 1.068128162399793329e-01 -1.509994678634201115e-01
4.892948077212483371e-01 -2.471141151415287562e-02 1.276184370216977282e-01
4.366695725507412779e-02 -9.009839888829929144e-02 4.779758158154172598e-01
3.503976823666871132e-02 1.616913140967063747e-03 4.217358733453231423e-01
-1.065716845832977433e-01 9.313155344586523943e-02 -1.277416439390211267e-01
-1.379519315954583214e-01 1.282310523480611197e-01 -1.413887308778287721e-01
-2.713383031192827533e-01 3.906004240166663921e-01 2.686687941908677546e-01
-1.944619121106505033e-01 3.850807464267758107e-01 2.657159809422280916e-01
-1.744442831807437866e-01 3.467104627631654723e-01 2.276447789576640790e-01
-1.380446115524043282e-01 3.754582363688206414e-01 1.373191644241534559e-01
-2.305361230294306341e-01 -1.072863093289445485e-01 -8.015158864698922192e-02
-1.872562632512735359e-01 5.378915933008003580e-02 -4.595165172998458974e-02
-1.718277810171205677e-01 -9.310787949997607546e-03 -1.344788859135505332e-01
-2.137380777437090651e-01 -2.685596645202750071e-02 -1.727808152091422911e-01
-2.045513182372427075e-01 9.120451000342795489e-02 -1.140844162354667513e-01
-2.057646056949339886e-01 7.216811200452744046e-02 -1.474452541204491207e-01
-1.692486573272920791e-01 -1.526510010031744691e-01 3.922687714124486330e-02
-2.126400807517569436e-01 -1.615663562549410626e-01 1.380052664362085152e-02
-1.901605191788571236e-01 -1.927317233887964054e-01 -1.356472180413203499e-01
-1.547432227437239294e-01 -1.664136392960444688e-01 -1.544264755073012085e-01
-2.179516836245097011e-01 1.457168637195994931e-01 1.299450381135168198e-01
-1.369262817203684424e-01 5.057770135063378858e-02 1.602267777036683535e-02
4.637159074019899241e-01 1.245473779928542302e-01 1.879554343642718672e-01
4.877237328720471221e-01 3.851392571821923294e-01 3.290047738127449550e-01
3.412794445352607120e-01 1.516840233326706422e-01 2.186648637123069783e-01
3.340176684127683093e-01 3.997425150539022365e-01 2.849218524432395871e-01
3.669956875079966041e-01 4.578279638107247140e-01 2.127780507781011909e-01
4.114362625415047270e-01 4.786699451879039557e-01 2.072121526236761768e-01
3.422239484837601431e-01 1.540120165990318812e-01 3.121531251910144023e-01
1.657636021567260587e-01 6.037719433163075966e-02 4.547705459080929602e-01
1.544229150645045900e-01 3.239263750432685440e-01 4.590282161042341103e-01
-2.532618614101492249e-01 8.487993067359896060e-02 -1.173235453107689258e-01
-3.418353217221427598e-01 1.221019778385654120e-01 -2.427483021244836170e-01
-3.928402675901976338e-01 1.351139584436533703e-01 -2.405951278955357764e-01
-3.810790134318806088e-01 1.591945346814736262e-01 -2.566510946519285352e-01
-1.458845968704098328e-01 3.328939933120839134e-01 2.919063324465024922e-01
-8.018900037959332538e-02 3.527299477031405339e-01 3.269074859360134866e-01
-1.567714062797631036e-01 3.029647503344236603e-01 3.075112829147588767e-01
9.324373347183008420e-02 2.768338134986130239e-01 2.032366356692891229e-01
9.668344195845525457e-02 3.230826858044236194e-01 2.663968136453547797e-01
-1.201902195322641642e-01 3.314259097637755058e-01 4.425965953468481984e-01
-9.825775125257316112e-02 3.282442829204522128e-01 4.428292822535263573e-01
1.342438424862220647e-01 2.724278284200830069e-01 4.016185872145560665e-01
9.781005057882252718e-02 2.532213963919758282e-01 4.204020999352829357e-01
-1.178319321308726048e-01 2.733059419707578597e-01 4.568571010366595520e-01
-7.298386531286531198e-02 2.008784032533333652e-01 4.826470771245615632e-01
1.845219510990276507e-02 2.600762111622317851e-01 4.778657424118422647e-01
4.286144670092447151e-01 -1.165490799410841688e-01 -4.433853308742706223e-01
4.459592990204463425e-01 -6.562968649124985288e-02 -4.637339046171862211e-01
2.330643056206604946e-01 -2.926424666953105769e-01 -2.158698015209951360e-01
2.675384168526835360e-01 -2.379790739669329080e-01 -1.275474867520680344e-01
1.733257156132964327e-01 -1.393611288151034022e-01 -1.494717494908460731e-01
4.738715748490636148e-01 -4.545431818394574108e-02 1.131505891308407924e-01
3.975059405839880822e-01 -2.331980127114952617e-01 9.214802915518728599e-02
-4.799094494210953687e-01 -1.841137750224055292e-01 -1.883412640689868800e-01
-4.649888297258589764e-01 -1.880232109397703133e-01 -2.356339017835976102e-01
-3.034317840241479991e-01 -1.439944777026317020e-02 -1.908239825825846503e-01
-3.006669054006115838e-01 6.318438630827480362e-02 -2.473975255002016094e-01
-2.884467947852716874e-01 8.930527229209683782e-02 -2.137047472765688794e-01
-2.856167599553202652e-01 6.568131852733942455e-02 -1.719501117065493634e-01
-2.663843701264785313e-01 6.933263389696811552e-02 -1.606102001516331590e-01
-3.345127940457062743e-01 -3.036171409624696671e-02 -2.941815351886761798e-01
-3.377754055219103768e-01 -9.276439386509165164e-02 -2.485801154716882622e-01
-2.901146084474739983e-01 -1.164885924363204817e-01 -3.076182528537986238e-01
-4.827554538603726630e-01 -1.460009731194812470e-02 3.915249689334631689e-01
-4.039809400079778512e-01 -5.329364423834739156e-02 4.678901332009340885e-01
-4.135782491843524311e-01 2.160643200487335353e-03 4.280540661265526126e-01
-1.365285545304095738e-01 -2.058946681425472269e-01 4.456507244226756703e-01
-1.211458559368165516e-01 -2.513863530977096805e-01 4.439295841127905429e-01
-1.687004299321930856e-01 -2.526504281687263487e-01 4.452007768382131858e-01
-1.125262258137212923e-01 2.506982698446639235e-01 -3.739181733625112636e-01
-1.757915793824078587e-01 2.100165391160732919e-01 -3.187293948605463556e-01
-1.703467323303422820e-01 2.820079955937629945e-01 -4.344458606386845667e-01
2.578057090229828874e-01 -3.636370502465551685e-03 2.950325034970695537e-01
1.151359769920279677e-03 -7.917390745775429450e-02 1.416156050347990025e-01
1.557340922060941324e-01 1.495465598551344866e-01 1.083001147979118090e-01
2.496176092951991610e-01 1.216942783781422427e-01 1.946793511939363119e-01
2.495155930379197584e-01 6.371086017483187924e-02 3.161767395322999663e-01
2.633270849086155607e-01 9.990269302355329895e-02 2.865317322824905144e-01
3.351917280118861531e-02 1.262494193561203570e-01 1.370696382511244205e-01
-1.871705153306717218e-02 1.035417726311362446e-01 2.419940633763703886e-01
6.428131854236061871e-02 4.937001394317483416e-02 3.668633957534513934e-01
1.068351453380303462e-02 9.591892802145998709e-02 3.418481671680392298e-01
1.573119593113757875e-01 2.047844989044083353e-01 1.606446566452785496e-01
1.227409297007490963e-01 1.887942840747806050e-01 1.302674783503547373e-01
1.054193738981418077e-01 1.552380631327831828e-01 3.166310558768384298e-01
9.709990800332085614e-02 2.075342460397097966e-01 2.060224304481609869e-01
1.274974206829637691e-01 9.013913308055404583e-02 3.505913155316418006e-01
1.097666760517275325e-01 1.617841414399185662e-01 3.456897148698642175e-01
-1.312639458502525835e-01 1.876174716854895064e-01 -1.414449825613730838e-01
-9.288226623662440562e-02 9.410207403014457517e-02 -8.825818289381619219e-02
-6.690374308206294141e-02 7.053188682230590589e-02 -1.478229011219545086e-01
-9.965982174119272785e-02 1.215558573154781885e-01 6.054580621256062944e-02
2.641875631671997821e-02 1.366695061931079980e-01 1.137976755391828104e-01
-3.789423277965251607e-02 2.059123569742190019e-01 1.981376277476240913e-02
-5.988338448960806026e-02 1.842359011254004197e-01 -4.540549700410892453e-02
1.401667213652208754e-01 1.778199467830852420e-01 9.627203226881057840e-02
1.707156764744276189e-01 1.820222867050814430e-01 8.574312988398457430e-03
-2.429420886610186570e-01 1.938934404292685654e-01 1.229787198115034480e-01
-2.610137146512606643e-01 2.484924585023760291e-01 1.119884070647337859e-01
-1.330222548057239107e-01 2.617003388202284730e-01 5.478277320233339992e-02
-1.692840754902405209e-01 3.363851775022050905e-01 9.023905519929607821e-02
-1.203177481864751708e-01 3.152785194403143199e-01 6.558524288494489707e-02
-2.615686856736869070e-01 2.002211028136457183e-01 -1.073397467267727529e-01
-1.997804013332767914e-01 2.196409907685184237e-01 -1.197827002804068008e-01
-1.635695847391288593e-01 3.822443299361773517e-01 -9.225513981999227883e-03
-3.201254944941688274e-01 2.740168875929860914e-01 -1.403799015675411266e-01
-3.067648530793196104e-01 2.414228842875079384e-01 -1.387503245412072261e-01
-7.418772502502636590e-02 -1.619171096618839401e-01 -9.111265860789183324e-02
-9.782182288198243425e-02 -1.741632676882560182e-01 -1.405529015007730420e-01
1.746509804497441698e-01 -3.449927573449581564e-01 -2.878795382327085095e-01
9.391795265915756086e-02 -3.864338361703423819e-01 -4.562439822074096374e-01
2.019264689037270355e-01 -1.983936069214279618e-01 -3.015508356031533777e-01
2.709279621617656231e-01 -1.932845862978384288e-01 -3.354672983114271867e-01
2.466320687436626691e-01 -2.787230202540287305e-01 -2.928936239556387822e-01
2.817706248588943696e-01 -2.692150503428411001e-01 -3.143097189377230816e-01
3.120330458866452106e-01 -2.225565016846953181e-01 -4.827872380609702918e-01
1.801825159266225995e-01 -4.093023609152971476e-01 -3.483037406132143410e-01
1.658494046765063845e-01 -4.300561467328458676e-01 -4.023175744129768860e-01
1.001705612864779577e-01 -1.228857864279214451e-01 -4.506309897589375613e-01
5.085802309560223666e-02 -4.235173072816166284e-01 -4.561945332831766065e-01
1.162993988203390866e-01 -4.533882066295792379e-01 -4.264539197951916494e-01
1.047243129529451811e-01 -1.777897314814778085e-01 4.234894996683225554e-01
1.055294592275067556e-01 -2.256807864259647578e-01 4.413265332154371334e-01
1.162236387310101038e-01 -2.087727575656178058e-01 4.351896581688847188e-01
1.423578989799966776e-01 -1.016461873246197883e-01 3.092635621772356069e-01
2.300089535304089272e-01 -5.581388488276693705e-02 2.999771250529230660e-01
3.334600463054570585e-01 -2.103254545356197380e-01 1.327003287171878432e-01
-4.525828221710571642e-01 -1.496799375111770858e-01 -1.077590349780297302e-01
-4.509763308377901514e-01 -1.867066260469862349e-01 -1.529628781099205692e-01
-4.361480660493086692e-01 -2.019841607104105319e-01 -8.402947010876123113e-02
-4.342645044752398986e-01 -2.303580012351132411e-01 -1.365479474239919833e-01
-3.469761549904397668e-01 -2.051292826054386953e-01 -4.210369034859122450e-02
-1.180085979224425458e-01 -9.413948592470156029e-02 2.726612985110386453e-02
-1.760102585429092203e-01 -4.233804658226544837e-02 -9.992810833148293992e-02
-1.810102868092112183e-01 -2.031974315251970642e-02 -6.746489032696716126e-02
-1.800438825032503187e-01 -5.602760339059326133e-02 -8.448606014011142418e-02
-2.270864139687975847e-01 -1.728932780190893803e-01 -1.459844135465763471e-01
-2.257403565692015501e-01 -1.496661381586442408e-01 -2.114961170059171947e-01
-2.605252876035446530e-01 -1.291902722986253416e-01 -1.252965371609400247e-01
-2.920299623972911762e-01 -1.307102170302398003e-01 -1.096868610646473396e-01
-2.772028900275828600e-01 -9.615312092209633843e-02 -1.488638717549906343e-01
-2.440911389443864987e-01 -1.813778857809118517e-01 -2.550371422751738781e-01
-3.223990558927848360e-01 -9.202375048496302945e-02 -1.668865118087957122e-01
-3.498329618605716673e-01 -8.981204277344406739e-02 -1.415167191306394567e-01
-3.168023436856686748e-01 -1.945260538986855747e-01 -9.550031797366483055e-02
-2.759525479291212169e-01 -2.570362381035642962e-01 -2.513172832632601938e-01
-2.484431863148253428e-01 -2.478994405277462620e-01 -2.374421119487142295e-01
-2.231183342750431287e-01 -2.259806433630349998e-01 -1.356028975136414627e-01
-2.461039127907419521e-01 -2.526983516345023273e-01 -1.487009113586728881e-01
-1.933825612173830089e-01 -2.505499988833493896e-01 -1.666142785002416582e-01
-3.363626171167398149e-01 -2.073345798683651486e-01 -3.103185297958139244e-01
-3.078621700047118326e-01 -1.579944967046722493e-01 -2.705811380400843236e-01
-3.329657935615341624e-01 -1.056791355719140235e-01 -2.328018680898876203e-01
-3.591413681631485666e-01 -2.351957600095158363e-01 -8.917973006683360682e-02
-3.848075365983972262e-01 -2.394130245815427882e-01 -1.318726847800117397e-01
-4.147484325438010044e-01 -1.617403167885533843e-01 -2.500313029000350018e-01
-3.927777634347294211e-01 -1.768871774338569569e-01 -1.603978160798681385e-01
-3.999814288926366035e-01 -1.022982577701340573e-01 -2.393117484870941891e-01
-3.794130738493781130e-01 -1.270402069338234241e-01 -1.716434811045285946e-01
-1.617608191201465873e-01 -6.713836874171313918e-02 -2.556237086167763572e-01
-1.557696930137982272e-01 -9.430189726698434693e-02 -2.450338444010802252e-01
-1.577984537395091813e-01 -1.024313330061158434e-01 -2.637390294415943859e-01
-1.988694251126857937e-01 2.825076489566600776e-02 -1.832075755039712928e-01
-2.566532929761862758e-01 3.640811272368777579e-02 -1.940986735354504888e-01
-1.963166005160289496e-01 8.214875307319351172e-02 -1.587689539232285674e-01
-2.255577289372551475e-01 7.832228712827221662e-02 -1.847561059000243089e-01
-1.340951501587975825e-01 1.020947125468609773e-01 -1.711282256442344107e-01
-1.043996066814425749e-01 1.335742991214470266e-01 -2.226991770179307939e-01
-2.483332499706940866e-01 7.995543373779039065e-02 -2.699403232852560230e-01
-2.104740036575750983e-01 1.180797053154530735e-01 -3.085084943088507448e-01
-2.557993765462415192e-01 1.324533532537388036e-01 -3.285179317657600517e-01
4.519287574707229749e-01 3.379115988716537289e-01 3.625897069932141892e-01
3.482124008054172104e-01 3.596533016296998286e-01 3.380641929644285226e-01
3.690129738403920556e-01 2.057378370602968576e-01 3.450657952212324853e-01
2.434833383296923504e-01 3.174744865635905078e-01 4.511179652923834604e-01
4.530941276670523710e-01 4.451305288052753162e-01 4.931227268850779666e-01
3.875698160260370728e-01 1.804787207008169969e-01 3.556491685017454385e-01
8.995495338776469951e-02 1.756666508538385629e-01 -1.515737763406732608e-01
-1.182366146774162657e-01 -1.340485143735942186e-01 -1.717701483203742940e-01
-1.137366936932927147e-01 -1.024520310224593111e-01 -1.936135610991405742e-01
-8.943332746260818089e-02 -1.029700275395048492e-01 -2.112703909513695688e-01
-7.064913216304723187e-02 -1.550699747731840994e-01 -1.618401028573136780e-01
-5.934418092001197270e-02 -1.551818720391685280e-01 -1.918727050961694103e-01
-1.362593653205863564e-01 -5.137535290663658438e-02 -1.367580156210651265e-01
1.073525731783566556e-01 -2.045092029341042672e-01 -3.509406737438706125e-01
5.919070122163216929e-02 -2.352671443483969060e-01 -3.872081730440385394e-01
7.106114879356306702e-02 -1.594314790808683269e-01 -3.353486376215287224e-01
1.161547078040873343e-01 -1.717081983796097111e-01 -3.446643657771216174e-01
8.786215934894994750e-02 -1.229390351321095337e-01 -3.830044867654459617e-01
8.839140323542817035e-02 -1.319307892932619353e-01 -4.304864079107494357e-01
8.215125292537581170e-02 -1.815439122338547429e-01 -4.390192640904423960e-01
4.766164285390510624e-01 4.620356815947074258e-01 4.905427254605659870e-01
-9.171644022102821980e-02 4.029925558405883512e-01 4.655526935400692845e-01
-8.897358362991414360e-02 3.740172016165271840e-01 4.659061951089880083e-01
-3.896820337147964275e-01 4.089244055215259244e-01 -1.633771727069322222e-01
-3.345554651104750699e-01 3.742839751671314663e-01 1.178057569388167060e-02
-4.404351131992563784e-01 4.168088653721588877e-01 -1.842198706059053892e-01
-2.129476217944600847e-01 5.208605577665002123e-02 -1.735994378818779549e-02
-2.623672824352352162e-01 9.503848147586616002e-02 -5.095431696724650461e-02
-3.491205620667938714e-01 3.696445094104258700e-02 -1.193362907828295627e-01
-3.077547537545113898e-01 -9.470992706781879156e-02 -6.484956970273277055e-02
-3.703307475697010243e-01 -3.994450293382638406e-02 -1.167052986072666804e-01
-3.216452744951971976e-01 -1.149827564296081461e-01 -2.309557028800100081e-02
-3.181808445293379251e-01 4.502439332714858744e-01 1.443098141658070120e-02
1.798370774293144847e-01 2.780245001086595891e-01 -3.051595903931237364e-01
2.969936784139924346e-01 4.619283383499525053e-01 -3.108081117293285400e-01
4.321060644508200044e-01 -3.727419860076506830e-01 -2.966338770672110603e-01
4.026281960203586530e-01 -2.431277354159962767e-01 2.861616869338446528e-02
4.253287400480552094e-01 -2.468548360596859448e-01 7.659117730168685245e-02
-4.845498338266617244e-01 7.956810876230183127e-02 -1.387786067450507976e-01
-4.524408128031818799e-01 1.309315421442090732e-01 -2.746842631939783730e-01
-4.397276232616926794e-01 3.160324597515420941e-01 3.029384357276544426e-01
-3.966810391429455018e-01 3.611837554535966555e-01 2.308525194595162089e-01
-4.430630656817177715e-01 4.330341092385420754e-01 1.794839156316508644e-01
-4.508096403929303109e-01 3.896835558330806193e-01 1.314711323967797663e-01
-2.180010956937274147e-01 -2.594876544772607430e-01 4.747306231533000576e-01
-6.335494102629053714e-02 -1.580666769204121802e-01 2.958129756218035311e-01
-1.707938801661226802e-02 -6.951834096841845445e-02 1.723523997063369784e-01
-3.034492864065016504e-02 -6.318921607586723554e-02 2.571544883304894280e-01
-1.726102811456816377e-01 -9.925157589949376580e-02 1.919668686399646773e-01
-2.231947345325165921e-01 -1.805311555679279534e-01 1.213173947450136292e-01
-3.633984638160200897e-01 -9.384634226955351766e-02 4.666784353986534462e-01
-3.471292373182802149e-01 -1.568564766060119228e-02 4.145327846364338376e-01
-3.671977123260523057e-01 -1.715993212815663249e-01 4.566253699797530596e-01
-3.322298672878841730e-01 -7.952756970444173346e-02 3.023297557100949051e-01
-1.240867727621808442e-01 2.059184016065235823e-01 -2.300608010177225826e-01
-1.157828279128430837e-01 2.546655521890237028e-01 -2.551693222960881857e-01
-8.420990230237621055e-02 2.488248975192312862e-01 -2.378053581588963905e-01
-1.384856718489990701e-01 2.272421503051461067e-01 -1.650350995723272873e-01
-2.246124874440835750e-01 3.121075093248053545e-01 -2.232436538991118824e-01
-2.179686132756414596e-01 2.959478950497544392e-01 -1.571296025063923796e-01
-1.763176891837739957e-01 3.720253660789304972e-01 -7.556735635920626415e-02
-1.848271677578786631e-01 2.613773450457395064e-01 -1.529778550089578859e-01
-1.825662158106959032e-01 3.969646753659227256e-01 -2.202620255989026776e-01
-1.310811560955135735e-01 3.882398590994436405e-01 -6.999088933138310209e-02
-3.359775487394261462e-01 3.909769449620312254e-01 -2.172646717052780230e-01
-2.849933075887828293e-01 4.257782988859762363e-01 -2.405573396114813467e-01
-2.560475390390348216e-01 4.056031364894457925e-01 -2.475756680995240544e-01
-3.025073611874080082e-01 3.214636530463460540e-01 -2.020109377146230567e-01
-2.728660633614132247e-01 3.384955322962680535e-01 -2.371334585220926106e-01
-2.407886490045711703e-01 4.416051781097377615e-01 -3.594872495569362836e-01
-4.378888648551988449e-01 4.504938484985453462e-01 -3.161191779730126994e-01
-4.447750701571080434e-01 4.325468440641076495e-01 -2.491574872676009522e-01
-3.589866755163005907e-01 2.138949778419390046e-01 -3.103145952581708444e-01
-2.946083435357370606e-01 2.146160525875572267e-01 -3.563836019780607933e-01
-2.498533989542023603e-01 2.327845335056307474e-01 -3.560186934581609508e-01
-4.701672523402288251e-01 2.945292863864039101e-01 -3.258242519717219898e-01
-4.240049826943002587e-01 2.191219109958540412e-01 -3.313517283066946262e-01
-2.348985264199524581e-01 2.558228587301357160e-01 -4.286055206115890193e-01
-2.944945757106721684e-01 4.676884676226713000e-01 -3.183143159916902443e-01
-3.253232795061392624e-01 4.927255740650383076e-01 -4.283982362853213099e-01
-2.650217122699744521e-01 4.677720963290822875e-01 -3.687453165468543848e-01
1.078713885406807349e-01 4.384178908312800771e-01 3.272795818573533411e-01
1.654307665427566243e-01 4.157331770308399510e-01 3.557607186828461998e-01
1.603231669309103102e-01 3.884566823864724072e-01 4.403483630472473376e-01
2.534338245041212745e-01 4.213185725608131205e-01 3.688568870964564761e-01
3.019443982494778300e-01 4.488449445211836752e-01 4.409004775569436707e-01
2.717024316916726301e-01 4.526403904049888793e-01 4.634473659988924688e-01
2.976327743081623178e-01 4.168639138677859846e-01 3.819374937945982373e-01
2.438191120120928035e-01 4.047867040173517283e-01 4.446483693128819303e-01
-3.538865729776655145e-02 5.127154870884748084e-02 5.795781163177665674e-02
-1.121725322148790505e-01 4.927006099468933531e-02 1.588937527259866311e-02
-9.948876688122806899e-02 6.737455696847299835e-02 -2.526972431065709068e-02
-8.996648747240258703e-02 8.360786240746592712e-02 3.077910200041825833e-02
-1.216132958620137761e-01 1.597082903863235315e-02 2.628146849097259818e-02
-9.248333665053969088e-02 -1.679953586612297628e-02 -2.363366467048789998e-02
-2.493795698652439413e-02 -4.909650336608606391e-02 1.006156831795483875e-01
-7.372031155211380971e-02 -3.391500041080215688e-02 -6.396708794509504969e-02
-1.127060800052733514e-01 -1.539053340786319425e-02 4.745493646927154141e-02
-9.344657539346956643e-02 -2.577771669040972158e-02 1.428944988819707586e-02
-9.929555395876156487e-02 -7.353036005156034227e-02 1.048287448790502854e-02
-3.301030620807043903e-02 4.207297810779728892e-02 -1.077438428875579363e-01
-2.706478971170793446e-02 -1.494012623072062639e-02 -1.111609361083164688e-01
8.696003328383855591e-03 -1.032255083614347091e-01 -7.526405315370429672e-02
-7.558366056546987968e-03 -9.834328568706673934e-02 -8.527973171995423263e-02
7.122724983368054763e-02 2.408407736704238911e-01 -5.759810837733161243e-02
1.862259601974832618e-02 2.655122679312877931e-01 -7.184751730346381968e-03
2.166969738798938533e-02 3.223710616801369055e-01 3.855347121952863026e-02
2.034542493132766167e-02 2.578620401337329282e-01 2.738870654884144329e-02
1.587836012106530192e-01 2.179944283676706340e-01 5.959516229966606293e-02
1.032131915145953205e-01 3.120083869047908243e-01 1.484593944884373684e-01
1.729617941409314005e-02 3.517000141870726959e-01 1.217790034688757683e-01
1.482561781199197570e-01 2.013325884766803131e-01 1.168387830327876631e-01
1.143157055099231351e-01 1.971836246690765182e-01 1.204152505809585605e-01
1.415376923458008807e-01 2.064835380021081690e-01 8.849376214431342591e-02
8.781412493831244892e-02 4.900687526187780807e-01 1.484128075092994159e-01
1.248462678627774020e-01 2.743882672679234247e-01 1.553779794130102088e-01
1.788861088480496464e-01 2.472641501479412585e-01 1.298588092081892353e-01
1.473675916970518807e-01 2.254722126431616958e-01 1.398261151752641096e-01
5.230990270728009400e-02 4.856136602974217009e-01 1.306719804646277183e-01
5.202651386641954367e-02 -2.243699323792138212e-01 -5.352024038533632899e-02
1.678815424320079241e-01 -3.363366120711243634e-01 -1.722877756430296337e-01
-4.071123093221988565e-02 -2.393860295253686377e-01 -4.212805344311867928e-02
-5.887085691807563553e-02 -1.946575024991141767e-01 -4.760365825649862798e-02
-2.362764609178040487e-02 -1.405442322287928092e-01 -2.719902657707833765e-02
-6.070860992580736498e-02 -1.232426228038897009e-01 3.733808884715960480e-02
4.647213540695831202e-02 -1.959403321171941936e-01 -2.666948426019515733e-02
2.182044092846093311e-02 -1.362318794144463108e-01 -3.436707067486980544e-02
-4.628356347380772721e-03 -8.618284042070838147e-02 9.620354733681911463e-02
5.579749404411259162e-02 -1.112180608894831058e-01 7.830821127087717048e-03
2.292638688648442058e-01 -4.166792368451659456e-01 -3.803698569501114957e-01
1.979350671756566205e-01 -4.363395151248469772e-01 -4.133852639629850834e-01
4.045311500211737910e-01 -3.754180685436813714e-01 -3.363716484988054090e-01
2.905863365131153842e-01 -3.412194310850568679e-01 -3.932011951334269950e-01
3.277909176757475840e-01 -2.903040900890657139e-01 -4.796914935328999152e-01
4.344883269381268898e-01 -3.053204390270379265e-01 -4.912486995482335250e-01
4.549079115839565479e-01 -3.337030441003606684e-01 -4.576809938584943671e-01
-7.646179909921443918e-02 -2.566515955058865095e-01 2.357280884273383476e-03
-2.197388249347713429e-01 -2.371073331155050812e-01 -1.250155492747669905e-01
-1.171908307533685023e-01 -2.469780459657398008e-01 1.508275183626877659e-02
-1.999698989477390054e-01 -2.039009633463687576e-01 9.997389298449250311e-04
-1.762166989441311671e-01 -2.161637390654017055e-01 -2.840394049902918161e-02
-1.659761490167263598e-01 -2.219530081482275763e-01 4.619449702497061688e-02
-1.529118301281156556e-01 -2.252642980514169835e-01 9.114680875516963099e-02
-1.991526919118833117e-01 -2.220108911098920834e-01 1.101945263868963631e-01
-1.664759700577488899e-01 -2.494386346983535063e-01 8.993576717934728681e-02
-9.654667300257387119e-02 -3.949454498343747955e-01 -3.895657441323851500e-01
-1.654768600720048777e-01 -4.511945586431882482e-01 -4.866342369050845607e-01
-2.806730211206500125e-01 -3.156526463061981036e-01 -2.906756244413966073e-01
6.721230342552486636e-02 -4.743711353030105049e-01 2.884330697003701927e-01
8.253855318198410895e-02 -4.463484922362258023e-01 2.739802417172819138e-01
7.380515732005195340e-02 -4.666266805005615526e-01 2.547423138198876003e-01
-2.469911837249395142e-02 -2.660501490834158989e-01 1.374574803022803049e-01
-5.321788368107523148e-02 -2.599044233008928617e-01 1.398152215241182106e-01
3.856590240133822012e-01 -2.271649775478223054e-01 2.275062680824163908e-01
2.168012807205383641e-01 -2.953693314213299836e-01 4.149600548043318460e-01
2.741620207419602218e-01 1.226275854749449140e-01 -6.336083455138312448e-02
2.261802899173388226e-01 8.409223695583423197e-02 1.156555308933789467e-01
3.020843793572154934e-01 -8.323819567684684340e-02 1.152381109480284938e-01
2.868530420165110728e-01 2.296686748712419360e-02 1.833511408277733734e-01
2.677094456487820184e-01 7.902167359943569613e-02 1.868314070210609357e-01
4.665817553702672482e-01 -2.140297905232406428e-02 1.273888859217180702e-01
4.358577876823687691e-01 -4.255354885489832928e-02 1.134702431779724130e-01
4.928269138243228653e-01 1.286442628055972995e-02 -2.339489269238728686e-01
4.902704599513173500e-01 1.276686710571905969e-01 -1.930273061273657387e-01
3.670319467882758313e-01 1.180435448831216594e-01 -1.381307000546302122e-01
9.316371947965691735e-02 -1.786114965154027984e-02 -3.358948538372746873e-01
7.792983868208670784e-02 -1.020589918755340636e-01 -3.437273701059042619e-01
9.151375398884652179e-02 -1.276255884001438468e-01 -3.475647075933436247e-01
4.850304371046087332e-02 -1.107867432831614041e-01 -3.403676121632143725e-01
7.006837337528566689e-02 -1.502419775930102508e-01 -2.764054499501637507e-01
5.191964797416338817e-02 -1.774549512858689948e-01 -2.286404577344045008e-01
-5.569355073427578739e-02 -5.833161171120828520e-02 -1.957934119402862938e-01
1.463380406164173017e-02 -1.486503746633230649e-01 -1.921549454985442829e-01
-2.065931539275302209e-02 -8.935839519202687375e-02 -1.255963450313074270e-01
-2.634782702663469173e-02 -1.182242186682052054e-01 -1.641608664411425833e-01
3.962681995138151586e-04 3.380562719628417423e-02 -1.261096123682320103e-01
-1.393094946484998119e-02 -1.495336088717901836e-02 -1.435362598286382685e-01
3.669722723065069886e-03 -4.732378345407425857e-02 -1.139474775907807769e-01
-1.433703778414716912e-01 -9.840595592273132519e-02 -1.474966407424032899e-01
-1.493631975589248539e-01 -6.521508605233730660e-02 -9.869941115286987032e-02
-1.361872127091441897e-01 -7.863272983969205043e-02 -1.204504216134029554e-01
-1.185265819550784250e-01 -6.238932082574144555e-02 -7.819918333702878532e-02
-3.663779969446059187e-02 -8.740930801488672186e-02 -6.344431268060683748e-02
-6.289315567697352505e-02 -8.116904095957974685e-02 -6.702962347129770571e-02
-1.475449620898492409e-01 -1.524598104515654529e-01 -1.231108954983753251e-01
-9.744556130262518878e-02 -1.584183323038139690e-01 -7.510780838986907959e-02
-1.686560130669661206e-01 -8.119690105981391959e-02 -6.836570604176041288e-02
-1.501882011808516881e-01 -1.162766913696692828e-01 -2.463680806381252086e-02
-7.259176170566752906e-02 -7.786054335541842120e-02 -2.991491140762806561e-02
-1.766494026312701582e-01 -1.621383968586107838e-01 -1.009021154747158783e-01
-1.455913149161510434e-01 -1.547637118581929871e-01 -7.859139005355611496e-02
-1.923566139715225110e-01 -1.177838647024900404e-01 -7.450667746720679441e-02
-1.731356598259704838e-01 -1.249413712017274913e-01 -5.065602546765322900e-02
-4.871417978669559390e-02 -1.410830596966858308e-01 -4.554589553804234969e-02
-2.913296295167081690e-02 -1.253981617486401856e-01 -5.663108679390203848e-02
-5.053388455737953949e-02 -1.110588748545367210e-01 -2.910855274396922238e-02
-1.813959503072521129e-01 -1.301847562139716030e-01 -2.985686939106588222e-01
-1.707168359607449115e-01 -6.781180323908979346e-02 -2.705717194550749660e-01
-2.340160704665670000e-01 -1.258449443694482639e-01 -3.232646022535859975e-01
-1.194613476401164970e-01 -1.153856110945882807e-01 -2.597094975421930241e-01
-1.468209516611258536e-01 -8.472340194088812115e-02 -2.755072748753759071e-01
-1.297522490933681882e-01 -7.894925548189835052e-02 -2.590734757408889033e-01
-8.989868443089066991e-03 -1.111438665814743348e-01 -3.344463904861617598e-01
-1.213731848426747167e-01 -1.064760567384022555e-01 -4.722034514041014153e-01
-7.453951035721957663e-02 -9.838703783174537754e-02 -4.572805785091775266e-01
-1.208816527241429600e-01 -8.660924652049033223e-02 -4.917536409832610755e-01
-1.403337130136069200e-01 -9.777582415640136138e-02 -4.827772486307252420e-01
-8.746997455578985059e-02 -7.359073074813371473e-02 -4.846136572955065391e-01
-1.153575192907271424e-01 -6.901017168043845074e-02 -4.823342653095785137e-01
3.904540883659505801e-01 1.636540037666575076e-01 4.840739107663601382e-01
3.840122291067846749e-01 1.326027177945400815e-01 4.219380358617644822e-01
4.422284751571439188e-01 1.925008993564761850e-01 4.767481830153245670e-01
4.520817047646732423e-01 1.812678135121568168e-01 3.830933344081159930e-01
4.333956665167902900e-01 1.694271306454500359e-01 3.719932072823916025e-01
4.793974492971954660e-01 1.724074719240740183e-01 3.779029671204595098e-01
4.718003949963091026e-01 1.632278182153775736e-01 3.573301413648429237e-01
-4.582490778642552276e-01 4.579719779429548554e-01 4.410529619106808297e-01
-4.793603985817290192e-01 4.620892641036656867e-01 1.977802239995977984e-01
-2.221970961710316994e-01 5.861731742354422264e-02 7.020488828412994875e-02
-2.351362090922881620e-01 5.976641665139945103e-02 1.631977148529993246e-02
-3.029726138858337969e-01 1.109716584775230358e-01 5.756237461241231479e-02
-2.102265361892446949e-01 -3.037776058765676718e-02 7.050414697409658482e-02
-2.052901901041476740e-01 -5.239581214522470720e-02 1.234713761565218032e-01
-3.488853368156192847e-01 -1.707114575330635209e-01 5.942010057474712836e-02
-2.241117245225693888e-01 -1.333069829398395301e-01 7.503164294733757900e-02
-2.569060293141287032e-01 -1.602585576833296388e-01 9.330898796510832260e-02
-2.558498328688798562e-01 -1.592775499239262871e-01 -2.596488515552317078e-03
-3.006991663153433247e-01 -1.304536145241978196e-01 -2.988751545742859839e-02
-3.340894801934930491e-01 -1.647008514669353607e-01 -1.660806817169854788e-02
-3.505993192312885087e-01 -1.254137766159411360e-01 -5.607143455514889893e-03
-3.191234439870065942e-01 -1.430764195224328017e-01 -2.072722046447314503e-02
-2.407296452708035661e-01 -9.048513750643097375e-02 -3.443780426257934263e-02
-2.402092383264030628e-01 -2.727508168447008094e-02 -3.090420813551952861e-02
-2.867942554360292662e-01 -9.007519368653764402e-02 -4.711802520962506124e-02
-1.689075572899254307e-01 4.647469593938936550e-01 2.325396402509172511e-01
-1.751181512145011110e-01 4.866909643608198777e-01 2.413301622619057341e-01
-1.883693035978696306e-01 3.916968491621358184e-01 1.806571429370812734e-02
-1.804591628759595612e-01 4.334062869079885472e-01 -2.934230442950108014e-02
-2.045654604595607551e-01 4.210387571634336412e-01 2.809172570847139061e-02
-2.241059585586679670e-01 4.380485019555649950e-01 2.104712165858066766e-03
-1.805520140081248726e-01 3.823506985378044565e-01 5.614374885117101588e-02
-1.206159806975085347e-01 3.989317753293835089e-01 1.310928166828700947e-01
2.279405665165177078e-02 4.870649399958313364e-01 1.272394461172288160e-01
3.019589514135711736e-02 4.485700347987317538e-01 1.138013456808357332e-01
-9.351962270225695761e-02 4.662233031253291138e-01 1.435905713563656871e-01
-1.375226943903402888e-01 4.792923064454256976e-01 1.446476148341834522e-01
-1.309779482315766852e-01 4.578851983222606004e-01 1.635536461366718930e-01
4.857292890736171764e-01 -1.431970592253062891e-01 -3.963352388039335650e-01
1.001424998754728568e-01 2.696925090438638817e-01 -4.050472910245435654e-01
1.872028937860656106e-01 2.009520929890064311e-01 -3.918625522059498989e-01
1.738994653316672245e-02 9.006394562090742906e-02 -3.873611372152861443e-01
2.077135256705248470e-02 2.207090385832707891e-01 -3.764650829792622333e-01
-5.862724788085659638e-02 1.126250653759181541e-01 -4.252049471007309789e-01
-4.889748447318906927e-02 1.970948673227989889e-01 -4.254989290055637419e-01
3.387395711160293699e-01 -5.191257732818039400e-02 -3.579506860895998455e-01
2.094022828421977511e-01 7.848499623191830532e-02 -3.268640418266060554e-01
3.425138928755619983e-01 -1.205441153793088971e-01 -3.704512637063450686e-01
3.519503696446356078e-01 -9.998115651315621355e-02 -4.292739826916740498e-01
2.037963858899350389e-01 -1.327217170938533308e-01 -4.715688321704583630e-01
1.847402521698277011e-01 1.343600357178636739e-01 -3.931242234434310090e-01
3.755331975549678902e-01 2.543593504769597891e-03 -4.609716600501007067e-01
2.760352444421714790e-01 -1.636092313802604559e-01 -4.070895024608043866e-01
2.803527217568691499e-01 -1.653245753050714972e-01 -4.376357306677903791e-01
1.430040581085096629e-01 -1.049825183158983460e-01 -4.535074309982871088e-01
1.349991136477268761e-01 -9.744764679185947964e-02 -4.211507675545044793e-01
1.165987623612664698e-01 1.108293868944959168e-03 -4.460434283174684600e-01
1.392635413812096379e-01 1.824887127557827532e-02 -3.632467313653046093e-01
1.071817814785117756e-01 5.822125608517979972e-02 -4.072793738672756403e-01
3.631686990999669629e-01 1.395539014451055715e-01 -1.761576892287969320e-01
2.056968551896932729e-01 2.876117715219738136e-01 -2.944954272450600596e-01
2.889842764638886341e-01 3.842925890085637231e-01 -3.151595069293247064e-01
1.950915828289718212e-01 2.592738934224172453e-01 -3.094692825371768152e-01
3.088112117692709546e-01 4.798822129358753519e-01 -3.443056655393064158e-01
3.082257130582001792e-01 -2.939351959074398279e-01 -2.100427908505496932e-01
3.154184940650622271e-01 -2.634915466019693842e-01 -2.703651920375547135e-01
3.694392260883173074e-01 -3.198232992152361676e-01 -2.140467554332668165e-01
4.015417355106547515e-01 -3.299575421013432042e-01 -2.724384086641263858e-01
3.035882832048396041e-01 -2.502036885806477873e-01 -1.317563120538679522e-01
4.032543740386611009e-01 -3.246539527595024288e-01 -1.418251860142508702e-01
4.393904450040329035e-01 -2.831543086912826079e-01 -1.219456575024617240e-01
3.510610481478556033e-01 -2.804260161805268714e-01 -1.202379847245660105e-01
3.932531927539333894e-01 -2.548214752315712261e-01 -8.932305243497694336e-02
4.498744585648325467e-01 -8.861207208222705856e-02 -2.485901843557866142e-01
4.681282632787709952e-01 -1.583991491871418467e-01 -3.103009679264727705e-01
4.765319411405604666e-01 -1.299237082481349559e-01 -2.730228597909413191e-01
3.458874822344182309e-01 -1.161980700692142043e-01 -3.209901349044431140e-01
3.262198813836744149e-01 -1.591138782849353395e-01 -3.142786037891727169e-01
3.916843505635467793e-01 -1.185800919227571470e-01 -2.730648250261945020e-01
3.534491576413314462e-01 -1.203978284202743831e-01 -2.249721220315685499e-01
3.690214532111490975e-01 -1.192440986325491031e-01 -2.933197082234917930e-01
3.412109670144435891e-01 -1.358621857376716702e-01 -2.780882857843349210e-01
-4.162725731166771470e-01 -1.214690792541441716e-02 -3.992550654877620175e-01
-3.452926897149765639e-01 -4.916627417196107325e-02 -3.439253193425922950e-01
-3.097741117477960660e-01 -1.019377538732168242e-01 -3.635578352041761163e-01
-3.058606673679492571e-01 -1.429413240425507492e-01 -3.886142716626638238e-01
2.252714536356536790e-01 -4.726573577004029025e-01 -4.161437823550246939e-01
2.476499996341498810e-01 -4.686133285813774418e-01 -3.841232706605649527e-01
-4.773717886012228684e-01 9.928230432623959267e-02 -2.996854489683070111e-01
-4.808151403665650303e-01 1.070333781603428208e-01 -3.444175384244303473e-01
-4.575071656676966136e-01 1.298149635997417582e-02 -3.085641757494781423e-01
-4.558545177399090931e-01 5.217768168734454592e-03 -3.750738426246510437e-01
-4.570636572724618985e-01 -3.840589103782658664e-02 -2.623549329287163112e-01
-3.621701970190298048e-01 6.039058771678813831e-02 4.456416927036039310e-01
-3.343230435317010030e-01 7.805260271037782471e-02 4.938141240972363510e-01
-2.733452333033034587e-01 1.090548908769594372e-01 4.827332411752928154e-01
-4.474875907206514736e-01 1.380404446757653170e-01 3.863370481094390851e-01
-4.410210739119121981e-01 2.085248109421260210e-01 2.782794698287172075e-01
-4.394907977873453442e-01 2.542939110577521200e-01 3.266530119764017859e-01
-4.676377513834351074e-01 2.042693282516193365e-01 3.317801444256344157e-01
-1.662630678889066849e-01 2.648080740065606453e-01 4.548211987659100397e-01
-2.799994082846214982e-01 3.366138765677865186e-01 4.010823608439072485e-01
-3.960891072028887572e-01 3.122684099059684359e-01 3.575233819363951016e-01
-3.401279413398626272e-01 3.434213674454932308e-01 4.196428211258877994e-01
-1.990265969793399148e-01 3.139019789588435860e-01 3.945370018291573522e-01
-1.673193528103310290e-01 2.673690147493469893e-01 3.751803580813143357e-01
-1.562925879708512156e-01 3.102993467568120334e-01 4.172900414360073973e-01
-1.820881609219148767e-01 -2.267408003474016831e-01 2.738721205498992339e-01
-2.151778808705587243e-01 -1.700871408006654484e-01 2.516258750397241117e-01
-1.754807736735504442e-01 -2.751380548415577332e-01 3.224834227997854241e-01
-3.061359950139089237e-01 -1.419072416928139901e-01 3.023834744073092828e-01
-2.500644654759294205e-01 -1.546387342278510713e-01 3.098292860342231614e-01
-3.430050052737854682e-01 -2.118600931693764289e-01 4.406569472478965022e-01
-1.994412696846446231e-01 -2.530108906442673500e-01 3.945799350167912833e-01
-2.497658738044142013e-01 -2.050375148370717215e-01 3.961574847898560736e-01
-4.080030660447840352e-01 -2.483152432271772125e-01 3.629852908357304453e-01
-3.716630674628025321e-01 -2.225850639768227335e-01 4.278827839959302159e-01
-3.908021871149630067e-01 -2.789033289256474535e-01 4.070835847559457488e-01
-2.598414235738114586e-01 -2.613525792859878738e-01 4.355614487837740079e-01
-2.986668832229742998e-01 -2.196082635268877536e-01 4.231521558837678665e-01
-4.376562834665580493e-01 -2.267917295478007189e-01 3.294080127351634024e-01
-3.586619934806749010e-01 -1.809418037805004820e-01 2.571154858865701276e-01
-4.104935688556752282e-01 -2.478129197461944322e-01 3.232475593764876365e-01
-3.961790562574132313e-01 -9.178325046310177593e-02 2.577176319414994365e-01
-4.546573279852355598e-01 -6.427840547109020530e-02 2.636746222318219202e-01
-4.639117505095761707e-01 -1.004604024955864372e-01 2.763585590472749653e-01
-3.815235111357674347e-01 -1.887001366107436406e-01 1.149045374799772395e-01
-3.807621348704934294e-01 -1.439293968111411970e-01 9.463813831343849403e-02
-4.417418806798534270e-01 -1.862629786431124479e-01 5.891752888765611207e-02
-4.758962821745848504e-01 -1.509941458736413777e-01 6.513315971595926013e-02
-3.175112656377970244e-01 -3.716193160147471253e-01 -2.859122400475283543e-01
-7.018155569098434576e-02 2.821785947709395947e-01 -2.510350153177348664e-01
-1.077342912480116766e-01 3.960385886316438175e-01 -2.474363237218158984e-01
-5.913259914459695343e-02 2.774072483775892883e-01 -3.072711378146021355e-01
-4.640468943660326639e-02 2.658204307334216532e-01 -2.648173825109050861e-01
5.810741546418900921e-03 2.505672135492611474e-01 -3.401486405506539690e-01
-2.328486867314774958e-03 2.509541260549517649e-01 -2.645619450461396127e-01
1.010317486962562933e-01 2.998999704263296540e-01 -3.568883897446727405e-01
1.162225987907339608e-01 3.467461251323181726e-01 -3.850394433767320157e-01
1.433991441188184890e-01 3.055713964725663701e-01 -3.371143186283013793e-01
9.941406855186132874e-02 2.548323710637896422e-01 -2.113589742822386264e-01
1.559897822565344261e-01 2.809678493200948313e-01 -2.738382082739893031e-01
-1.751258510477248509e-01 4.491193452560715560e-01 -1.308475018949606106e-01
-1.589616989571905892e-01 4.316049688446494947e-01 -1.543103650488937273e-01
-1.666140948201604854e-01 4.543549783425454014e-01 -7.259142635943056920e-02
-1.422609041136987384e-01 4.236917589871982970e-01 -7.966025272673506186e-02
-5.030358668925926507e-02 4.544539065659470856e-01 -2.023546661027035287e-01
-9.445340090385706544e-02 4.416609306841710048e-01 -1.967081618107556218e-01
-1.307515295018603363e-01 4.619452141890497132e-01 -4.310629624734597931e-02
-1.870170527192618892e-01 4.674337478158707149e-01 -3.755432460132102634e-01
-1.237226369132316955e-01 3.893889385068166620e-01 -4.295952949103493679e-01
-1.548816784408253433e-01 4.310221004434021674e-01 -3.830270697366244814e-01
7.121218438124415906e-02 4.232867400488492526e-01 -3.957153368691088136e-01
4.612968533715933878e-02 4.885290915881803087e-01 -3.391317051236695801e-01
-7.768082016164634673e-02 3.902715570728993999e-01 -3.550041446840604409e-01
-9.699836741795678230e-02 4.480176193160894660e-01 -3.318812121657561121e-01
9.464383611423626830e-02 4.200472476641750053e-01 -4.326662560496302712e-01
1.061122987320985700e-01 4.634689692332374933e-01 -4.451819983431650751e-01
4.739060692993804502e-01 -3.311004047769874892e-01 -2.971562445682751630e-01
4.658790474434389428e-01 -2.576313451222372874e-01 -1.893476588609579181e-01
4.547077241847171658e-01 -2.877751837233614718e-01 -2.603861976619032959e-01
4.771600649813334538e-01 -1.988405229534149221e-01 -2.886724102787424640e-01
-4.405846569595287671e-02 -2.301122285376600296e-01 -4.619267499619418293e-01
-1.266988990927329917e-01 -1.456280993272905944e-01 -4.746706712370428183e-01
-1.010947279211625027e-01 -3.777738978482473309e-01 -4.697536215734716136e-01
-1.118358923195013482e-01 -3.644460846418576261e-01 -4.510511672841712172e-01
-1.469989328098912362e-01 -3.887927305247920740e-01 -4.738033731000296234e-01
-1.236802428135289761e-01 -1.948735990360784820e-01 -3.920696955962224006e-01
-1.822728982228897787e-01 -1.539127571003319483e-01 -4.247263333951028508e-01
-1.405660718363297701e-01 -1.359882617962526186e-01 -4.393056888775851987e-01
4.662888928826999235e-01 -2.745734770142789216e-01 7.903682920186597127e-02
4.833053208737674300e-01 -3.158946124195070038e-01 -5.184483939613765413e-02
8.580940267913886310e-02 -2.540702547887893625e-01 -1.398341566607375630e-01
6.106510511915307776e-02 -2.189147082060229621e-01 -1.209515946037556522e-01
4.642169679627485696e-02 -1.965635942219401133e-01 -2.061911998927671574e-01
1.754452602793461422e-02 -1.766154977711341112e-01 -1.960527935831391511e-01
-3.028456478976001773e-02 -1.798490248576284645e-01 -2.028631593040211845e-01
-7.591163590609550926e-02 -2.168957251758062421e-01 -1.397704170480102703e-01
-3.515663871114082378e-02 -2.416490676659500958e-01 -8.034124612509734031e-02
2.276044980909229520e-02 -2.439401789606272242e-01 -7.434120916480115027e-02
2.732504114523200967e-01 -4.153067708642609324e-01 -1.251675421557442262e-02
2.110522210234736518e-01 -4.506756983641977965e-01 -1.542535856884899581e-01
1.812623905320783213e-01 -3.874901018611422998e-01 -1.497614335349732040e-01
5.781984034565235825e-02 -4.853942573152220108e-01 -5.888548335203373091e-02
1.317331386802969850e-01 -4.815544180297671173e-01 1.043087946327778404e-01
1.776021262132708445e-01 -4.493100582422395184e-01 -1.697426858992731324e-01
1.504843006988896559e-01 -4.207646633490638721e-01 -1.717903099020709756e-01
1.457208937756041822e-01 -4.710407126482299978e-01 -1.684705512605179367e-01
-2.521840770723129399e-01 -2.947243645748705565e-01 -5.632564827430205229e-02
-2.405011334698165526e-01 -2.817159697991252765e-01 -1.171350528995994955e-01
-3.030575549978484773e-01 -2.599820433364153360e-01 -1.001959847740930554e-01
-2.842726857316835720e-01 -2.655034574906779965e-01 -1.225495144706365003e-01
-3.251505480876680787e-01 -2.645025353069823115e-01 -9.295445784273585754e-02
-3.585526169226992965e-01 -2.636742741699821813e-01 -1.272588423996541263e-01
-3.126472756830426247e-01 -2.892787144011234046e-01 -1.549321460066488687e-01
-3.449168040344554043e-01 -3.496823504235523905e-01 -1.653090685286319195e-01
4.558267529595506212e-02 -4.774085599481159847e-01 -5.369073288977936620e-02
-2.055495723276979103e-01 -2.809214754236956657e-01 1.067397602265609813e-01
-2.455957353459708448e-01 -3.256880907651056867e-01 3.499634030353204056e-02
-2.519275365185015825e-01 -2.472662384131723012e-01 1.366281241865735796e-01
-2.290929543927903711e-01 -2.285511041017471434e-01 2.162701793879275025e-01
-1.964137470340998892e-01 -2.722440964016271114e-01 2.228650331812340735e-01
-2.970400777144593940e-01 -2.959949755058476351e-01 6.602000844085263720e-02
-3.184264496820964352e-01 -2.482982268209893983e-01 1.158819204150057791e-01
-1.515367162025161862e-01 -3.443573106164813380e-01 2.761601159882258738e-01
-1.764738753636702906e-01 -3.066047211162353792e-01 2.797383590331442016e-01
-3.676618014614096985e-01 -2.352019678009444337e-01 1.565591820569027237e-01
-3.412975187722218640e-01 -2.628937487131556838e-01 1.872030334106853655e-01
-3.837890572405051604e-01 -3.044196476350289893e-01 2.218771356526832994e-01
3.132843933980796747e-01 -3.936293951306394368e-01 3.994777475176074510e-01
4.873519004258217158e-01 -4.031452114073277304e-01 4.603243723728248638e-01
4.252790667562783566e-01 -3.826319862312066444e-01 4.117458727192829238e-01
2.712449579218710327e-01 -3.699814121409087386e-01 4.490108112434325616e-01
1.085337095978080729e-01 -2.466859683318756991e-01 4.282032774140329678e-01
1.323584517765850344e-01 -2.881701481094511297e-01 4.148569022153418273e-01
1.544033646940369819e-01 -2.845577996030936863e-01 3.866457735287671671e-01
8.117284065800739468e-02 -2.219245391988968752e-01 4.148512785477986298e-01
1.244392443311148067e-01 -3.457632158571599112e-01 3.143162886308227266e-01
4.090687623226756109e-02 -2.039752525684991324e-01 3.068457278767308671e-01
9.384323836075433856e-02 -2.108356439532479421e-01 3.955531281130540977e-01
-1.229483707935331016e-01 -3.545432659742498993e-01 3.231998364306644111e-01
1.310177653430846106e-02 -3.207961862014493959e-01 2.583083287653253901e-01
9.089284388761319222e-02 -4.247730002807925120e-01 2.906397827430645675e-01
-1.109891009441090065e-01 -2.815602591543368005e-01 3.457105131584632396e-01
-7.831111222902553681e-02 -2.680935030415103060e-01 4.012650919421434925e-01
-6.038406067626290313e-02 -2.839317492289286649e-01 4.523254478178576066e-01
-8.646803532607462428e-02 -3.223982642205207028e-01 4.535225637067575866e-01
-9.361311106142414240e-02 -2.762246159629496711e-01 4.471462570920379798e-01
-4.376664217822232722e-02 -1.981212158268517709e-01 3.313768170069423813e-01
-3.202781235254264364e-02 -2.114836364158893534e-01 3.862458238645927189e-01
-4.327475101374546329e-02 -3.926953342951169379e-01 4.501147221806284238e-01
3.036179686270232270e-02 -4.025302109208610535e-01 4.348313337899193942e-01
1.738370549213983096e-01 -4.364078764266262067e-01 1.289169868161596233e-01
1.534743588344412435e-01 -3.967663145287131932e-01 2.603937883230930117e-01
1.670148506100882502e-01 -3.526490168295992045e-01 2.742308919859635652e-01
2.805608899435624304e-01 -4.010818261119005745e-01 5.511196739799334443e-02
3.758377395716607783e-01 -2.442024136379078447e-01 1.199842881419435486e-01
2.315783216760906038e-01 -3.486521170118238033e-01 3.366806349897915607e-01
2.974439625368450746e-01 -4.347745981818900707e-01 5.970801478673687379e-02
2.293383434235571339e-01 -4.525209149684771837e-01 9.643004546609937333e-02
3.715914492685848947e-01 -2.484418289343650610e-01 2.134670158683743546e-01
3.571737675090096986e-01 -2.241433709589310819e-01 1.137571019198015676e-01
3.636197696730551487e-01 -2.066335977662422663e-01 1.480752243451173289e-01
2.413764783009287596e-01 -4.207378582364777464e-01 3.203429567931472821e-01
2.877407891743401502e-01 -4.044533761120153170e-01 3.464921875539167528e-01
4.003761405235564674e-01 -3.939516029160752830e-01 3.142280495315820654e-01
4.185920414820249458e-01 -3.139989942597499195e-01 2.666336063502011133e-01
1.837039658776528916e-01 -2.926738655062126604e-01 1.966912218763816333e-01
1.953885384878228104e-01 -7.701733949794739575e-02 1.076313015745361396e-01
2.474502251933985431e-01 -1.087410789321512500e-01 1.524447486256985118e-01
2.860029538616049721e-02 -2.537715447831445648e-01 1.077995186345145490e-01
2.423319259199493148e-01 -7.994959995508700568e-02 7.858882219091471721e-02
2.513448868451235718e-01 -6.357018710929750183e-02 1.236459457971266357e-01
2.631191460844034546e-01 -8.270875063742083588e-02 1.101301693306490914e-01
2.689294585094558210e-01 -7.977796663468172955e-02 1.356794217693492177e-01
6.942228086327718872e-02 -1.282965283555140001e-01 1.553541544686602195e-02
6.278551134178091131e-02 -1.818976711556459513e-01 1.821233204680334367e-02
2.571777295516480821e-02 -1.042447622434685001e-01 1.495846139420757837e-01
4.201175719168528250e-02 -8.328562603718234203e-02 1.334009691588059765e-01
9.547696835340282670e-03 -2.386680311557129730e-01 1.607637229844550708e-01
6.179705480390312866e-02 -1.874066088117811446e-01 2.681548319368539657e-01
8.915107694912359493e-02 -1.633134274705622946e-01 2.534801388917897746e-01
-4.550086801660106414e-03 -2.230384915282332126e-01 1.984222342396101957e-01
6.582753718141189092e-02 -2.388241380002361913e-01 2.736637264529893643e-01
5.002369761721867092e-02 -2.627343723677912357e-01 2.463125718839639100e-01
8.539057117231918514e-02 -2.653418055659738650e-01 2.568513049227256206e-01
1.586117669017698614e-03 -1.104220536482985598e-01 1.753067554635929226e-01
2.337977191661575610e-02 -1.415557880834353022e-01 1.773945859700634953e-01
1.861163924248988855e-02 -1.783226581554051837e-01 2.459152034463691627e-01
1.504716926831081540e-02 -1.210483644215628873e-01 2.318595541718484199e-01
2.845183233572495252e-01 -6.401474052894002426e-03 3.414570228344952496e-01
2.746306129097239590e-01 -9.316193193201968703e-02 3.542569120603977773e-01
3.233629861512708481e-01 -1.548948349540007208e-01 3.671341707252341879e-01
2.885631269636974583e-01 2.770593738048112917e-02 3.596186729491769873e-01
2.573829174566605316e-01 3.439813123121684274e-02 4.413433706604387163e-01
2.167284721157057004e-01 -1.854964265873906559e-01 4.384539052993440267e-01
2.433084895684090587e-01 -1.935918530001848048e-01 4.442739885993133853e-01
4.809415746979143758e-01 -4.471590777947082040e-02 4.196511506892756094e-01
3.797161321683357182e-01 6.550826374896144555e-02 4.114992885829097946e-01
3.262531522253782068e-01 6.023798074536962366e-02 4.702050644580029193e-01
2.846979452082914475e-01 8.518955231855454557e-02 -9.729057741353386302e-02
3.361806532247804125e-01 8.557201477508900866e-02 -1.558040136542500620e-01
3.490301632036542645e-01 7.935436698124051502e-02 -1.170821624649013154e-01
3.144871794809637189e-01 -6.781813257643685977e-02 -1.934857488808692794e-01
2.704035043319088505e-01 -5.411507269100989531e-02 -1.024914760227941396e-03
2.506749285997987853e-01 -5.182745640680989918e-02 -2.165039763717893084e-01
1.898538168401208703e-01 -7.055741465498421849e-02 -6.732505191141298362e-02
-2.106044098698180156e-01 -5.152889590420075411e-02 -3.034332225423418961e-01
-1.935896806343620213e-01 -6.923333806829201631e-02 -3.107481350289448829e-01
-1.775133278389932900e-01 -4.673014904027293637e-02 -3.016484059423676367e-01
-2.463359456534050529e-01 2.963857997286957480e-02 -3.091704579408233733e-01
-2.635191974052860098e-01 -3.192554897924171006e-03 -3.677874431957640078e-01
-2.354992871090758055e-01 -9.242462870991680068e-02 -3.395256808708287388e-01
-2.563333001020716706e-01 -8.892615835460560003e-02 -3.684830411798361016e-01
-2.261315753677390628e-01 8.905560077381358131e-02 -3.532980315310501052e-01
-2.423353100513112313e-01 5.730516831528339322e-02 -4.232902905850536857e-01
-2.038227646018487271e-01 -1.285067895995019027e-01 -4.169806815276629330e-01
-2.413083393739073323e-01 -1.196990221122045117e-01 -4.282321876835241126e-01
-1.179612217529346224e-01 -3.414883835456825750e-02 -4.677735182312346418e-01
-2.057566691877711074e-01 1.291976734251382500e-02 -4.594548278130976549e-01
-1.858691292659561956e-01 -9.465315530568499391e-02 -4.442142801146002906e-01
-2.200649888017965072e-01 -8.136293396851726478e-02 -4.522291945551444314e-01
-1.427523890143498342e-01 3.630952124583350371e-02 -4.502255002034548093e-01
-9.794808876288663146e-02 7.050698545370515102e-02 -3.947781393816441886e-01
-1.584154703343557680e-01 9.102728778734192616e-02 -3.465878295509641216e-01
8.166729247220240115e-03 -5.751860778222656068e-02 -3.209033875410646219e-01
-4.256971882920881911e-02 -7.564486503732875677e-02 -3.504673281892419223e-01
-9.750432090277198760e-02 -7.684513804485830490e-02 -2.675881517189850345e-01
-7.917509628661521803e-02 -3.832944209662988988e-02 -3.874872079099338507e-01
-1.175243733304331128e-01 -3.130866133369675230e-02 -3.294048543685905717e-01
-1.099456126846214410e-01 -7.671471760633528925e-02 -2.713849166902662646e-01
-5.683817117279505587e-02 -4.088689544089663813e-02 -2.480112705227686676e-01
-8.010785860640780298e-02 3.002940627168354873e-02 -3.819372872349569570e-01
-1.045413559229184386e-01 3.538076354477238256e-02 -3.355657025415068051e-01
2.155697717377801081e-02 8.666715297390847894e-02 -3.381788217999071033e-01
4.813287770916856861e-02 -2.590831907509714115e-03 -3.225040017752824895e-01
-1.729239139654815613e-02 1.581432261520273122e-02 -1.777315819304838562e-01
-8.381867481925769914e-02 8.062981774545070757e-02 -1.953197733560211036e-01
-7.826441642046894076e-02 1.080327469114752831e-01 -2.371765217046992724e-01
-4.021049714305893058e-02 1.272171906681811571e-01 -2.358398571394116905e-01
-3.574389603517259817e-02 6.486937833788070096e-02 -1.702248763441389090e-01
3.679133601910279661e-03 7.260240852882647589e-02 -1.880588462216281342e-01
-4.408302503520052928e-01 3.332047506305806928e-01 -8.238031694551058159e-02
-3.325973246253399740e-01 2.591023898307792672e-01 -1.008615652266172114e-01
-3.326084558872948738e-01 2.967233197657004329e-01 -9.788338270817506515e-02
-3.814947891713266759e-01 3.382479140438947596e-01 -7.986942240502524493e-02
-3.328207384815744518e-01 3.151007370577386668e-01 -2.082817689144224327e-02
-3.536010681167704450e-01 3.242678734197588231e-01 3.456294524254015926e-02
-4.275168596781154795e-01 3.112361384451788338e-01 9.753828367728219206e-02
-3.172297023758357537e-01 2.401821799953140490e-01 1.114384342328692962e-01
-3.926437583045027657e-01 2.613569504901682716e-01 1.225153448958791191e-01
-4.553864767329639518e-01 1.505944939138863514e-01 1.362602938829836907e-01
-3.208001612672860547e-01 1.508223677596802759e-01 1.105497949976576577e-01
-2.978110375818074362e-01 2.114578806311120662e-01 1.098850841544354029e-01
-3.060947050789790125e-01 1.709149238157633977e-01 6.342346789766388493e-02
-4.194703375158249647e-01 1.938311111916065921e-01 1.525442187543105677e-01
-3.252271585488729078e-01 1.137821291074189584e-01 1.372406430906171482e-01
-3.617978985280673743e-01 1.433920453486380031e-01 1.244001782150113977e-01
-3.324801063463409534e-01 1.175968412853778677e-01 1.240729188066591882e-01
-3.029154607734679816e-01 1.379884563990066149e-01 1.167786378814700959e-01
-3.087573795851406566e-01 1.153310510166026259e-01 1.212286312432110796e-01
-3.038984824449727506e-01 1.146341049079935975e-01 1.009537558991580458e-01
-2.891066764005105760e-01 1.421807879092094884e-01 1.041437169649798988e-01
-4.659208479053689733e-01 -2.165886198965422810e-02 1.642013291618135695e-01
-3.637150126973975883e-01 1.109866116620200974e-02 1.434408916119089827e-01
-4.153059098114632586e-01 -4.152571478451301534e-02 1.745186210357006218e-01
-3.852969501003388197e-01 -9.853997076987705550e-02 1.086085675875723966e-01
-3.773656863563613628e-01 -9.323143868176067550e-02 3.053527847788797475e-02
-3.928446538173885894e-01 -1.025659432418319361e-01 9.719508084602444808e-02
-4.501503344290707642e-01 1.395128883538908349e-01 1.400459152445073796e-01
-4.858942269803838698e-01 9.353305209977610946e-02 1.388055152512776558e-01
-4.966044463518167751e-01 8.262582816446477352e-02 1.271043342987020763e-01
-4.848662887505765240e-01 4.200919349189687069e-02 -1.166764306144532221e-01
-4.929046217822888876e-01 -5.895342876387543729e-02 -7.899003109918056875e-02
-4.517695681230519678e-01 4.043819484121994462e-02 -1.092946541094956536e-01
-3.851665515350454760e-01 3.191378109671114821e-02 -1.016543140253310107e-01
-4.800366268483183263e-01 -1.094209379318468595e-01 8.846090086040557521e-02
-4.372769120614306559e-01 -8.050202417392943177e-02 -8.271759263012884444e-02
-3.849888725619855512e-01 -8.097133532305857140e-02 -4.702682002605398925e-02
-4.099972779862789407e-01 -6.131073951953960877e-02 -1.192422364777347560e-01
-3.940425004317190671e-01 -2.654481500233071486e-02 -1.068193156390145476e-01
4.586772448381600809e-01 2.805141765488912697e-01 -2.538338379938630540e-01
3.619176822227904156e-01 3.163319808344209894e-01 -3.460525482407635911e-01
4.412769202494225551e-01 1.101368099630304492e-01 -2.614880982031725920e-01
3.952068136952441302e-01 1.483741938731875654e-01 -1.927366784868779770e-01
3.505304442582523605e-01 5.085447485277802548e-02 -4.258776186681301756e-01
3.529452364760674588e-01 7.973834996710732481e-02 -3.780331944531309385e-01
2.402669973486298849e-01 2.010460828665573407e-01 -3.700388514574021182e-01
2.571476251395177215e-01 2.416222152799067102e-01 -3.316889649663594675e-01
4.826392433621179423e-01 1.168555284441630954e-01 -2.194619488669044272e-01
4.760890781956770290e-01 7.612703711662521799e-02 -2.546398993954825940e-01
3.407943944310715678e-01 1.189277670762901862e-01 -4.371010393210961742e-01
2.623314563282478917e-01 1.199574865808543805e-01 -3.376142669830142218e-01
2.482826274804511291e-01 1.529966940419573707e-01 -3.709681759730374950e-01
2.541896614802364729e-01 1.484389731367131149e-01 -3.024861997499120325e-01
3.207015836020402633e-01 1.445802258970912690e-01 -2.421670681328985664e-01
2.461774996739999610e-01 1.999772275827365331e-01 -3.155135780660230371e-01
4.576875644881807093e-01 1.432057338968446558e-01 -2.070354717459164107e-01
4.615439567189956183e-01 1.913937426732766067e-01 -2.149475027470336697e-01
4.197341708427785312e-01 1.577232207377582962e-01 -1.929795591226950158e-01
3.895117197597093850e-01 1.433022229535948489e-01 -1.321107527326917663e-01
3.841821909362844734e-01 1.380646572789936133e-01 -1.683996901477728680e-01
4.594234268398641463e-01 3.785099044586773820e-01 -1.599231381086254067e-01
4.674773664872653445e-01 3.783163531257709988e-01 -1.390724672950113538e-01
4.431695445938684252e-01 3.397729492178707122e-01 -1.911920960262633307e-01
4.086662679377161544e-01 3.663377704683823954e-01 -1.582307568793062669e-01
4.267809724994581777e-01 1.234708914161122967e-01 -1.058665943958517208e-01
4.306760902098238364e-01 -1.299786427212107631e-01 -1.515583538514809758e-01
4.402517640238600705e-01 -1.442803570790447132e-01 -1.277651330044100031e-01
4.912716043691101042e-01 -6.826325996177831645e-02 -1.630537380596897706e-02
4.929219573055871328e-01 8.462569605468545086e-02 -1.220472931870302258e-01
4.602118454159292438e-01 -3.256624417341524858e-02 -7.267392285420545828e-03
4.832048111287781111e-01 -1.194181389758583456e-01 -9.696213444525489389e-02
4.918086770094409199e-01 -1.083799687760416547e-01 -5.952037111001892006e-02
4.733248721332216635e-01 7.215491497351367300e-02 -6.391694014343123065e-02
3.717574535117032508e-01 5.452594241201482589e-02 -9.737609469543496987e-02
-2.725476719652927260e-01 2.654286157231074972e-01 -4.514102194006816005e-01
-3.093318478877195576e-01 2.118409527473668064e-01 -4.414364353982873079e-01
-3.420325324101455844e-01 -4.785508261899915627e-01 -3.563614286600412240e-01
-3.536713307875867796e-01 -4.624420302882976119e-01 -4.653171701839829422e-01
-3.713258081690254397e-01 -3.911129277492159106e-01 -3.205714127330523966e-01
-3.932921936355581183e-01 -4.703573858873691949e-01 1.882189907584237154e-01
-4.178594878994069117e-01 -4.321862572649151080e-01 2.179934157055682109e-01
-3.827388258678683375e-01 -3.818012909594133975e-01 6.996075172325397218e-02
-3.748765776347417478e-01 -4.494208304392214859e-01 8.485689888472312814e-02
-4.014993880601212539e-01 -3.372027463220444998e-01 1.431279509508948111e-01
-4.037344743248527656e-01 -3.451616819223122801e-01 2.089666939152645397e-01
3.997560056257224992e-01 -4.088254161546883148e-01 -1.152779663619191708e-01
2.919637185166097382e-01 -4.605367929907411839e-01 -4.609968242697824736e-02
3.071850374997358024e-01 -4.630342991890006865e-01 -1.236599336843939578e-02
2.764093257162126838e-01 -4.743040763126609161e-01 -8.005121502846765380e-02
2.929566718864564656e-01 -4.791570521842855035e-01 -5.685792824248857291e-02
2.856113171754651181e-01 -4.642472697453142172e-01 -1.485993968544221666e-01
3.661288153417467939e-01 -4.126035360719836897e-01 -1.762899979241090709e-01
-2.801324784486700636e-01 -2.937548967001130107e-02 3.158127061481314501e-01
-2.765669771392051945e-01 1.163113107435830851e-01 3.011987497085496512e-01
-3.090824919676871119e-01 2.387401885965132961e-02 1.925786947111748915e-01
-2.403147923343633696e-01 1.488903016753357483e-02 1.428912904189638955e-01
-2.183957103009040723e-01 -9.869520710208325165e-02 3.017857102279596915e-01
-2.858719397613051494e-01 1.047908953535264115e-01 1.624470902318095322e-01
-1.632993628824601362e-01 1.925042154813972617e-01 3.583039608739882476e-01
-1.609278371992614864e-01 1.768736387476337879e-01 3.916654852372672968e-01
-1.468331011956544585e-01 -7.281167777083721870e-02 2.180394736531599542e-01
-1.756923044640964215e-01 -1.062245002470093708e-01 2.630649131201361901e-01
-2.296657949876279581e-01 1.223490708987332032e-01 1.359469101095158727e-01
-2.877740093819429190e-01 1.290275773018994265e-01 1.365618126002984267e-01
-2.627253655610929939e-01 1.000244294121337141e-01 1.342004718855030476e-01
-2.366072940837264937e-01 1.342855236114030293e-01 1.510332655435857596e-01
-1.598801956421003756e-01 1.730196784997837800e-01 3.061366835346553961e-01
-5.438858190261669501e-02 1.103832156343890480e-01 2.558614134593461542e-01
-9.915056016203670219e-02 -7.296907857234792572e-02 2.540134930820002190e-01
-1.109243777480757170e-01 -1.001548671352646691e-01 2.698614581998895479e-01
-2.631193892778804083e-02 3.823375801608997621e-02 2.977178705541806969e-01
-3.249614573354939889e-02 7.834778633228563216e-02 3.323346721810713778e-01
-3.665246636108650258e-02 8.245097777679484541e-02 2.778229405562638865e-01
-2.532748510916476015e-01 -6.262603825031903826e-02 4.598836383177325460e-01
-3.022523592967302219e-01 8.374581832242974921e-03 4.365247694991272742e-01
-2.968235923681340482e-01 2.095722998068932225e-02 3.882346702692823781e-01
-3.062483501311457634e-01 6.324225170472398683e-02 4.288937007747391505e-01
-2.764909105420669810e-01 7.274232971160578265e-02 3.789415379636020265e-01
-2.560210511298137703e-01 9.922351245351004878e-02 4.548974036734550475e-01
-1.937826706976947810e-01 1.286180700527384813e-01 3.827165114423514702e-01
-7.600487242954877265e-02 9.282256462953442089e-02 4.743662999702778493e-01
-7.853850972594372815e-02 1.321730580004419342e-01 4.475730911760433250e-01
-1.306567080340106934e-01 1.375794345907861982e-01 4.027154197814826198e-01
-9.218919347906551209e-02 -4.344450694966528470e-01 3.507360875546537415e-01
-6.153808814053061960e-02 -4.427017256578883453e-01 4.231737717512604746e-01
-1.121480738451229031e-02 -4.583103092789392874e-01 3.967998185845915682e-01
-4.431036878651986033e-01 -2.856137694242937286e-01 -1.178350349263060787e-01
-4.199335173760951889e-01 -3.218335595246912817e-01 -9.486627887657346492e-02
-4.056996264515237427e-01 -3.811213434203452044e-01 -1.544091039672202958e-01
-4.909246867863346631e-01 -3.636857417805985371e-01 -2.614792177319189698e-02
-4.424211291110157207e-01 -3.910542302887184407e-01 -4.470761056710499670e-02
-4.434244941838872411e-01 -4.030574851811329906e-01 -2.728777327618695514e-01
-4.828815389383359080e-01 -4.689415323833543980e-01 -2.522386833204162127e-01
-3.591711403148229453e-01 -4.752740214099315241e-01 3.545210754517282015e-02
-3.966888532103189924e-01 -4.278771335095966077e-01 -1.002789734249456693e-01
-4.296180117748140126e-01 -4.387513737329867269e-01 -5.241571026990728827e-02
-6.115622012245677808e-03 3.117231112353023303e-01 -1.743918854347442926e-01
-2.198800491769982435e-02 3.007321237439171679e-01 -1.084944301025378977e-01
4.975563092236959077e-03 2.918226887931774649e-01 -3.379630652434226223e-02
9.128845374792105005e-02 2.638952604523688850e-01 -8.215288404058822269e-02
6.908843889709184727e-02 2.859083550772381632e-01 -1.763666171797345639e-01
-2.790323633972752529e-02 4.177559948647381338e-01 -1.550786392001393399e-01
-5.212204097038868750e-02 3.780376382230096755e-01 -7.787273741899528035e-02
1.573846512143635412e-02 3.538580103094969287e-01 -1.627796223476551257e-02
-6.868351632962450826e-02 4.024521686449987756e-01 -1.008105771239996701e-01
-4.835185309644780827e-03 4.669327681817926345e-01 -1.886301972573871666e-01
5.358685553785841327e-02 4.771723202279923859e-01 -1.937559907821050920e-01
1.015380884950507628e-01 3.933635353185447880e-01 -4.688701960954150261e-01
1.156638852554812691e-01 4.321737167935841284e-01 -4.820054838664306618e-01
1.150530316430118660e-01 3.056782938212816436e-01 -4.748072779856150061e-01
1.426651602377996264e-01 2.684027299501791086e-01 -4.644569842410302685e-01
4.510124282554008324e-01 -3.588337927475682143e-01 1.999137912434993392e-01
4.609702981016278178e-01 -3.142264342759304996e-01 1.059320122452366980e-01
4.218702806144564721e-01 -3.258394885086626225e-01 1.331686737259086817e-01
4.478642160977452380e-01 -3.986567617570227484e-01 2.382862852972954526e-01
3.636450806678168668e-01 -4.440239088755204566e-01 6.949241909452648358e-02
4.226198071619391983e-01 -4.409494735494711715e-01 -6.267751745250829676e-02
4.775815751257196928e-01 -4.463805598905459804e-01 -6.710952532217240307e-02
3.765047276795390196e-01 -4.640990332423087228e-01 -4.964143138871354374e-03
3.823354717086770854e-02 -2.390786869963646144e-01 -3.136868091353656740e-01
4.391341100919918250e-02 -2.891556580894674156e-01 -2.693791200565703869e-01
3.386184409390356753e-02 -2.008979883915179565e-01 -3.095529397103848890e-01
3.163826122747494946e-02 -2.008391286590715530e-01 -2.625670690090924353e-01
-4.323035989005429014e-02 -2.157836654754059780e-01 -2.412336944125131333e-01
-1.294633130018167377e-01 -2.892019996051635733e-01 -2.063941153469560086e-01
-8.802124128007228487e-02 -1.755956683680877650e-01 -2.929737103411029775e-01
-5.895016076289531781e-02 -1.792744193649643825e-01 -3.114179999893255113e-01
-1.716783063867395875e-01 -2.838332945071845304e-01 -2.588155853047564570e-01
-1.361844829795481326e-01 -2.474018681209246284e-01 -3.690016088777962056e-01
-1.309967935852344723e-01 -1.904823598309219324e-01 -2.970341199469738180e-01
-1.149305149494867367e-01 -2.157303907981170665e-01 -3.273458284492768433e-01
-2.011097932775633701e-01 -3.157505634097743652e-01 -2.925046373962611468e-01
-1.599202795047892922e-01 -3.113876705809029977e-01 -3.812081314343121474e-01
1.776445857518958379e-03 -2.746175592923308928e-01 -3.598565531849912125e-01
-9.478358086145266537e-02 -2.737354249678378704e-01 -4.021478810189332287e-01
-9.228685230069713641e-02 -3.695312736259923070e-01 -3.976926143445424500e-01
-1.053417592626722521e-01 -3.308266816671874277e-01 -4.155951920525298160e-01
-1.760434010166813390e-01 -4.649211788202750606e-01 1.571143263688697111e-01
2.669111982980086617e-02 -4.492040545377400385e-01 2.018712138935827849e-01
-1.333259246605980886e-01 -3.454430558681330643e-01 1.703844989795345322e-01
-5.003376727444079630e-02 -3.118391966123573722e-01 1.092751532788429486e-01
-4.478030422624165729e-02 -3.229478379788718323e-01 1.767969354211683941e-01
8.949304616025634956e-03 -3.802911178358685529e-01 3.682416937319683836e-02
-8.983435670296627262e-02 -2.907784613525845607e-01 1.199280751810553602e-01
-1.374313724227131106e-01 -3.017118381562142737e-01 1.255651092319048923e-01
-1.605669076784397575e-01 -2.907770857567174572e-01 1.004677663817320765e-01
8.396252870968053117e-02 -4.579065758884080517e-01 5.937476535572303732e-02
8.468162234856022041e-02 -4.071207708384970148e-01 4.785312686477842525e-02
-9.554926891343690221e-02 -2.729284685033228630e-01 1.003517328898207300e-01
-1.075047470011177980e-01 -2.747072420473956611e-01 4.012464868436799864e-02
-1.328126299074813277e-01 -2.674619296587691375e-01 9.309404561932986544e-02
-2.847145166188820298e-01 -4.031023256167666213e-01 -1.290796475666638188e-01
-3.427508312290382109e-01 -4.798977540740961834e-01 -7.677168200813005994e-02
-3.611688814333937625e-01 -4.810558608439990946e-01 -5.477546866074380766e-02
-3.327496005310107141e-01 -4.869675102334746208e-01 2.879321194538494999e-02
-2.267172886954497146e-01 -3.790973464050029218e-01 2.516795426009306447e-02
-1.755105657285072618e-01 -3.683518836568830390e-01 5.838286907548138199e-02
-2.722833864927131087e-01 -4.555787464200478087e-01 6.962858564916195314e-02
-1.037017060131334850e-01 -4.367704349517053108e-01 -3.666980216549811655e-01
-1.044531694681420375e-01 -3.968002115368217120e-01 -3.459501888005572234e-01
-2.565176188858185324e-01 -4.264568798365623858e-01 -2.664385153127624140e-01
-1.742874451545227965e-01 -3.747868832545945272e-01 -2.795413288408413743e-01
-1.756295557218506276e-01 -4.476703664167330787e-01 -1.674087376907112124e-01
-2.325258140763672987e-01 -4.499828953199085380e-01 -1.831008521533665778e-01
-2.600475249298184188e-01 -4.764843088749373679e-01 -1.757128439915572327e-01
2.641665542441994363e-01 -1.066694136065204912e-01 9.735246963511952345e-02
2.823275369114886524e-01 -1.633681795506172485e-01 1.315437209647865868e-01
2.586117753228578953e-01 -2.382121874720617982e-01 1.456106296900084029e-01
2.928141650426420162e-01 -1.292508252113471756e-01 1.225426503564862740e-01
2.988197687141300740e-01 -1.813405778630534093e-01 1.183387846708985891e-01
2.994007365022215428e-01 -2.289364215640750932e-01 1.042490412230548252e-01
2.863566783082264755e-01 -2.131920628514553384e-01 1.384833129719455491e-01
2.425492030685734712e-01 -3.409788563404692052e-01 8.321729343725112193e-02
2.528277385120212828e-01 -2.656226479959731268e-01 -1.132569480175557863e-01
1.807542437961908166e-01 -1.874992858294486364e-01 -1.218948903405570328e-01
1.200916107652362508e-01 -2.325531172937801427e-01 -1.010433370896021282e-01
1.732445316271635505e-01 -2.980218538600925560e-01 -1.282589519030873926e-01
1.152864506245707132e-01 -1.363090710804978345e-01 1.951643919559324820e-03
7.233130721800357099e-02 -2.265642679905878476e-01 -3.912284768343034930e-02
1.040257170809173043e-01 -2.017991151631566282e-01 4.462490487333149042e-03
2.189292305675166750e-01 -3.218174516334588176e-01 -5.177655618711028002e-02
1.723639856157314909e-01 -3.275740977776053220e-01 -8.383682777602602387e-02
1.427550560659948120e-01 -3.306302400207917214e-01 3.177983751450016991e-02
1.739243597273913977e-01 -3.728903795374854391e-01 8.359586772068784699e-02
2.017820303906205370e-01 -3.023243419528339193e-01 1.014921088516844566e-01
2.422707690887789256e-01 -2.326351999301308204e-01 -1.397857300407243097e-01
2.188374262977544060e-01 -2.707368234011056640e-01 -1.536846296767068465e-01
2.143288907930132881e-01 -2.317671417927071875e-01 -1.379477835043531608e-01
1.670245715128820252e-01 -8.795724576848516774e-02 -2.738418916489767513e-02
1.379245281272491186e-01 -8.780740359749368562e-02 -2.700494464260787958e-02
2.036905561836392653e-01 -8.785823619242237592e-02 5.440728507605975539e-02
1.547976431231593841e-01 -1.044861491436042539e-01 3.383142818902801913e-02
1.133094052437115390e-01 -2.938261386525756191e-01 3.652415856104392761e-02
1.240822507236026828e-01 -2.741840919893055450e-01 4.071977741596106981e-02
4.142123449012996561e-01 -1.433182427446085538e-01 3.981599631271678930e-01
4.674466341614143539e-01 -1.430505334166384257e-01 3.535636421937214391e-01
4.497403651217561360e-01 -1.961572426379706302e-01 3.347882298378226928e-01
4.745697354757558717e-01 -1.035721827418281948e-01 3.715926124761947391e-01
4.294628181973841885e-01 -8.555562005407792159e-02 3.790943772468323703e-01
4.840179907735917553e-01 -5.711080891269606358e-02 3.823203629082090327e-01
4.665887672580993906e-01 -2.371755654820933701e-01 3.451563926793334014e-01
4.951930388708420394e-01 -6.689670815016360295e-02 4.265494016970660107e-01
4.892690006516419721e-01 -3.445067738512880284e-01 4.949451586271619297e-01
4.654082910336148626e-01 -3.236479687844815434e-01 4.401427394622214884e-01
1.871728054436047894e-01 4.774250694055577893e-01 6.768042879370456122e-02
3.724583979437953718e-01 4.583013074694131661e-01 1.635145312469999390e-01
3.953493127258738138e-01 4.464035965358670310e-01 1.612786679190259809e-01
1.988552853998917236e-01 2.766368002609579380e-01 1.314029042064147612e-01
4.050549954747379999e-01 2.840243252120911999e-01 7.855433530648853191e-02
2.064510122379975277e-01 2.613084040398398478e-01 3.331316796011322273e-02
2.690473504267967275e-01 2.735165461147969768e-01 -2.227285695011404359e-02
4.445816055510419806e-01 3.897030586164904054e-01 8.606530120962077590e-02
4.378257548009255040e-01 3.354254173178037868e-01 6.410234269091250048e-02
4.236543465807923736e-01 4.352612026671748846e-01 1.222725276773847271e-02
4.280111471290616310e-01 4.120988378383951822e-01 -5.369635197194026072e-02
2.432759636684315996e-01 2.683634013207404356e-01 1.343182288135594815e-01
2.577680397140779123e-01 2.922982285661842594e-01 1.486018784632438805e-01
2.942008485465719692e-01 2.517131164989537817e-01 1.374374791786796002e-01
4.730332977525191773e-01 3.064261907860842959e-01 6.578070968387739192e-02
4.678271919099427079e-01 1.305877438502121013e-01 -1.494787817950451181e-01
4.561452981527441830e-01 1.259874613780052333e-01 -1.725950909353982377e-01
4.484756428481928014e-01 2.666582137834337951e-01 7.759500843093149192e-02
4.442567426447247003e-01 1.170753051724756771e-01 -1.044993557451912164e-01
4.574552651803734382e-01 1.176938261733729840e-01 -1.223267168903354185e-01
4.604991666746929835e-01 9.758775230695944380e-02 -6.997741245977115443e-02
4.628799673932598724e-01 1.059112035883931768e-01 -1.063816704132545532e-01
4.501314134370094089e-01 9.572173048430279718e-02 -9.990269824195466275e-02
4.956196633746540736e-01 1.129653858186755455e-01 -9.336771546234131497e-03
4.710412771506325424e-01 1.052727612529986978e-01 -4.195058969569139679e-02
1.008787157513600513e-01 -4.190953108023168228e-02 -2.888096912011929307e-01
1.932540396155828233e-01 4.076558889843372169e-02 -2.545754409614726654e-01
2.300275927475912141e-01 1.352992350449632071e-02 -2.223655014294430299e-01
2.076716054559760438e-01 9.846564960609667516e-02 -2.526217414744071355e-01
2.522676842220101801e-01 7.404562037292938825e-02 -1.799990697188198208e-01
1.135343290119736059e-01 -1.089810248308240997e-01 -2.733878173953089297e-01
1.268931281033522929e-01 -1.149912422501052356e-01 -2.056982699720838192e-01
2.084725380304118802e-01 -7.284115781462499606e-02 -2.103923111819211433e-01
1.800020834668374092e-01 -8.477153244539181731e-02 -9.157849556227604104e-02
2.209004195244801405e-01 6.113492861263487149e-02 -1.350514547363157458e-01
1.763487800019624685e-01 -1.205334924286804166e-01 -2.196574364503255106e-01
1.533461776500082696e-01 -1.290297091403512508e-01 -1.810250295811433874e-01
1.669151753806906724e-01 -1.134908780118471378e-01 -1.528356759148366828e-01
1.716101975504615296e-01 -7.721944584966825009e-02 -1.111803473886518318e-01
1.836554508518782880e-01 -7.915538066082417057e-02 -1.595792755199705037e-01
1.056356620717529560e-01 1.048617063755171164e-01 -1.006387349907262446e-01
9.430639458000078523e-02 1.088419262030498602e-01 -1.582940739628418969e-01
3.895484070607327376e-02 5.509307772206545328e-02 -1.722256630897259500e-01
2.292047138524704736e-02 3.612145647277379551e-02 -1.778439188043609565e-01
4.303335660970264431e-02 2.058171271640682476e-02 -2.195379725483725675e-01
8.534405521518574622e-02 -2.154259839141362334e-02 -7.142416427437710269e-02
7.622823374759769843e-02 2.547960118593090018e-02 -8.187932041386045134e-02
4.139639955416479083e-02 -2.879222475056233965e-02 -9.982502357448182206e-02
2.402181678260147807e-02 2.563989258225582435e-02 -1.302578269066515249e-01
6.279714709946684903e-02 -1.602989010603793341e-02 -6.011234864593503063e-02
4.986433996858177092e-02 -3.025349401464543994e-03 -8.995401320356487262e-02
-2.692205402080112830e-01 4.323893843684303850e-01 3.699721542576084321e-01
-3.529027415760155884e-01 4.676083135631493026e-01 4.764229967058923876e-01
-2.534909565140396892e-01 4.485590885907163039e-01 2.764003106227485018e-01
-2.218547389721074459e-01 4.773556325803752221e-01 2.551018311921134929e-01
-2.657930717945474197e-01 4.827763135354901092e-01 2.638218173844587566e-01
3.017980657571304182e-01 2.439361401551715935e-01 -4.487633978832991644e-01
3.761817412304094277e-01 4.233496306652340668e-01 -4.103240424060739522e-01
4.368998364920326227e-01 3.463245525450058260e-01 -4.044320390125799025e-01
3.788287555418013985e-01 3.455470584177749993e-01 -3.927543968815709330e-01
4.557076172374057710e-01 3.975539865689059482e-01 -4.284130845109027086e-01
4.649680356210372789e-01 4.170211365944069826e-01 -4.489935620507092828e-01
4.328492718896727043e-01 4.229374180467529443e-01 -4.264980558508796871e-01
3.686708924197592552e-01 -1.433614748401763894e-01 -1.621216603994897199e-01
3.642316724156018370e-01 -1.250920796997444240e-01 -1.327261330467734424e-01
3.189912033660311508e-01 -7.339938640980882278e-02 -1.552200105717881640e-01
3.365670922008494048e-01 -7.988769690514280208e-02 -1.137170328480029968e-01
3.097730418100372862e-01 -1.156396311291328222e-01 -1.093671585357037096e-01
3.015390339781631734e-01 -2.227657507625860900e-01 -9.759600438189292015e-02
3.353824992007582995e-01 -2.021182382202084682e-01 -1.222753228748821724e-01
4.246501272673541272e-01 -1.488510297362235224e-01 -6.743669238375216146e-02
3.991544851681909090e-01 -1.575927110447572499e-01 -1.133275172952067644e-01
3.124697283616764687e-01 -8.138969162395366663e-02 4.654576945676897753e-02
2.826606652037805256e-01 -6.872262256831476734e-02 -1.403228894681294789e-02
3.427506386326781285e-01 -5.657918846415278813e-02 -1.039356161105462785e-02
3.293882446318971979e-01 -5.196522452317071938e-02 -6.274244721959043591e-02
2.988376274421840062e-01 -2.155642824241337518e-01 -1.102889652007077968e-02
2.936995376404670788e-01 -1.335505358797152986e-01 1.134963560324824816e-01
3.194631855520703168e-01 -1.967969487428756492e-01 7.404172528671051912e-02
3.919759238275768443e-01 -2.390165072580271721e-01 -2.304896891137030862e-02
3.817155411344742566e-01 -2.344161367698997522e-01 -1.076676440652943184e-01
-3.936463555733286657e-01 4.622028495592279129e-01 -4.849168528885259288e-01
-3.780160773337788438e-01 4.253730977116329526e-01 -4.468236500018617496e-01
-4.439881897811068234e-01 4.038490970332424546e-01 -3.807436673093492208e-01
-3.368829104893111270e-01 3.082625439917070498e-01 -4.685440520191789249e-01
-4.730335979725484030e-01 3.105312727756500690e-01 -3.798665245865093243e-01
-4.365288455850492855e-01 2.034671492377931878e-01 -4.175700314706508598e-01
-4.292713953538437877e-01 2.332495957612251980e-01 -3.941151312247734850e-01
-3.860549528314272671e-01 1.788866739777562054e-01 -4.583245918583191969e-01
-3.645215864064290101e-01 2.285184024740460618e-01 -4.377581205293116229e-01
-4.064386751395075992e-01 -7.235204036830689134e-02 -4.579750596014638964e-01
-4.624919146521487834e-01 -6.127524235967604649e-02 -4.401972599086511617e-01
4.139577565395601289e-01 -4.171328627261451372e-01 -3.127204442532698359e-01
4.070995663376085760e-01 -4.247246859393055129e-01 -2.757015387918561045e-01
3.938168791638013699e-01 -4.498552756604246583e-01 -2.382010321501403793e-01
-1.967639530955876959e-01 -1.147276081416652577e-01 4.122656974939618024e-01
-2.260010148954424147e-01 -7.345651214297817255e-02 4.396180744878442903e-01
-1.415706856320156637e-01 -1.482357077397348510e-01 4.385244920104245381e-01
-1.988792250109328308e-01 -7.961281239473785853e-02 3.394639576530508185e-01
-2.260012411149109335e-01 -2.817481625511217974e-02 3.747204817411851629e-01
-7.408779428955120094e-02 -1.385058743375853219e-01 4.018852131184085241e-01
-1.032629619855108816e-01 -7.511945921221230282e-02 3.367843320422024833e-01
-3.097175015892532704e-02 -7.624653199194889042e-02 4.616879522187471441e-01
-2.727070527550132240e-02 2.705504901774171897e-02 4.315431848021339389e-01
-6.037532471978796639e-02 7.126907851776734248e-02 4.336857206301298340e-01
-4.753875656171147740e-02 8.225689111461435832e-02 3.779276530941071410e-01
-6.491097491054909074e-02 5.792745720459162306e-02 3.568461081535698187e-01
-7.360614971963962139e-02 9.054033482818937828e-02 4.042932717057141634e-01
-7.931601086516346100e-02 1.001449425394004555e-01 3.786348658469380624e-01
-1.580180444162747055e-01 -4.577816744183385578e-01 4.442322433347207777e-01
5.225642698544870346e-02 -4.967378432261714272e-01 -3.454301529367188178e-02
4.340652792176059871e-02 -4.729542354262961101e-01 -3.402413778815177592e-02
-4.623537648938399469e-01 -4.684479938614580785e-01 4.545199929904465419e-01
-4.685365275013842479e-01 -4.630136597210455784e-01 2.274390568801043233e-01
3.907685728102580636e-02 -4.592377138124172919e-01 -9.607173013312735044e-02
4.215692638887262589e-02 -4.835561917304724844e-01 -2.745125180343054860e-01
1.157569322144135215e-01 -4.374635824720187194e-01 -1.698705030594997722e-01
1.012003342716635557e-01 -4.659795529776033507e-01 -1.507029572091584391e-01
7.620358298094431770e-02 -4.737575548110290469e-01 -9.790126949515813581e-02
1.199709813938602682e-01 -4.173475085642821547e-01 -2.352834090877913564e-01
1.230801266949009820e-01 -4.028274683010327206e-01 -1.995040791813013914e-01
-7.731881637074893010e-02 -3.813525044491956617e-01 -2.968078155753337555e-01
-2.108994422345423017e-02 -4.883926896676671348e-01 -3.033636757033383313e-01
-4.769691748185451302e-02 -4.727960438016269307e-01 -3.238437867085552924e-01
-1.269697653785090662e-02 -4.973394371720132878e-01 -2.986240975629999572e-01
1.386924748647186678e-01 -3.718733415513637008e-01 -2.098952567057743024e-01
1.170216529958606200e-01 -3.814471437399805653e-01 -2.143739332648404439e-01
9.210229606323733220e-02 -3.380492615605948381e-01 -1.976996901487295955e-01
6.078580412342928646e-02 -3.290915846598871375e-01 -1.766208842925477973e-01
2.292015825777665543e-03 -3.351528452774663047e-01 -2.383503206198246682e-01
-1.305577863510233860e-01 -4.273291993959355550e-01 -1.968938863800074324e-01
-1.151501650928033055e-01 -3.950961138563974795e-01 -2.416064373504065443e-01
3.871935997744083494e-03 -4.864524286447408641e-01 4.027731529880281269e-01
5.755230472308231482e-02 -4.784728033356745458e-01 3.356852715283445976e-01
1.452483385409523466e-02 -4.861304485707635403e-01 3.371705440376943641e-01
2.606213569619042492e-02 -4.754818677164093788e-01 3.465761409473828714e-01
1.009578902375356767e-02 -4.708119591180409680e-01 3.537156463953959884e-01
2.314473505902089195e-02 -4.880073279123131047e-01 3.860362165710267690e-01
-1.077396058882850033e-01 -3.172628210727564957e-01 2.126632201070859790e-02
-3.146344077343216084e-02 -3.968039717330976712e-01 -2.903701707253036890e-02
-3.829315772604539175e-02 -4.061923748365717790e-01 -3.607863236036996241e-02
-1.602174570404396037e-01 -3.726072823180843208e-01 2.165483584424829355e-02
-3.596396950328015901e-02 -3.265911552131167128e-01 -8.504609066561316655e-02
-2.391829312398720264e-02 -4.138388446445213087e-01 -1.039081527016910145e-01
-1.639353384309783224e-01 -4.221639286030745564e-01 -1.192078762398663394e-01
-8.672000892604206368e-02 -2.798145010801104116e-01 -4.475231371739326475e-02
-5.981677421465105005e-02 -2.876004337189490556e-01 -8.472759566625101546e-02
-5.398334479292853094e-03 -3.373477312685376761e-01 -1.349552276742846668e-01
-1.209348955149293220e-01 -4.031414201862253965e-01 -1.729076334007207116e-01
-2.108138870108368923e-01 -3.092669386622567962e-01 -9.468725050442981794e-02
-1.898460931505012994e-01 -3.792896665449757565e-01 -8.804110162623685065e-02
-2.012166615259996238e-01 -3.593388778956289054e-01 -3.371531284509608761e-02
-1.620745653808685349e-01 -2.619641733476992251e-01 -1.041126716798941310e-01
-1.389307351095209198e-01 -2.610938447346466962e-01 -1.454330970547439150e-01
-9.417029710261232145e-02 -2.500558381534591645e-01 -1.300214665653128543e-01
-1.239375270927194073e-01 -2.822544514930940274e-01 -1.720590936725374664e-01
-1.027842032475146661e-01 -3.084734693520909121e-01 -1.779756899731558539e-01
-1.015796094264022342e-01 -3.650324040745435150e-01 -1.969449402101747792e-01
-6.556685937075786008e-02 -3.363644602816008300e-01 -1.847646469784780532e-01
4.131326570774780937e-01 -2.043369289884981177e-01 4.763768017255804454e-01
2.962642119530099483e-01 3.958127787330680825e-01 -2.358105980182534367e-01
3.427139696176887962e-01 4.300195835113135301e-01 -2.042732673713836822e-01
3.646057226272434448e-01 3.749573194746453342e-01 -1.385752195955980148e-01
3.580889781169855346e-01 3.675363781111009032e-01 -8.219467037152386468e-02
3.117373357129631928e-01 4.437219158167187150e-01 -2.613399747373671977e-01
3.339903776130595525e-01 4.670805854395221890e-01 -2.299785270404040016e-01
2.230361994294200456e-01 3.405299302165522568e-01 -3.646691903282206493e-02
2.034335458154596932e-01 4.540320144643753553e-01 -3.749883320326578839e-02
2.994675193940599112e-01 3.036621799476709183e-01 -1.160459543298431595e-01
2.931454752257711127e-01 3.112620965278899976e-01 -5.740832605157978469e-02
1.374956089830757233e-01 4.601344840690507754e-01 -9.562664293537202764e-02
2.203438107119493339e-01 3.040511589760415134e-01 -2.274190166563291871e-01
1.608548981453634397e-01 3.330044700658824630e-01 -9.794959556238529153e-02
1.715633497672913732e-01 3.110870538752318337e-01 -2.271497247866471891e-01
1.022805781819626086e-01 3.311424895488499498e-01 -1.637977211925520649e-01
1.129403108564354247e-01 3.522917598758102953e-01 -2.137418060800629072e-01
-4.825767970756278391e-01 4.456540743298376128e-01 -1.625711500521740127e-01
-4.762884669026006268e-01 4.770917736721791980e-01 -1.518795857210283595e-01
-4.799338624026261990e-01 4.731555316928298116e-01 -1.784701645118528801e-01
-3.712257455836561193e-01 -3.424142657374742993e-01 -3.721506410296610001e-01
-3.278779927286219475e-01 -3.018182153422542813e-01 -3.358322744168803498e-01
-4.625909759845129310e-01 -3.193274925918151430e-01 -4.747647262433836723e-01
-3.453735070720534428e-01 -2.358212921812120888e-01 -3.494394718079438800e-01
-3.451206811480020398e-01 -4.012399268007024733e-01 -4.816495549889411310e-01
-3.185455238329076288e-01 -1.691385480932301733e-01 -4.034850191881952375e-01
-2.417345232088830842e-01 -2.424823083084079178e-01 -4.282737791165052155e-01
-2.243204002008520326e-01 -2.973742426007496831e-01 -4.196976440690998733e-01
-3.272847258333361764e-01 -1.505589666846940122e-01 -4.396175330048309182e-01
-3.776752769729144754e-01 -1.552008879900848848e-01 -4.587882003105328566e-01
-2.188944922224333733e-01 -3.236286181918698324e-01 -4.682954928947103967e-01
-3.401058551015916365e-01 -1.519383188846322730e-01 -4.863215950965455447e-01
-3.493692830664282822e-01 -1.486851496759547808e-01 -4.709249504339604320e-01
-4.354457146708196613e-01 -2.994740234631955711e-01 -3.869060510883429727e-01
-4.567331349706725829e-01 -2.983063318756808968e-01 -4.190592447649635899e-01
-4.368095670681258480e-01 -2.636345698437588259e-01 -3.732164385269470253e-01
-4.629120310235981806e-01 -2.315462026572930043e-01 -4.010499976455441096e-01
-1.785544044016107723e-01 -4.536566798267108180e-01 4.236910802055280367e-01
-2.385951104827178093e-01 -3.674777092615591489e-01 3.291391324760066239e-01
-1.901106044974044951e-01 -4.212210539160764489e-01 2.954641461627894317e-01
-1.524611584367211170e-01 -4.358596773812521974e-01 3.295036943806988750e-01
-1.911260984615453795e-01 -4.611537475266143660e-01 2.791939466562143313e-01
-2.670350079287663880e-01 -3.779983988410772766e-01 4.910370738781954514e-01
-2.227056983339838203e-01 -4.296222560371814048e-01 4.835258031158460867e-01
-3.347997360022861302e-01 -3.724181038667802035e-01 3.075671351133217324e-01
-3.714683399698833211e-01 -4.267217447745926817e-01 2.640086169845751174e-01
-2.604142268538225391e-01 -3.203605910170339577e-01 4.247584656915885382e-01
-3.473428467508883344e-01 -3.453430585970898581e-01 4.000960305149967589e-01
-3.912198523050153809e-01 -4.070559325125513439e-01 4.792262598534748896e-01
-4.288761996763815754e-01 -4.475615200616228639e-01 4.582557810775638729e-01
-1.256623437488878572e-02 -4.287534016630840661e-01 -1.506443836393548015e-02
1.948434571648591934e-02 -4.733079831341935328e-01 -3.973285869542077936e-02
4.126704373327641506e-02 -4.388801460097369600e-01 2.544142528480101625e-02
5.027241827325015788e-02 -4.711836382682549340e-01 7.523231351635682393e-03
5.032660934939407055e-02 -4.663721543912105472e-01 -1.487139084414914290e-02
4.062830079567705810e-02 -4.721402961774492368e-01 4.544835914916914299e-02
-6.115410148770436538e-02 -4.249660284919451469e-01 -2.602717924495391577e-02
-1.175195798199364788e-01 -4.355148633993061180e-01 -3.291163150092765027e-02
-1.511543639939278982e-01 -4.189114095675436911e-01 8.363852147803579884e-03
-1.914751625031599902e-01 -4.794287903039900489e-01 1.049118604625239037e-01
-1.977487555764946559e-01 -4.828221914068272502e-01 7.340016958176683037e-02
-1.946257333780986587e-01 -4.608815328880097040e-01 7.069015317753851724e-02
-6.114819692387069017e-02 2.017342084182785211e-01 5.000000000000000000e-01
-1.031559390181184255e-01 4.023894773467975305e-01 5.000000000000000000e-01
5.000000000000000000e-01 4.663799893157150045e-01 2.154872446690592191e-01
5.000000000000000000e-01 3.787022774296346372e-01 3.488247419685968076e-01
4.682908487444303325e-01 -3.212293509130919600e-01 -5.000000000000000000e-01
2.910651560027371354e-01 -3.320386101938546664e-01 -5.000000000000000000e-01
4.464970504094304404e-01 2.063213180355305543e-01 5.000000000000000000e-01
3.694454435197498943e-01 1.918924466154763031e-01 5.000000000000000000e-01
6.020622536580629014e-02 5.000000000000000000e-01 3.347140954010607850e-01
1.198179152222617894e-01 4.186809041924979824e-01 5.000000000000000000e-01
-2.794425985700663140e-02 5.000000000000000000e-01 3.176298556848075050e-01
3.510592742856504245e-01 6.373816253335032322e-02 -5.000000000000000000e-01
4.054516020311081936e-01 -2.068652658830929525e-01 -5.000000000000000000e-01
6.107147923669090095e-02 -1.008000709699850839e-01 -5.000000000000000000e-01
9.728235061834861197e-02 -1.968680092984306518e-01 -5.000000000000000000e-01
-1.597050283697011019e-01 5.000000000000000000e-01 -3.972174402093429091e-01
-2.989284499632037240e-01 5.000000000000000000e-01 -3.107979427492312263e-01
-3.364501947924171121e-01 5.000000000000000000e-01 -4.102730422839881985e-01
-2.827699253578844218e-02 5.000000000000000000e-01 -3.121629377636872538e-01
5.000000000000000000e-01 -1.748554247735782663e-01 -4.077703523314042955e-01
5.000000000000000000e-01 -6.972073872366126024e-02 -4.604323673977922526e-01
5.000000000000000000e-01 -8.875361594246358732e-02 -2.661141999302062411e-01
5.000000000000000000e-01 -1.667461390684592260e-01 -2.465934627808886725e-01
2.650040860546734600e-01 4.803342043149191887e-01 5.000000000000000000e-01
6.107147923669085932e-02 -1.008000709699850700e-01 5.000000000000000000e-01
3.800957476538509572e-01 1.520533870356940709e-01 5.000000000000000000e-01
5.000000000000000000e-01 3.664565585910583012e-01 3.377774692179398852e-01
-6.856842132887006058e-02 9.912536731344610830e-02 -5.000000000000000000e-01
-3.474632832249328063e-01 5.000000000000000000e-01 -5.157850141897653284e-02
-5.000000000000000000e-01 9.567687749185442569e-02 8.722128622700872635e-02
-5.000000000000000000e-01 -8.958957452903391905e-02 9.119578377020420845e-02
-5.000000000000000000e-01 3.032653247530925356e-01 6.837393670725949724e-02
-5.000000000000000000e-01 -1.076828883489767824e-01 -7.048145285159210238e-02
-5.000000000000000000e-01 -9.011516983543682580e-02 -6.172762977179219179e-02
-5.000000000000000000e-01 -8.875361594246361507e-02 -2.661141999302062411e-01
-5.000000000000000000e-01 5.476028523705954443e-03 -2.455315595487785052e-01
-5.000000000000000000e-01 -1.667461390684593647e-01 -2.465934627808885893e-01
5.000000000000000000e-01 5.476028523705984800e-03 -2.455315595487784774e-01
5.000000000000000000e-01 -1.076828883489768240e-01 -7.048145285159213014e-02
5.000000000000000000e-01 -9.011516983543672865e-02 -6.172762977179215016e-02
-6.114819692387067629e-02 2.017342084182784934e-01 -5.000000000000000000e-01
-2.268038681502379805e-01 2.713076450159184749e-01 -5.000000000000000000e-01
-2.901685503259046062e-01 1.031665334996808570e-01 -5.000000000000000000e-01
2.467745674169175008e-01 -5.000000000000000000e-01 -4.645656202195286300e-01
5.205167091009830355e-02 -4.129780394294344514e-01 -5.000000000000000000e-01
1.103156220946288901e-01 -5.000000000000000000e-01 -4.326271001356666313e-01
-6.464097600133952848e-02 -2.508226449932354218e-01 -5.000000000000000000e-01
-5.000000000000000000e-01 8.826142588142020518e-02 1.387050856914554819e-01
-3.598744211796657266e-01 8.954761761074755966e-02 5.000000000000000000e-01
-3.631309114313507891e-01 1.170062770881099001e-01 5.000000000000000000e-01
-2.901685503259046062e-01 1.031665334996808153e-01 5.000000000000000000e-01
-6.464097600133952848e-02 -2.508226449932354218e-01 5.000000000000000000e-01
-9.679177502192605476e-02 -3.340219717965952073e-01 5.000000000000000000e-01
-2.306452212172984684e-01 -2.742369025724906151e-01 5.000000000000000000e-01
-5.000000000000000000e-01 1.928733786063967226e-02 3.862163369036933358e-01
-2.268038681502380638e-01 2.713076450159184749e-01 5.000000000000000000e-01
-6.856842132887006058e-02 9.912536731344612217e-02 5.000000000000000000e-01
-5.000000000000000000e-01 -2.281746697465825702e-01 7.669193918163731694e-02
9.728235061834859809e-02 -1.968680092984307073e-01 5.000000000000000000e-01
5.205167091009828967e-02 -4.129780394294344514e-01 5.000000000000000000e-01
-1.319045517535673007e-01 5.000000000000000000e-01 -3.914245193007404727e-02
8.773206650136101958e-02 4.434084038123448646e-01 -5.000000000000000000e-01
1.198179152222617061e-01 4.186809041924979824e-01 -5.000000000000000000e-01
-1.031559390181184116e-01 4.023894773467975305e-01 -5.000000000000000000e-01
2.434664368024752612e-03 5.000000000000000000e-01 -3.234997490600087233e-01
1.103156220946288901e-01 5.000000000000000000e-01 -4.326271001356666313e-01
-1.617891550615946361e-01 5.000000000000000000e-01 1.533449631737884844e-01
-1.686598086014289288e-01 5.000000000000000000e-01 1.236796162724737996e-01
5.583220080751308961e-02 5.000000000000000000e-01 9.371959996591180952e-02
-2.020446464604569448e-02 5.000000000000000000e-01 -4.261560313479928475e-02
4.237978190078040691e-02 5.000000000000000000e-01 2.037895261022404370e-02
3.565882752108805870e-02 5.000000000000000000e-01 -4.142182392098736621e-02
5.000000000000000000e-01 -4.384769813735361343e-01 4.621446677036254447e-01
3.901620348512063186e-01 -5.000000000000000000e-01 1.056914620363499577e-02
5.000000000000000000e-01 -2.281746697465826257e-01 7.669193918163733081e-02
5.000000000000000000e-01 -4.631214660587135157e-01 -6.475608019556269856e-02
5.000000000000000000e-01 -2.148995237370721623e-01 -1.745377405920744418e-01
4.514782447674648425e-01 2.006425476261689544e-01 5.000000000000000000e-01
-9.679177502192605476e-02 -3.340219717965952073e-01 -5.000000000000000000e-01
-3.694004495314171521e-01 -5.000000000000000000e-01 -4.933119515196027760e-01
-3.364501947924171676e-01 -5.000000000000000000e-01 -4.102730422839882540e-01
-4.943648671686409757e-01 -5.000000000000000000e-01 -2.033653180370387781e-01
-2.989284499632037240e-01 -5.000000000000000000e-01 -3.107979427492312263e-01
5.000000000000000000e-01 -8.958957452903394680e-02 9.119578377020419457e-02
5.000000000000000000e-01 8.826142588142024681e-02 1.387050856914554542e-01
5.000000000000000000e-01 1.928733786063957512e-02 3.862163369036933913e-01
4.940348386415309712e-01 -3.334348799006240927e-01 5.000000000000000000e-01
3.510592742856504800e-01 6.373816253335036486e-02 5.000000000000000000e-01
5.000000000000000000e-01 3.032653247530925356e-01 6.837393670725952499e-02
5.000000000000000000e-01 9.567687749185437018e-02 8.722128622700950351e-02
-3.888164236858266953e-01 4.698931831695676853e-01 5.000000000000000000e-01
-4.613872947858888018e-01 5.000000000000000000e-01 4.615181434663115367e-01
-3.917476215401851092e-01 4.670228537612896580e-01 5.000000000000000000e-01
-5.000000000000000000e-01 3.664565585910584122e-01 3.377774692179398852e-01
-5.000000000000000000e-01 3.787022774296345262e-01 3.488247419685965856e-01
-3.013717784525330456e-01 5.000000000000000000e-01 2.395431741521678592e-01
-4.048118870254159840e-01 5.000000000000000000e-01 1.834248068564641176e-01
-4.909015100781412566e-01 5.000000000000000000e-01 2.227697263664009941e-01
-1.901189744024434081e-01 5.000000000000000000e-01 2.491145823941031678e-01
-2.199284673631871079e-01 5.000000000000000000e-01 2.695841775672336293e-01
-5.000000000000000000e-01 4.663799893157150600e-01 2.154872446690592747e-01
3.694454435197498943e-01 1.918924466154763309e-01 -5.000000000000000000e-01
4.464970504094304959e-01 2.063213180355306375e-01 -5.000000000000000000e-01
3.800957476538509572e-01 1.520533870356941264e-01 -5.000000000000000000e-01
2.846052946887575597e-01 5.000000000000000000e-01 -3.593736666257647538e-01
-3.888164236858268619e-01 4.698931831695674077e-01 -5.000000000000000000e-01
-3.917476215401850537e-01 4.670228537612896580e-01 -5.000000000000000000e-01
-3.631309114313507891e-01 1.170062770881098863e-01 -5.000000000000000000e-01
-5.000000000000000000e-01 2.023564795970133334e-01 -4.615554648725704312e-01
-3.598744211796657821e-01 8.954761761074755966e-02 -5.000000000000000000e-01
-5.000000000000000000e-01 -6.972073872366123248e-02 -4.604323673977922526e-01
-5.000000000000000000e-01 -2.148995237370723566e-01 -1.745377405920744140e-01
2.846052946887577817e-01 -5.000000000000000000e-01 -3.593736666257645873e-01
5.000000000000000000e-01 -4.713659851413301016e-01 -7.738746830199946802e-02
3.526362227494002077e-01 -5.000000000000000000e-01 -2.254011622755012489e-01
-5.000000000000000000e-01 -4.631214660587135712e-01 -6.475608019556268469e-02
-4.048118870254159285e-01 -5.000000000000000000e-01 1.834248068564640899e-01
-4.909015100781412566e-01 -5.000000000000000000e-01 2.227697263664009941e-01
2.434664368024690162e-03 -5.000000000000000000e-01 -3.234997490600086678e-01
-2.827699253578843525e-02 -5.000000000000000000e-01 -3.121629377636871983e-01
3.565882752108807258e-02 -5.000000000000000000e-01 -4.142182392098735233e-02
-1.597050283697010742e-01 -5.000000000000000000e-01 -3.972174402093429091e-01
6.020622536580622769e-02 -5.000000000000000000e-01 3.347140954010607850e-01
3.901620348512062630e-01 5.000000000000000000e-01 1.056914620363497842e-02
4.054516020311081936e-01 -2.068652658830929247e-01 5.000000000000000000e-01
4.682908487444303880e-01 -3.212293509130920155e-01 5.000000000000000000e-01
2.910651560027371354e-01 -3.320386101938546108e-01 5.000000000000000000e-01
5.000000000000000000e-01 4.176894869117269704e-01 -1.611350356407462714e-01
3.526362227494002077e-01 5.000000000000000000e-01 -2.254011622755012767e-01
-5.000000000000000000e-01 4.176894869117269704e-01 -1.611350356407462436e-01
-4.943648671686409757e-01 5.000000000000000000e-01 -2.033653180370386948e-01
-4.847443339268280305e-01 5.000000000000000000e-01 -1.282757867170034316e-01
-2.820356535110639662e-01 -3.854468229174196625e-01 -5.000000000000000000e-01
-3.787662845024678537e-01 -4.123223151214370774e-01 -5.000000000000000000e-01
-2.306452212172984684e-01 -2.742369025724905596e-01 -5.000000000000000000e-01
-5.000000000000000000e-01 -1.748554247735782385e-01 -4.077703523314042955e-01
-5.000000000000000000e-01 -4.384769813735361899e-01 4.621446677036254447e-01
-4.613872947858888574e-01 -5.000000000000000000e-01 4.615181434663114812e-01
-3.474632832249328063e-01 -5.000000000000000000e-01 -5.157850141897663693e-02
-2.199284673631871634e-01 -5.000000000000000000e-01 2.695841775672335738e-01
-2.820356535110640217e-01 -3.854468229174196070e-01 5.000000000000000000e-01
-3.787662845024678537e-01 -4.123223151214370219e-01 5.000000000000000000e-01
-2.794425985700664528e-02 -5.000000000000000000e-01 3.176298556848075605e-01
-1.901189744024433803e-01 -5.000000000000000000e-01 2.491145823941031123e-01
-3.013717784525331567e-01 -5.000000000000000000e-01 2.395431741521677482e-01
5.583220080751308961e-02 -5.000000000000000000e-01 9.371959996591183728e-02
-1.686598086014290399e-01 -5.000000000000000000e-01 1.236796162724737580e-01
-2.020446464604564590e-02 -5.000000000000000000e-01 -4.261560313479922230e-02
-1.319045517535673007e-01 -5.000000000000000000e-01 -3.914245193007404727e-02
4.237978190078039997e-02 -5.000000000000000000e-01 2.037895261022390492e-02
-1.617891550615946361e-01 -5.000000000000000000e-01 1.533449631737884844e-01
