-1.624917488540048582e-01 -4.722977168251229485e-01 -2.487335953035263170e-01
-2.514424279138691709e-01 -3.341226302425892580e-01 -4.163481886850274316e-01
-2.716230222598192134e-01 1.196139210001308933e-01 9.006258072173743690e-02
-1.356870987816409801e-01 -2.917378873905071557e-01 -1.618488074399520582e-01
-2.723389432251561160e-01 -3.791947017567782741e-01 -4.166460266947581426e-01
-8.590375897495990121e-02 -1.844491752159785336e-02 -6.259939262048916375e-02
-2.285487376999255082e-01 2.319935610961643829e-02 6.620217298741548628e-02
-9.735377429532718341e-02 2.608994325800759878e-02 1.318199837234089282e-02
-9.310526404911938225e-02 3.338352716927224517e-02 -3.640610386234412188e-02
-8.678620383645049841e-02 1.080714455295674406e-02 -3.611705023450090951e-02
3.060542251530888325e-01 9.858115249362520149e-02 1.675173960183804767e-01
-3.427836762348044908e-01 -1.906063225282023932e-01 -3.987378732326856690e-01
-2.639559595751831411e-01 -2.585733830791074883e-01 -4.335303089317501524e-01
-2.004919536119034174e-01 -3.505447458315423814e-01 -3.458446050242122705e-01
-2.127153927729972527e-01 -3.342305161293402382e-01 -4.252592410508492793e-01
-2.169347287249155654e-01 -2.572541874287624375e-01 -4.459512330925951007e-01
-1.482560017627166521e-02 -3.411838697455226166e-01 -3.115111698830962395e-01
-5.913667552653129045e-02 -2.932008121529091627e-01 -2.691430700516405650e-01
-3.941286381736674449e-01 2.921047666184069524e-01 -8.078585403316851377e-02
-4.794626256685863286e-01 -4.400696311498030200e-01 1.614256341136822148e-01
-8.759135300012943492e-02 3.098108632658072223e-02 7.098615032147471970e-02
-1.292746488226234058e-01 -2.223876606966669264e-03 4.745792841997330258e-02
-1.706841742946436646e-01 1.007056741401572870e-02 6.428619304060115280e-02
-1.431843373975049960e-01 -9.618861972777692504e-02 7.935808128050683696e-02
1.995891277505744132e-01 1.145658911534702812e-01 2.271655361780494098e-01
2.238676050846903631e-01 9.820948964772835410e-02 1.872029859918957484e-01
-2.684243769313857109e-01 -3.180676241812712690e-01 -7.015760257016237511e-02
4.022297769169365655e-01 4.136773600454226596e-01 2.600017873352766795e-01
4.091148127081538077e-01 3.797564829645179163e-01 1.671962704218719342e-01
-2.687939987744416559e-01 -4.666011081892831869e-01 -1.857214785196562856e-01
-2.685259115972933874e-01 -4.414105873895993182e-01 -1.353111627824988283e-01
-2.124293163539633933e-01 -4.325705076665215532e-01 -2.073957803334400551e-01
-2.125201383857932280e-01 -4.248059104111152062e-01 -1.711079266920101372e-01
-2.299903463025244899e-01 -3.736248987936267585e-01 -1.954564276974193049e-01
-2.947147197225965520e-01 -3.538716716403043083e-01 -9.600844023232224522e-02
-3.163124200001736774e-01 -4.098848904310568031e-01 -9.510122186852774939e-02
-2.256409833383832830e-01 -3.163483300433349021e-01 -2.342358428113740232e-01
-2.339183645755440188e-01 -3.590453445525639276e-01 -2.979181405060238319e-01
-3.114480544372670856e-01 -3.470631710041229279e-01 -3.139899555099921469e-01
6.199010704161175139e-02 -3.407643896470120559e-01 1.339441481343263962e-01
-1.770109097062296521e-01 -2.869232312615092040e-01 8.488892244067083870e-02
-1.995025320411658032e-01 -3.196876067485902029e-01 7.971167649242769104e-02
-4.161307388096860405e-01 1.231098214825667309e-01 -6.786353242339453196e-02
-4.441609948527429630e-01 1.974373233689762641e-01 -1.033057542087616465e-01
-1.423951364000519970e-01 -2.696387348864217048e-01 -1.486613126396576501e-01
-2.056834060969081057e-01 -2.558443553458052966e-01 -8.057522131901573292e-02
4.034831365645805135e-01 1.488867867167094905e-01 2.399219310603177557e-01
3.323118125416185120e-01 8.918535193809307149e-02 2.043780301732923133e-01
2.331464474133184694e-01 1.125749246377470147e-01 2.650358005442940423e-01
2.003732514770689699e-01 4.663854233185510401e-02 3.312370901425979453e-01
3.547840146792736182e-01 -3.105408534596312276e-01 6.896354172242996627e-02
3.287750231556756941e-01 -1.557695801233026089e-01 1.180100556162211461e-01
4.201851142813408518e-02 -3.239880380755161271e-01 -3.174958848898559172e-01
-3.293440552125179721e-01 4.352090454962852517e-01 -3.743666794436805167e-01
3.986459860648585707e-01 4.886809219725242737e-01 5.896120818929289492e-02
1.626806579329921065e-01 1.018459885457664443e-01 8.662124695621759018e-02
2.335017547936558413e-01 1.322500459140571460e-01 1.268630184820730977e-01
3.191727971275724607e-01 1.336307746212747616e-01 1.107960603326505200e-01
-1.227271494722509959e-01 -3.308086868643574929e-01 -4.730247628804740145e-01
-1.955469090776972563e-01 -3.772921637537593464e-01 -4.225725918151957972e-01
-2.379270215655420739e-01 -3.909566683223783534e-01 -4.299871656690008592e-01
-1.767425248488137951e-02 -4.751701170509312067e-01 -3.948700834810948135e-01
-1.547308597533415819e-01 -4.622259583714113385e-01 -3.346005158211115549e-01
-1.845578466770373405e-01 -3.894317882458411262e-01 -3.751357662827427553e-01
-6.775970221995465670e-02 -4.492680000169202992e-01 -3.430993185874101070e-01
-5.071987896653985806e-02 -4.076021255199230864e-01 -3.594644110024811101e-01
7.940824782894173595e-02 -1.450796977082148380e-02 8.807531778564714475e-02
-7.004257302734323565e-02 -1.348125901195162957e-02 7.309368462200517558e-02
1.209620050818236009e-01 9.248743666686681797e-02 1.223726712603751127e-01
7.989487616503952727e-02 -7.167585221482708491e-02 9.828048875453512800e-02
-7.719342191074465842e-02 -6.791225477475862360e-02 9.590469321921404888e-02
1.583511224152116537e-01 7.904385910922848146e-02 1.920340844803633817e-01
1.104740660184369977e-01 7.277037022557765467e-02 2.751434178066753944e-01
4.551788790549878005e-02 8.179750727989780479e-02 2.499812663107345845e-01
-1.078192282328414853e-01 -9.282462752519152205e-02 9.042445863138620643e-02
-1.340514951330941951e-01 -9.971453531513382873e-02 9.609694072471156034e-02
-1.301872406538178151e-01 -1.220087459483493592e-01 8.038977771393235328e-02
-1.547718952683989346e-01 -1.133740248605898671e-01 9.573487453417553472e-02
-8.394655037728554481e-02 -7.910768800136831758e-02 1.208879186103933162e-01
-1.806522531104459151e-01 -2.605569100099957569e-01 9.248943744401912082e-02
5.084930574877392917e-02 5.264280240155917723e-02 2.901148228248268679e-01
-5.645436100065721191e-02 -9.319095837264573801e-02 2.102763886648040537e-01
1.011145722953239873e-01 2.389745107267397806e-02 2.993373171139881439e-01
9.968989972728609095e-02 -1.018849985790659662e-02 3.817741297676011669e-01
-2.842483756375855930e-01 1.584384580734073955e-01 1.153674933536703723e-01
-2.693716690860704643e-01 1.916773277499934092e-01 1.041393957833538775e-01
4.629313833169974024e-01 3.987765119869413760e-02 3.351827138458195465e-01
4.446812838453388927e-01 -3.985791240202564145e-01 4.587020519784739125e-01
4.415918989025898744e-01 -3.708852170317928354e-01 3.849458567858939917e-01
4.788942246338898090e-01 -3.275510950665772025e-01 2.504034693249471144e-01
-3.959718684244061815e-01 9.154011142534974887e-02 9.575066268838219874e-02
-4.011279865258755573e-01 -3.765209090206860648e-02 7.968614579820859634e-02
-3.970947178775792175e-01 -7.467215379806463327e-02 1.259158690671964564e-01
-4.554410139496786192e-01 -1.037282165872231710e-01 1.011800087922457153e-01
-3.815440756750096973e-01 -2.570031023701829787e-01 1.031329374761132817e-01
-3.275246505665254659e-01 -1.927191192209910531e-01 -1.118196451114269047e-01
-3.543521004676992714e-01 -2.418287868454621903e-01 -1.044789350815448353e-01
-3.532833222964643638e-01 -1.220079610026309283e-02 2.654904917491646144e-01
-3.723313070386610191e-01 -6.702623295548550131e-02 2.120021623565710722e-01
-3.269295362119854775e-02 -3.368032717941603638e-01 -9.097909545489259175e-02
-6.891515165092594597e-02 -2.174993186448667404e-01 -9.709556336052187209e-02
-8.452123572647020355e-02 -3.089658020950062922e-01 -7.901586045023467619e-02
-1.207136781885372462e-01 -2.910225993040170822e-01 -9.724583689926866170e-02
-1.711030004916869462e-01 -2.966295856409266740e-01 3.256457469526813364e-02
-1.546031412374458958e-01 -2.869362058890347900e-01 -2.554946521966304160e-03
-1.512571841945010431e-01 -2.344980651328809618e-01 6.697233647387759205e-03
-1.579911869376558753e-01 -2.830430610370359146e-01 -2.661596544915106888e-02
-2.773739381886261915e-02 -4.047194015552866841e-01 -2.339253257183490364e-01
-1.139851070636877794e-01 -4.707678299043376313e-01 -2.418172045880077059e-01
-7.885876898267345225e-02 -4.648718994017815298e-01 -2.728368971359025341e-01
-1.255221740713169942e-01 -4.383159467845922364e-01 -1.704253781247448141e-01
-1.042972047569658139e-01 -4.123899444330969000e-01 -1.095915538253125210e-01
-6.285015299392543442e-02 -3.744931019109662418e-01 -1.812914901565079173e-01
-9.376657207086080970e-02 -3.439474778600490334e-01 -1.560809047517421888e-01
-4.953229682472607559e-02 -3.594321692488797737e-01 -1.149178968721482480e-01
-8.344403379289713762e-02 -3.716244120078120994e-01 -1.232633022999088945e-01
-4.597405863480673593e-01 -2.314867102877445348e-01 -3.561805880757599740e-01
-4.362760096753823813e-01 -4.428608060456967199e-01 -4.136995452094386905e-01
-3.364084960282353598e-01 -4.071945933708287502e-01 -3.856057270503211454e-01
-4.128739807429367970e-01 -4.002018013418350839e-01 -4.029584242090805124e-01
-3.255183029012819751e-01 -4.515471272138905645e-01 -2.165860698115729122e-01
-3.259836429699843330e-01 -4.143080276880165558e-01 -3.090208749841816260e-01
-3.449347352405866540e-01 -4.577584904653778652e-01 1.453471048142995076e-02
-2.939506575832362412e-01 -4.448811922082995807e-01 -2.961513526812568908e-02
-2.510611026561210823e-01 -3.435600341075999431e-01 5.580007067308564300e-02
-2.128146625815700854e-01 -3.248732622490463351e-01 8.551836022508527146e-02
-2.002987352496695961e-01 -3.496790577165135305e-01 7.687307397659016994e-02
-2.464089781564010595e-01 -4.523973630632224241e-01 -6.300914340371596700e-02
-1.689572444767877546e-01 -4.671160836429552599e-01 -2.495318814329212931e-02
2.747760200089947036e-01 4.138432012298124407e-01 3.027686983806600618e-01
1.951915822918213750e-01 4.283701862533923488e-01 1.661174985452740227e-01
1.446664812236609088e-01 3.416911085521959768e-01 3.009685915948372981e-01
-2.272178045086055420e-01 2.311328893500246562e-01 1.048106564360330450e-01
-2.087965977925515804e-01 2.713903303947437506e-01 1.232835877143305670e-01
-3.778038889631238351e-01 -1.704603235327509791e-01 -3.425668209981735934e-01
-4.141408957482407560e-01 -2.032052839661499244e-01 -3.351475337627227713e-01
-3.422329566917348131e-01 -1.299370250619779343e-01 -3.655717669318449548e-01
-2.711550421255133347e-01 -1.807707830474613864e-01 -1.157412105624034959e-01
-2.297311498219633819e-01 -1.723986840173911961e-01 -1.048420866975335042e-01
-2.251270803935962461e-01 -1.721939537457000957e-01 -1.330841553838419400e-01
3.359950700282042235e-01 -8.260384895475388067e-02 3.219175094618074717e-01
3.660942706572008487e-01 -3.275719312436532749e-02 2.319787524938327072e-01
4.431086596685641643e-01 -5.192085916139162205e-02 3.062788283405428191e-01
4.821922816988280514e-01 -2.855952865736851032e-01 2.762667219549347353e-01
4.862840615706386371e-01 -1.266325036173081009e-01 2.406475754373590403e-01
4.619852844905006917e-01 -2.815085016822591601e-01 3.538289456149187884e-01
4.664632677655337067e-01 -2.181089467269017312e-01 3.795126493653921407e-01
2.732176730294690326e-01 -2.232432393612312771e-01 1.983673745730483995e-01
3.438738664323137684e-01 -1.876584588683470334e-01 1.421579796426011566e-01
4.485942262866833286e-01 -2.744948836087557908e-01 2.167996892916096152e-01
4.404944631646336983e-01 -2.392694508078573035e-01 1.573242165388371305e-01
4.613495347568905558e-01 -1.413695163670528610e-01 1.565246003384263562e-01
3.501747970318279113e-01 -2.616341850169601746e-01 1.527789983904553894e-01
3.674182861889396245e-01 -2.496907212457500080e-01 1.319521038337455876e-01
9.205668794736228400e-02 -2.714949736500207322e-01 8.622675452371152127e-02
5.603637214311652653e-02 -2.081932717307777569e-01 -4.022686292741756847e-02
1.083636263487108981e-01 -2.182507657329650352e-01 1.228076574731606363e-01
9.704047150531230903e-02 -1.238920295204655464e-01 7.348931958764490235e-02
1.424233730191106495e-01 -1.060396778505136028e-01 2.521807693081307145e-02
3.128061481093013518e-01 -2.928572798256524612e-01 -2.355780712152035980e-02
2.861424924502387612e-01 -4.758973682146662165e-01 -1.471690408095995273e-01
-4.671681240970711468e-01 -2.818158697870730145e-01 -4.410204719312924571e-01
3.926858954890065090e-01 -1.021664580501794872e-01 -3.631425141055675265e-01
1.773105174557720182e-02 -2.429359631911980344e-01 -4.885962238474096386e-01
2.776426680591859708e-01 -4.627690450372605735e-01 -1.766532199204623732e-01
3.459546473654926957e-01 -1.998471852614002731e-01 -4.223890709683634781e-01
3.298789315437374858e-01 -1.563024950034037630e-01 -4.157478710054943183e-01
3.943937606958975994e-01 -1.790897545414787684e-01 -3.947978732203319963e-01
3.707167099663733478e-01 -1.488650928018300790e-01 -3.633365408224659698e-01
2.006553497480842718e-01 -1.931645081071643733e-01 -3.988600264923368721e-01
3.871964205643260715e-01 -1.191619635894667489e-01 -3.190769168091657781e-01
2.051231236209352660e-01 -3.472275493712230210e-01 -2.202475215124380103e-01
1.544076413444671336e-01 -2.093783981184081378e-01 -2.256716019855137811e-01
1.594032974114790169e-01 -2.356514000400757314e-01 -1.847545953380077266e-01
1.904284648337899732e-01 -2.739913832023895823e-01 -1.705036815441582088e-01
1.920421621623713826e-01 -2.433842858966943634e-01 -1.673104717353093851e-01
3.055290507886377904e-01 -1.079024487829770007e-01 -4.553546670571982369e-01
9.638768123259391918e-02 -1.832714570549028588e-01 -1.880087757911564073e-01
8.028037938791157679e-02 -1.946121848945106814e-01 -1.310827937606875992e-01
1.915587671684368387e-01 -1.530520864847999540e-01 -4.111621009913693503e-01
2.430271635098868455e-01 -9.460052179050133792e-02 -4.443458690486458140e-01
2.931432272133847605e-01 4.130805351348902366e-01 -3.996498587442668948e-01
2.633618137282697780e-01 4.680727159571188012e-01 -4.394473857261369520e-01
1.832553604601407371e-01 4.539940214962088771e-01 -4.108780785514213330e-01
1.104719373829334134e-01 4.529607240504213705e-01 -4.436594780685989003e-01
-2.673267679851812906e-01 2.086797794366461734e-01 5.783024777742062916e-02
-3.187368591744204616e-01 2.285005683067289628e-01 -4.582806315198043046e-02
-2.346959625751236789e-01 2.192948668626228392e-01 7.833605654663600149e-02
-1.546972938496093686e-01 2.228340159281541333e-01 -7.572204091164298767e-02
-1.471408359468499016e-01 2.700449516772973069e-01 -9.018113710651845527e-02
-2.989869298785375884e-01 2.167826780167649847e-01 -2.833317134453490760e-01
-2.719789997587458430e-01 1.712044150498255590e-01 -2.569067546711896743e-01
-2.384504741627480884e-01 1.245808645258490444e-01 -4.345878040366337736e-01
1.471998579574346766e-01 2.539781678241148644e-02 8.944787381789616465e-03
1.164118182142210717e-01 -1.298128168503349597e-02 8.920956606457915855e-03
1.292628545140737384e-01 -5.865151385492004682e-02 1.849751604490084550e-02
1.053099562876424478e-01 2.550146062569355609e-02 -8.201785864701184592e-02
2.208041425361635668e-01 -1.115776822354468678e-01 1.371578076624945831e-02
3.545495725175320523e-01 9.993122078630489735e-02 7.908339117756554848e-02
3.446179811353050626e-01 7.831802325259450137e-02 4.666360727845439427e-02
2.614003615084984355e-01 1.515133564636316973e-02 -1.211596877155952760e-02
-3.600042284425098438e-01 3.451632314019843495e-01 1.178756245746526293e-01
-4.256090289897066503e-01 3.502056222990724832e-01 -3.744537113789801752e-02
-4.735819490002161070e-01 3.491799156123234216e-01 -2.235117869467202409e-02
-4.282400751239558989e-01 3.081327799211888152e-01 -2.063047230741927029e-01
-4.404340443241553382e-01 3.819866565584714713e-01 -2.336571500984211958e-01
-4.710594676573458539e-01 3.933796235366407990e-01 -2.233590727537349829e-01
-4.632429511876359207e-01 1.981246720075574563e-01 -1.809657694437057929e-01
-3.630707184021878531e-01 -7.676800673489164728e-02 4.331567052353891278e-01
-3.308077159617218155e-01 -5.526563865640139739e-02 2.783002849451688965e-01
-3.155173963364529821e-01 -1.142638722509396049e-01 3.411298180701947125e-01
-3.472035333210816699e-01 -8.651367635828721703e-02 2.309452211728940663e-01
-3.656465788180850995e-01 -1.749405347633151420e-01 3.321302071564072311e-01
-1.687468457280552059e-01 -1.099204039269580935e-01 1.844525713536253053e-01
-2.185774373745715538e-01 -1.739163835493361676e-01 1.260527150201622426e-01
-2.646990313799712502e-01 -2.012095670869604724e-01 1.172670195912117741e-01
-2.940282244783010701e-01 -1.782009887352840050e-01 1.500807607420742429e-01
-2.704575854821366088e-01 -2.271842966564832644e-01 1.261683375100781657e-01
-2.041245653432414431e-01 -2.407845594558728486e-01 1.122817254132921910e-01
-1.650874964847791615e-01 -3.020783547979041250e-01 3.468980074589830820e-01
1.045913345404022726e-01 -4.039383084098091548e-02 2.784150367069869736e-01
3.258512990986634633e-03 -1.433876411046396682e-01 2.136415456334029017e-01
9.842679755988982537e-02 -9.973259211636761878e-02 2.108237094135875234e-01
9.409618525999913219e-02 -1.297476136282997294e-01 1.633160710296732432e-01
4.623625671876113036e-02 -1.684280002526873654e-01 1.713400209268540475e-01
1.020310651909935307e-01 -2.179577724823081875e-01 1.596573189483358191e-01
1.385082965634117647e-01 -2.173351546620085062e-01 1.764768191356482496e-01
1.696685584258695034e-01 -2.543582177677788381e-01 2.373678600029788255e-01
6.608404340101999529e-03 -2.947392886212641394e-01 2.984282902510622115e-01
8.550143104887657219e-02 -2.826857358625687877e-01 1.448674968039924404e-01
6.468270173123248645e-02 -3.064829275435405065e-01 1.481632589114159904e-01
8.251516474777240151e-02 -2.928275306352420282e-01 1.580681223053732598e-01
6.273226485333478764e-02 -3.039719210130070737e-01 1.559102955886757513e-01
1.058317519905026538e-01 -5.658020099930220759e-02 3.946181969526501576e-01
1.457954494950122748e-01 -3.572713187897560289e-02 3.323711314385117133e-01
1.179565225508399651e-01 -2.258470103947349261e-02 3.307135457500307019e-01
1.086475206962469880e-01 -1.777047783060742986e-02 3.563342809816931189e-01
-4.563563437273989720e-01 4.753977629792250914e-01 4.441764398229957611e-01
-3.058273587735266252e-01 -5.692131936903244149e-02 2.770085099614574831e-01
-1.950003534359456558e-01 -7.086159706550929083e-02 2.202583175188956854e-01
-9.957076824716962204e-02 -7.912334683536544067e-02 2.343957045054563815e-01
-1.555777184668788171e-01 -9.440035831765582197e-02 2.401553911462844249e-01
-1.365189460039853697e-01 -9.410257016947189135e-02 2.734893433907157334e-01
-4.236989282896245768e-01 4.652334834467205527e-01 3.908290769255181596e-01
-4.128635709973056955e-01 3.312346760500803899e-01 1.521209835973300062e-01
-3.371691101578175309e-01 -2.227086976778206162e-01 3.174783118038668195e-01
-2.746759181277689810e-01 -2.651994374534755172e-01 3.379823701987094142e-01
-2.082410427813131681e-01 -3.187540376848688739e-01 3.034428129279546082e-01
-2.671518800993050169e-01 -2.597059941865259014e-01 1.436388477795413621e-01
-2.573770165647458197e-01 -2.843408330329442735e-01 1.139371534979764372e-01
-4.828465968880311099e-01 -4.192251407093576798e-01 2.003109618397742320e-01
-2.869227177061969836e-01 -2.605603435864927708e-01 1.284920544365117934e-01
-2.862774836812638779e-01 -2.857734837603164713e-01 1.117445830157988707e-01
-3.297157101790362810e-01 -2.827117884378597124e-01 1.198493183539430518e-01
-2.758953831762930298e-01 -3.325050561935227744e-01 1.183491569808703125e-01
-2.606632966239498250e-01 -3.302631400571569009e-01 1.210790884593708344e-01
-4.325016436376998286e-01 -4.452602287083939903e-01 1.477349571662755767e-01
-3.790956430971645919e-01 -4.522488906150713417e-01 1.358855146444374606e-01
-3.836200311834420118e-01 -3.192566043708547352e-01 1.412380935275944494e-01
-3.927651979665532367e-01 -4.259067231481991622e-01 1.076254790679009449e-01
-3.431675028672197536e-01 -4.396975247054111247e-01 8.996122008430111616e-02
-4.288661695300044485e-01 -4.388919447283102793e-01 1.860495401734638121e-02
-4.086690267950172650e-01 -4.594396316898127774e-01 -2.734530755091243298e-02
-4.561057931079599004e-01 -3.535317451645097475e-01 -4.216263888903395984e-02
2.768677751254209340e-01 1.134467207567906727e-01 4.384542869610383864e-01
-3.476894953577810421e-01 -4.340926304286931714e-01 3.711495903188705148e-01
-2.291248375411912563e-01 -4.447622474829300843e-01 2.115805387350963573e-01
-2.133418809587284415e-01 -4.462961000261587152e-01 4.097660917029566363e-01
-2.752418777518691462e-01 -4.120994504009903858e-01 3.770005817738314446e-01
-2.146296428143796842e-01 -3.683122779527318036e-01 3.160852987229981204e-01
-1.302580193151069987e-01 -4.289781203853728631e-01 4.012082165606331574e-01
-1.182113468176680116e-01 -4.193127390933836240e-01 3.351189565200489162e-01
-1.647596801742146344e-01 -4.117515096021673315e-01 4.053363142618046089e-01
-1.648538373112523603e-01 -3.822409850064861780e-01 3.424266846835243294e-01
4.815680699914963170e-01 -3.071170718413565592e-01 2.275665096327980641e-01
4.812917222621190816e-01 -3.398673437415972165e-01 2.384991109786597785e-01
4.900831981542146387e-01 -3.473592201053562478e-01 2.352666653400252994e-01
4.883012762340835922e-01 -3.606492519256767060e-01 2.577641105169968250e-01
4.611841922502180613e-01 -3.904864843882393521e-01 3.003549745485467604e-01
3.435616770774830853e-01 -2.848839151232291367e-01 1.493303951865198598e-01
3.312304365637764314e-01 -3.496549044567656694e-01 8.224011827180030543e-02
3.166975192648496806e-01 -3.690817376960645602e-01 4.476955606732298532e-01
3.402212411408329085e-01 -4.028447889871955567e-01 4.879094976657551430e-01
1.486575346548687226e-01 -3.055161600403873412e-01 3.888144198220860881e-01
8.983362373491300679e-02 -2.888414881420659497e-01 4.204472125443695640e-01
1.614282638988205343e-01 -3.265223977102337805e-01 3.687366165821021058e-01
2.557035201311718686e-01 -4.404261645032586103e-01 3.901425182571764960e-01
2.757930955089545333e-01 -4.463400912996022263e-01 3.232173799515081214e-01
2.063112377419729082e-01 -3.596569819313539251e-01 1.820890932278414476e-01
7.369563627120315208e-02 -3.307961569158907600e-01 1.575082932032695060e-01
5.027129612084755422e-02 -3.499769656719048938e-01 2.419545432199303736e-01
6.417881485054910407e-02 -3.609361610104462881e-01 1.358381142366945904e-01
1.729309742536524475e-01 -2.998746644619616486e-01 2.214131262073817108e-01
1.669470104949322686e-01 -3.144941403826320703e-01 3.606874846873895368e-01
-4.136713744733790943e-01 3.082920422774363400e-01 3.243191508038702486e-01
-4.490813565339333291e-01 2.955932945616439045e-01 2.131705246984440527e-01
-3.334990700726969681e-01 1.477134406258612254e-01 1.459022113563639977e-01
-3.559404317881283419e-01 1.054181430194052888e-01 1.601285571557373166e-01
-3.699891176054224129e-01 3.132467612905161930e-02 2.937129588130227287e-01
-4.170334647852120269e-01 4.329415233992955220e-02 3.657169181091270982e-01
-3.463887056003033815e-01 4.801373080782780911e-02 2.412462055160214391e-01
-3.161663779381757577e-01 4.517428903068417684e-02 2.443391894377931195e-01
-2.164444746360827121e-01 -3.858228726492356209e-02 5.799656187209949187e-03
-3.229743015789999228e-01 -8.639563199780303515e-02 4.648021290916470871e-02
-2.346600478653333710e-01 -4.010682535207607535e-02 -8.208204638232564909e-02
-2.439128522108028330e-01 -1.562848295684683697e-01 7.292552588441614247e-02
-2.086274213741071970e-01 -1.590940554131855811e-01 8.398681570181401601e-02
-3.125537017769869919e-01 -1.785680471610345821e-01 -1.028501384171065236e-01
-2.582455748116879168e-01 -1.580689967363431425e-01 -1.048146000934527533e-01
-2.135324927740430978e-01 -1.583353954465431257e-01 -6.636689564036851730e-02
-4.443578332098688799e-01 -2.162896906638877570e-01 8.358003472692993041e-02
-4.592912387224875603e-01 -8.902565555188639290e-02 6.699106675421247215e-02
-4.774398132601653244e-01 -9.427307591819995836e-02 8.985118781958661982e-02
-4.595562816826174735e-01 -2.719065750742103993e-01 -1.461091179527958771e-02
-4.344711624639522873e-01 -2.512062831924621875e-01 1.391811279618427460e-02
-4.412688395657825557e-01 -2.379287992927019701e-01 -4.387863718578529498e-02
4.996763585438198513e-02 -3.381290136464381590e-01 -5.950597985499337522e-02
4.594648754293573223e-02 -3.581406743086679723e-01 -9.334017922496319619e-02
8.458030227604244888e-02 -3.060799572191600926e-01 -4.822297556321691187e-02
7.936011648901387938e-02 -3.201267724837132955e-01 6.911056786418398601e-02
7.103201002873144043e-02 -3.339904389622730396e-01 3.307703294968220020e-02
1.759988459178559173e-01 -3.016853660497813561e-01 -1.259423600307358893e-01
1.952124659957030772e-01 -3.033264435998322406e-01 -8.173552347740963009e-02
9.720962992705359240e-02 -3.097162189755570672e-01 4.244280794234423643e-02
6.661579624681882028e-02 -2.999481584415394364e-01 -3.345681547056367743e-03
1.053126195552770705e-01 -3.880018767555606929e-01 -2.047634809130149391e-01
1.317513318115182408e-01 -4.289420432891697943e-01 -2.001151443373453409e-01
1.855354670136285244e-01 -3.571993263258211315e-01 -1.829954735061790627e-01
2.208863150442909040e-01 -4.282889861667725784e-01 -1.886520260712206687e-01
2.486079033062306987e-01 -4.515306170809436082e-01 -1.407469926837727203e-01
2.540190641342546241e-01 -3.729454000095329125e-01 -2.875882425321840685e-02
1.474326406033998893e-01 -3.809019303743251816e-01 -2.278722789486154476e-01
1.698006556552173751e-01 -4.224756322033876854e-01 -2.114269567439475972e-01
9.948264957502792050e-02 -3.721503569031150427e-01 1.255375731804879713e-01
2.307204156372494042e-01 -3.935950684753091178e-01 7.703313721687207738e-02
1.794056401501654963e-01 -4.123287601724457407e-01 1.336070243351145104e-01
2.800269220591953823e-01 4.031042532959239755e-01 3.529680255308817460e-01
1.449468598437886890e-01 2.990612316806272042e-01 3.488453809363139535e-01
1.485913849368694362e-01 3.549728706457577765e-01 3.499395083496446013e-01
-4.174844932516895701e-01 -3.654777542976712090e-01 -2.447393797827217277e-01
-4.315738618561990592e-01 -3.595965913745917120e-01 -2.806576648659815376e-01
-4.407609168718445436e-01 -3.451794049363026695e-01 -1.183880458310326844e-01
-4.725914850837642511e-01 -3.652771453054445838e-01 -1.094250365369174166e-01
-4.068859641726095822e-01 -4.263625138401621606e-01 -1.876672121167610174e-01
-4.069916367573475080e-01 -3.887921710793604269e-01 -1.301183339239549985e-01
-4.380648538918542889e-01 -4.245354986199033620e-01 -1.165304904261638408e-01
-4.641366257765429104e-01 -4.635477723415507012e-01 -1.743523451906556776e-01
-4.695966754092990580e-01 -4.503448523125421765e-01 -1.427221272207201408e-01
2.967669662778857909e-01 3.468920150866579011e-01 -3.435269013811388938e-01
2.279057235647621582e-01 3.424367327330535282e-01 -3.306719621270511333e-01
1.117809490374146834e-02 3.797024925572977661e-01 -1.119913605668466650e-01
-1.115128013462640816e-01 2.275913477387793149e-01 -2.294637944540842411e-01
1.009083705646231510e-01 2.269914362399868268e-01 -2.381956978611227127e-01
1.147443959656432033e-01 2.786261057934958374e-01 -2.260764613593473638e-01
-3.509304004373087205e-02 3.628877995940846812e-01 4.873729070262933227e-02
4.426322820844377781e-02 3.375990452526089203e-01 1.233398133170168776e-01
1.764679860059689687e-02 3.818279071572355243e-01 9.409110122877242799e-02
1.689597225558065741e-01 3.548832531260792122e-01 1.637339818996817742e-01
2.484797238042239509e-01 2.869700792853165372e-01 4.759514181840068109e-02
2.135033946846836839e-01 2.294143580726707432e-01 8.567950497081339156e-02
2.976473416126410032e-01 2.553006997406804812e-01 -4.625390455793701450e-03
-1.306259723289643869e-02 3.340032400569795112e-01 -2.710905040358266294e-02
9.461771811773704577e-03 3.416734067767727701e-01 -6.952282855553552909e-02
2.037849182546751514e-01 4.118472237716462314e-01 1.446678006509079795e-01
3.166891184934236825e-02 3.600066274064076532e-01 -1.102838472785535734e-01
2.548627300973753673e-01 3.736439696808221411e-01 6.787806760384049176e-02
2.432539226559215506e-01 3.911236284567327082e-01 9.728907404436994144e-02
-2.174795808392583352e-01 3.949063933622314893e-01 6.133545801060685809e-02
-1.270627301392261432e-01 4.118605788007191348e-01 3.315255615367874303e-02
-2.423179902640953676e-01 3.653542140087366330e-01 1.156026856532228198e-01
-3.063925303662179411e-01 3.899212696409566914e-01 1.123746258698165162e-01
-3.420361456269295219e-01 4.135728781426836753e-01 1.635077180766805471e-01
-3.869936527489759581e-01 1.032799428808023889e-01 -1.265517485612257520e-01
-3.873022794744129804e-01 1.010417363734236879e-01 -2.267517924559131759e-01
-3.799819025795761473e-01 6.753798096201052426e-02 -2.603569295031230024e-01
-2.585500170994088354e-01 -3.411967420951553948e-02 -8.920560214393524756e-02
-2.581373016238699414e-01 -5.333559428810256964e-02 -1.102920890200552728e-01
-2.706305691671138658e-01 -1.105243972741189601e-01 -1.115888157626249433e-01
6.137693136171827601e-02 -1.755019977273838960e-01 -5.128474650190359418e-02
-1.862784196866229189e-02 -1.690062276117799134e-01 -4.372216992312664974e-02
1.878526270996812991e-02 -1.782851486079925774e-01 -5.372611993231499183e-02
8.541681623399037873e-03 -1.805475935347546079e-01 -4.585962113388963868e-02
-3.943273191943100914e-02 -1.088497835443620748e-01 -1.532493307371211866e-02
4.916103715486571518e-02 -1.183068792671603808e-01 -9.536610469925226388e-03
5.205092845034951787e-02 -2.090512060894011426e-01 -8.572830827997030001e-02
7.302314368735983441e-02 -9.438105311149241894e-02 -1.771077636815193701e-02
4.091994456183823542e-02 -2.101692503228266562e-01 -1.234195479053254441e-01
7.800030202021409481e-03 -2.046980517951829392e-01 -8.678090106712786633e-02
7.687072230478918244e-02 -1.926681627565270116e-01 -1.367792290721473458e-01
4.544984908146389863e-02 -1.907862465418656839e-01 -9.921902126714989001e-02
5.722625224507209285e-02 -1.955890071193854829e-01 -1.244101500340134003e-01
1.813839845248876870e-02 -1.703815870271008781e-01 -1.333388380058314893e-01
-4.025393209205277434e-02 -5.513301609829369260e-02 -5.683139302581293600e-02
-2.311998258291207003e-02 -7.645661846116343086e-02 -9.786258924417555460e-02
8.420006519423700597e-02 -4.650734998464744335e-02 -4.588893737850632815e-02
8.038084080061189129e-02 -3.013104758418422291e-02 -1.134179999179953935e-01
7.814937495931534306e-02 -5.952218695529670756e-02 -1.122068556267885875e-01
1.792888425776660577e-02 -1.341212448619705233e-03 -6.566603612249435895e-02
6.914003902720947115e-02 -1.340219407571990352e-02 -4.005788351061766173e-02
7.943669306640994965e-02 5.957984159479796926e-03 -7.849348500340255774e-02
-4.658923525039759261e-01 -5.982829628878610223e-02 -4.403649590538417091e-01
-4.128132957694546357e-01 -3.904869367232972205e-02 -4.002053296149641892e-01
-4.534909381066782874e-01 5.166149685521568419e-03 -3.470250508357639041e-01
-2.645376803697561674e-01 6.661297743097026325e-02 -4.544366954617800047e-01
-3.510021761601045398e-01 -5.603138138598687257e-02 -4.165780018536854312e-01
-3.153998496977329924e-01 -8.801482902722455176e-03 -4.059920286322092897e-01
-2.761670217815426209e-01 4.215045153630512381e-02 -4.814128675148751091e-01
-2.572205073285878107e-01 1.636928656579126132e-02 -4.549024488105561370e-01
-2.570129641528127729e-01 4.215758430972169415e-03 -4.583014628773283694e-01
-2.608902876395866044e-01 2.653483648419401042e-02 -4.498907881537382858e-01
-3.464625478763728172e-01 -2.095717119965462560e-01 -4.547047938864468009e-01
-2.827685559274354943e-01 -2.354239383155932175e-01 -4.591271545960329825e-01
4.736966015314983958e-01 -1.853183602804603369e-01 -4.316517071683891871e-01
2.371757795516715728e-02 -4.336079335538680635e-01 -4.442103442519499401e-01
1.038721124807514412e-03 -3.996213516554321665e-01 -4.203351720309941308e-01
5.609233981556253912e-02 -3.380352408921925011e-01 -3.858833824023632508e-01
5.650608338425956029e-02 -3.100617013418349166e-01 -4.489635405839748072e-01
1.175933874641821031e-01 -3.452020261419672664e-01 -3.208828519069330532e-01
1.553378639687894025e-01 -3.627369349794533071e-01 -2.942242683614624266e-01
1.964503087992739427e-01 -2.610815014394279876e-01 -4.051092650436610709e-01
1.599710410812952843e-01 -3.127562266632991084e-01 -3.169797770330965991e-01
2.011166797212717572e-01 -3.432481256041114426e-01 -2.986300709604898240e-01
2.982315835354080735e-01 -2.862172370194554505e-01 -4.344238276503242790e-01
4.135195712446416705e-01 -2.254729071129465412e-01 -3.646875757613363689e-01
3.274391323117291641e-01 -3.154790300024081784e-01 -3.947128888175483463e-01
2.849454808134925243e-01 -3.670457629885142126e-01 -3.363518032567353044e-01
4.752153845578237501e-01 -2.165103403434635587e-01 -3.836364198567440709e-01
1.029874499914321812e-02 7.063167775587932129e-02 -4.690493080269755310e-01
4.407887252307504111e-01 1.140848827274822258e-01 1.134578455853767556e-02
4.035641127231907044e-01 1.381125920424959574e-01 5.473736318959292191e-02
4.563063874436080747e-01 1.855222727173427844e-01 1.635550184772363858e-01
4.701564631483527990e-01 2.663524124239612378e-01 1.904376928611645758e-01
3.653185122042592603e-01 1.953333781804899028e-01 3.655071294261295900e-02
3.610181365220767047e-01 1.576019625856272532e-01 3.901751473041971396e-02
1.451761014724142207e-01 4.364543411035321507e-01 7.584866093570810652e-02
1.950630198678366123e-01 4.716610274815311588e-01 1.292088921097576948e-01
2.453982354394222687e-01 4.209196682241677645e-01 6.159361827712536014e-02
2.307759077834857231e-01 4.156362036116406644e-01 8.305072543683930664e-02
2.077833053848463785e-01 4.529521028861652754e-01 1.011917983529242171e-01
1.004780082310974820e-01 4.790811436677993584e-01 -4.162773501552968214e-01
1.409832969762087052e-01 4.676041880935374317e-01 -3.897825465815767387e-01
4.375251836939999389e-02 1.728864280695985856e-01 -2.943336280581548281e-01
-6.825264125881067012e-02 2.114709696238364356e-01 -3.129375256534133176e-01
5.401568518175650646e-02 2.420648803644764313e-01 -2.711139481430939191e-01
-9.366752939985552306e-02 2.605126129944838609e-01 -2.887617779516617467e-01
-1.207273816888154994e-01 1.731557487165264198e-01 -4.013885223068148211e-01
2.158827225514519180e-02 2.794306763354758583e-01 -2.799566567475612056e-01
1.080435511249536532e-02 1.033044628753626987e-01 -4.612340854602344775e-01
-1.421011801513532603e-02 1.009075494313056154e-01 -4.497121887337669488e-01
5.369142501871828482e-02 9.987825337210722021e-02 -4.484296874200244254e-01
6.713539383112511472e-02 1.114635110096449111e-01 -4.152818245601281877e-01
-2.709432491995256709e-01 2.655478383979557044e-01 -2.685867467815856724e-01
-1.837513839407111105e-01 3.122346532423943555e-01 -1.457708459599332262e-01
-1.411315228239914121e-01 3.169581954023858450e-01 -2.102247078155458082e-01
-1.323094633806540521e-01 3.042587030925605895e-01 -2.354875091266627474e-01
-2.892613493063442842e-01 2.785786037219348810e-01 -2.137198563638713078e-01
-2.730091807237421953e-01 2.787403392883970876e-01 -1.711907809985437068e-01
-2.936793524838768876e-01 3.193472005688050008e-01 -1.181637648382278388e-01
-3.158706789815537985e-01 4.359113424898204969e-01 -2.867710441462740234e-01
3.107752040119145520e-01 -2.309015538851866001e-01 -5.381591254491510656e-02
2.533511223632947673e-01 -1.396830651155795966e-01 -9.896667287148760983e-03
2.272992923112815422e-01 -1.990734200455370473e-01 -1.597040236588608830e-01
2.585432752248795762e-01 -2.399642511678899137e-01 -7.065086099002174103e-02
2.379854898830457144e-01 -2.098263373266119614e-01 -1.176473981091889220e-01
2.800688953776367951e-01 -1.136283277799967073e-01 1.911186981363198478e-02
3.060047850878704900e-01 -1.228241932053756730e-01 2.635485810104686022e-02
3.097157389293572760e-01 -4.563359017915607357e-02 -1.068934716743346475e-02
4.104765956047374820e-01 -3.273313794254545384e-02 -1.679737947841589141e-01
3.531071861365869813e-01 -9.388694862627500193e-02 -2.553937010231803750e-01
-1.360675019080447856e-01 1.939746992867213693e-01 -4.853725574936416653e-01
-8.248553226899490998e-02 2.784394612271950953e-01 -4.802783083899481720e-01
-1.929810776836897446e-01 1.578757434818954530e-01 -4.438860435060021925e-01
-1.863161876529864924e-01 1.833481498254544428e-01 -4.807885359635378220e-01
-1.508231367255883359e-01 1.784711961996875151e-01 -4.349085121769183937e-01
-1.544427614766368251e-01 2.039103862508952203e-01 -4.688875182963119781e-01
-2.622866876166397576e-01 1.491392407844201184e-01 -4.054558676024040409e-01
-2.369124215026770786e-01 2.938078901291526490e-01 -3.031650180085310176e-01
-1.145686010843734587e-01 3.032024968818992083e-01 -4.511562433788776083e-01
-2.944455189596653089e-01 4.310259459406086680e-01 -3.919901522368055558e-01
-2.557735399077575855e-01 4.495078177033390299e-01 -4.155515637553739983e-01
-2.429653776910337126e-01 4.289749203129250565e-01 -4.576793240790197337e-01
-2.529518298049628910e-01 4.101802008891759499e-01 -3.286872363141752351e-01
-1.954377566426948876e-01 4.171050782815249325e-01 -4.505707474470320717e-01
-4.657115711255421786e-01 -4.517671680025536762e-01 4.510281513048606250e-01
-3.394931276490294469e-01 -2.814326228040244238e-01 4.673963959074913799e-01
-3.347559912966676099e-01 -3.405989180244298753e-01 4.730416705358612695e-01
-3.928691800148595425e-01 -4.424289549565506019e-01 3.734330655147639066e-01
-4.604165542292936730e-01 -4.493679770036037024e-01 3.631909428456054356e-01
-3.144113182615817514e-01 -3.063493284232448599e-01 3.784064212640096403e-01
-3.329276457488731800e-01 -3.820931548069069761e-01 3.939389718281730013e-01
-3.792663127012634305e-01 -2.633452229800882227e-01 3.217250407790692712e-01
-4.605342386475876348e-01 -4.252351689055514639e-01 2.638801534404817684e-01
-4.003862444544297183e-01 -2.201621594078785327e-01 3.248127959454806257e-01
-4.795216031285409741e-01 -2.115361715439336154e-01 3.232143413994695291e-01
-3.411585403411617756e-01 4.212638942349051230e-01 -4.268128068159695032e-01
-3.799524860878887855e-01 4.308710521029984752e-01 -3.972070425757365797e-01
-4.394710811273145334e-01 4.615800046307653726e-01 -4.142740424418128176e-01
-2.985069366765883969e-01 4.134483065960458670e-01 -4.664789452313560236e-01
-4.751231721056252688e-01 4.371595006090396307e-01 -7.981373074470678175e-02
-4.656279606288675210e-01 4.466100846520916212e-01 -6.378432342488123130e-02
-4.647069828904033528e-01 4.279665535578968671e-01 -1.280821443045243868e-01
-4.614979612509133577e-01 4.100779444323092715e-01 -6.875495940878106893e-02
-4.654002890927941838e-01 4.226881629842281218e-01 -2.039037162870079301e-01
-3.963391444870876801e-01 3.650359177359491780e-01 -5.521141441428063790e-02
-3.117937275198908176e-01 4.652789710335762385e-01 -2.469894656963517732e-01
-3.299004969072296678e-01 4.509030272359167424e-01 -9.928256174281746907e-03
-4.259268527971069029e-01 3.935754946379755870e-01 -2.148396365891775683e-01
-3.416129218592232619e-01 4.197614610343484709e-01 -2.328979520348122556e-01
-3.843247286451571543e-01 3.226066474635725378e-01 -1.028928179032289336e-01
-3.444089723772112976e-01 3.497536281360293930e-01 -1.353663483454585481e-01
-4.134664465014503132e-01 3.589723368552328320e-01 -1.985054719189474903e-01
-3.493066844302080698e-01 3.612609659462463485e-01 -1.835739741511616674e-01
-4.931918605251123244e-01 4.191241769576534160e-01 -2.423398241866602520e-01
-4.723232341158575820e-01 3.945202254711731027e-01 -2.966978836260998897e-01
-4.358175350904318623e-01 4.106450714906321742e-01 -3.762788719624018952e-01
-4.588596096446316830e-01 4.370116063010916485e-01 -4.112519428214091999e-01
-3.178136158499225705e-01 -9.340824736279872142e-02 4.677285690528125706e-01
-1.126604591399504307e-01 -1.717576544725969712e-01 3.052542676425389345e-01
-4.119717611240320682e-02 -1.913880893025129704e-01 2.750807907790550066e-01
-1.550815166983870452e-01 -2.447793488908703297e-01 3.331060060227736819e-01
-1.028921257595862004e-01 -2.311673670208461706e-01 2.727244429065671660e-01
-1.648833814593362312e-01 -2.489581768254413574e-01 3.784747773597249565e-01
-1.617430600929688905e-02 -2.420048696288881196e-01 3.275498622206454713e-01
-3.827185211988081565e-02 -2.492503296920138833e-01 2.660937317879187858e-01
5.717626943797195910e-02 -1.059051546098304236e-01 4.331894236504848505e-01
-1.951378909699972852e-01 -2.119307990701225497e-01 3.800734451589445340e-01
3.706950214969699786e-01 2.504789420037166481e-02 4.803396740945037879e-01
3.693238755449853583e-01 -9.441765471671088872e-02 3.937452839227136847e-01
4.424994432711831238e-01 -1.739550501790795844e-01 3.989478281254434933e-01
4.270501555304374586e-01 -8.690030029554358937e-02 3.856080808650522163e-01
-1.315166196319422220e-01 -4.697150687752584819e-01 -1.338930127743537778e-02
-1.061141733759032452e-01 -4.499844093051788563e-01 -7.443716525348396951e-02
3.446757986205731261e-02 -4.120633109945190942e-01 -6.706091409763920153e-02
8.791580802540123474e-02 -4.633463631054204890e-01 -9.686330758518757467e-02
4.634889054130704178e-01 -4.338526877732171716e-01 2.819755237039959228e-01
2.781032504595362109e-01 -4.769233573113531022e-01 4.796980313969269050e-01
2.499836695169192491e-01 -4.851738345555589027e-01 4.280310009308246344e-01
3.088413730750755870e-01 -3.064178510454019233e-01 4.245333458101844260e-01
3.630194878959930316e-01 -1.702715177179303097e-01 4.235058148028160163e-01
3.347188253210981457e-01 -1.454647138422693331e-01 4.190175525735568840e-01
3.405340223402950062e-01 -2.268563527356917131e-01 4.059689490250149579e-01
1.955121903616336976e-01 -2.742355863269971272e-01 3.691912188100300307e-01
1.289084417594834053e-01 -1.311268079105510354e-01 4.018167085416926576e-01
2.631454000793484460e-01 -1.993949541701683092e-01 3.219708975746613522e-01
2.579287379434762051e-01 -1.382262644892513492e-01 3.731874204346497526e-01
2.012053344742430749e-01 -2.199984267414396844e-01 3.259921921425837921e-01
1.912063983688051805e-01 -1.293038174460339196e-01 3.667819766199535425e-01
7.386929729990211746e-02 -1.662421670353914360e-01 4.620473963807030793e-01
1.031471571458598274e-01 -2.794732470519937784e-01 4.448323709870924958e-01
8.870951827712671156e-02 -2.561866498458768571e-01 4.559461811845979540e-01
7.685400857503484062e-02 -2.165196954538825824e-01 4.882686948087461842e-01
9.701303278902960459e-02 -2.553130587441706512e-01 4.733583404735374756e-01
7.583794722767056573e-02 -2.492249937042488039e-01 4.877540169879130971e-01
3.963878118015563556e-01 -4.117634941126857018e-01 7.957098356640059100e-02
4.758208117172725293e-01 -4.640220151512725044e-01 1.100418380299894167e-01
-1.954342235526544680e-01 -8.279106787674536672e-02 -7.418053082361435180e-02
-1.823159096807715485e-01 -1.405377697379189827e-01 -8.001526013528141579e-02
-9.025907187040335677e-02 -4.586286641103354267e-02 -8.023107256858563741e-02
-1.434715053904646320e-01 -1.459502132758858928e-01 7.350464162551555158e-02
-8.783900111223372220e-02 -1.140998913951994098e-01 2.794285369950997439e-03
-1.221081344209202085e-01 -9.827839557582784824e-02 4.445752564405619500e-02
-9.581030726442446577e-02 -4.284596062983304920e-02 -4.984193116843384924e-02
-6.961508143258843262e-02 -1.712514796128825068e-01 -8.862748395733078405e-04
-7.469004890635368155e-02 -1.966680700935938553e-01 -1.265330971916631686e-01
-1.876482476015862988e-01 -1.533346941441181832e-01 5.052935378633355290e-02
-1.635285164309241146e-01 -1.236397431600541746e-01 7.943195449814703657e-02
-1.749919290960819662e-01 -1.344930195741090573e-01 6.317664386874151383e-02
-1.925654082941806733e-01 -1.566676878734443168e-01 6.230872368274185946e-02
-1.680762391126284505e-01 -1.950039037819738807e-01 2.975200915860410494e-02
-1.856631111751333441e-01 -1.658646151834059501e-01 8.519709446112692236e-03
-6.973833808494198094e-02 -1.825959808795712958e-01 -4.018246654453651312e-02
-9.019253343067122619e-02 -2.078624408581971617e-01 -2.695306657154223490e-02
-6.913018203334349299e-02 -2.030990313164230676e-01 -6.842840255247925607e-02
-1.403267662270610006e-01 -1.724066103765252989e-01 6.857745659750505429e-02
-1.758505663875998271e-01 -1.851056853157458937e-01 6.652793090866347681e-02
6.161062863791885030e-02 2.834906369325888575e-01 4.780366174446942229e-01
8.654656048993629447e-02 2.999741980938642749e-01 4.535509051573932138e-01
9.380166835904865663e-02 1.164275300732298818e-01 -2.685569823261642064e-01
1.180107011368334430e-01 1.879040216882160441e-01 -2.645364961982318297e-01
1.274326226880893309e-01 1.626447408907034098e-01 -2.368527622615159145e-01
5.450040237220180050e-02 7.385956770643190006e-02 -2.340461358482855414e-01
5.455427573026894877e-02 1.795039240596084384e-02 -2.386818704434614247e-01
2.363755866587656795e-01 1.260799634664839519e-01 -2.030480474376395728e-01
8.802246526257548331e-02 6.101435801535667197e-02 -3.481524458339831374e-01
1.228728500565150900e-01 1.348790887983965237e-01 -3.404756209113975474e-01
1.211197932244669623e-01 3.064273304459295966e-02 -1.182686480485497099e-01
8.799443303193157928e-02 -3.046904502970855522e-02 -1.479062983754226568e-01
5.201495438186385517e-02 1.884607701341998315e-02 -2.817205726671503374e-01
2.107488464846635767e-01 2.222492714116957452e-02 -1.190557757957232815e-01
1.398241883620458259e-01 -8.141352258860735935e-02 -3.474755761986111913e-01
9.425125116415941640e-02 -3.887267077755622580e-02 -3.489381323214199027e-01
1.120786553654904150e-01 -7.071019882877180307e-02 -1.601358345305285424e-01
2.677918077911011219e-01 -5.225707617277361439e-02 -1.540116936800188518e-01
3.003820848809377608e-01 -5.510948712562009633e-02 -2.482822248339905113e-01
3.153427761665089646e-01 -1.583717432513970236e-02 -2.151194183027503315e-01
1.113268653301023176e-01 -1.525018476534663603e-01 -2.370913256764632937e-01
2.620877519128746447e-01 -1.034442920071920874e-01 -2.223016461489347728e-01
1.774075638086944906e-01 -1.356652959796517399e-01 -2.733683327242792394e-01
1.685466714194887861e-01 -1.626186675642859181e-01 -2.289061828637863893e-01
2.265254803401384465e-01 -1.332108242628046446e-01 -2.034343578821304066e-01
2.071398640914155209e-01 -1.004982435622347459e-01 -1.684006610142849691e-01
-2.593121530778823014e-01 4.681981778251777526e-01 -2.012200006695375465e-01
-1.092033649909501525e-01 4.080352269989637182e-01 -1.794295871973364542e-01
-2.742170769421269916e-01 4.329679954473054093e-01 -4.645642074543283873e-02
-2.777874328489802203e-01 4.027270427373639272e-01 -1.072688582710884381e-01
-1.497848387215398591e-01 4.219304061019300556e-01 -9.900577157570401854e-03
-2.157838658094301809e-01 4.126477912484650679e-01 -4.167423117722413375e-03
-1.296419913664190460e-01 4.139051277814344010e-01 -5.458009445024213091e-02
-2.309378263610583626e-01 3.595888525362859189e-01 -7.393082517585071456e-02
-2.614123906553166288e-01 3.792680293019936588e-01 -1.027937469653295716e-01
-1.656506080538121262e-01 3.707505975454127300e-01 -7.519743679639770417e-02
-1.790525560245344594e-01 3.755631461074668831e-01 -1.188443055627341483e-01
-1.950643895486312562e-01 2.530785826224553059e-01 1.666448866041655152e-01
-2.136040564328930275e-02 1.135416015548627727e-01 2.774249281863766514e-01
-1.232610291981483565e-02 1.637177193658026220e-01 3.305553418552232281e-01
-2.108212742242745741e-01 1.978609467541588007e-01 1.320295549715562733e-01
-1.773118426875223141e-01 1.047213844105820552e-01 1.371577713254437669e-01
-2.242640425204620314e-01 6.514388395226208828e-02 2.026339700821532808e-01
-2.489203285971520740e-01 1.373688362906378135e-01 1.514206193317076676e-01
-2.534985654808747518e-02 5.898289506417446482e-02 3.143993244150907751e-01
-4.650253017961403224e-02 5.853100140221590558e-02 3.333125282100941611e-01
-2.896436004120667151e-01 1.415427629569135648e-01 1.859869948770774550e-01
-2.874571098604120634e-01 7.836587942872856594e-02 2.295142528097641743e-01
-1.707874298106885208e-02 3.155400270840672539e-01 2.010410351368339399e-01
4.132001973372037562e-02 2.505891747474640052e-01 3.231894420920191080e-01
-9.528809724997670816e-02 2.608264680581894868e-01 1.749823415483220956e-01
-7.996568876273098259e-02 2.312653669364300724e-01 2.801368856976122479e-01
1.252426508281394291e-01 3.505125771739572849e-01 3.313046121434425895e-01
-1.728064913236483924e-01 2.753533899126013873e-01 2.383096142938370410e-01
-1.579494967270932970e-01 2.482943842726431372e-01 2.883269228791713878e-01
9.130591729007875301e-02 2.914751187479709960e-01 3.436200402891216310e-01
1.313719173235457782e-01 3.451358726208243466e-01 3.572419850957045950e-01
7.805800508966576068e-02 3.052817824792143364e-01 3.644409144386160371e-01
-3.131529069374058283e-01 7.117833525590280819e-02 3.051363793021273918e-01
-2.845830235592995416e-01 8.538103274094319128e-02 2.883864054675491229e-01
-3.717755528555811151e-01 7.941643246596495620e-02 3.824393480021717195e-01
-4.010088465195756346e-01 1.549482595027271703e-01 4.405299896919038782e-01
-3.893402902439198066e-01 2.137454541140210440e-01 4.424586292703491242e-01
-3.512496371552837338e-01 2.454242869833214991e-01 3.825741726792984410e-01
-2.812274283039166156e-01 1.850270462808794592e-01 2.976512672458228037e-01
1.467099740908424099e-01 1.334180816439131667e-01 6.862597952802870771e-02
1.706144360124580150e-01 1.720497876663665271e-01 5.874628452728059003e-02
-3.472187813633688391e-02 2.955991359871665836e-01 1.207755066734784999e-01
-5.905233373369322275e-02 2.947577440919612601e-01 5.619963953943345886e-02
-7.105724712597399906e-02 9.366348142192322535e-02 8.901895887040299493e-02
-1.610355810130889020e-01 2.110960504120069359e-01 1.056926597665020923e-01
-8.987627093294060787e-02 2.271914257687300542e-01 1.690261564401395744e-01
-1.390238703507938045e-01 2.491074685426830915e-01 1.251026600362488694e-01
-3.815671315218246984e-02 8.782500455798324113e-02 1.260745447850886436e-01
6.131815167707169861e-02 9.813290634193971851e-02 1.280937942827863052e-01
9.906557618812181915e-03 1.021785507213152228e-01 1.725453330563734566e-01
-1.219952174022930491e-01 1.359446990202590189e-01 1.463086180428257721e-01
-7.532609553959745963e-02 1.491525458171339413e-01 1.785484998358541631e-01
1.160328204875787639e-01 2.252039894934340092e-01 -1.359402219524052935e-01
9.861179243799204908e-02 2.714281839993784029e-01 -1.501687342767434596e-01
1.088356490152801725e-01 1.939500192379834398e-01 -1.973678048417316921e-01
1.048461817522551159e-01 2.417246822502111536e-01 -2.000180966801041738e-01
1.011875049914423425e-01 1.826053947224491325e-01 -3.528261113212095151e-02
7.225854517310481562e-02 1.347776529541808155e-01 -1.994230115259874869e-02
-3.837439592374577990e-03 2.781912590624215365e-01 -9.095630145101533948e-02
7.197695067668372082e-02 7.185126986199041887e-02 -9.730399292063671157e-02
-7.259355817618329265e-02 1.676578059685573108e-01 -1.739621322528913869e-02
-9.876666964405120264e-02 2.483027018376338657e-01 -1.362757073224941384e-01
-1.038521759287863028e-01 1.806653606562213799e-01 -1.655341592130275541e-01
-4.118202885661136070e-02 2.737998398487380136e-01 -5.786228044921248870e-02
-4.182200649353731009e-02 2.514606531365417008e-01 -2.974061227536649310e-02
-6.008659327499905889e-02 7.715640546088123330e-02 -6.353890180525538500e-02
7.136913230934370522e-02 9.604507338293576113e-02 -2.047590090849981392e-01
8.131644703592159906e-02 7.630342283591383390e-02 -1.521316001644646976e-01
1.017702082895146076e-01 1.475502095932696434e-01 -2.036450348954736700e-01
-9.088600672706158290e-02 2.063672978756243004e-01 -1.374524130144020272e-02
-1.331928663920968481e-01 1.973314955708156682e-01 -8.901931190970537033e-02
-9.776733798147813070e-02 2.411456956771238780e-01 -8.975104276395447223e-02
-3.338215792987856423e-01 1.072565452035519201e-01 -1.207184873181052776e-01
-2.712426079332753703e-01 2.056372338265434752e-01 -1.316211892443717446e-01
-2.697944409134593324e-01 1.354691739291882524e-01 -1.850520242357467926e-01
-2.975511581002616701e-01 1.108162095498137906e-01 -1.751184541683686313e-01
-3.706576303765079516e-01 1.387446835808612278e-01 -6.404665070436958707e-02
-3.350415717387160153e-01 1.925314916489309358e-01 -3.853263131932958829e-02
-1.770149199378243110e-01 1.983160194774144236e-01 -8.141780870150580607e-02
-2.304801784505421669e-01 5.297810757060528869e-02 -1.929282767396453546e-02
-2.585496447930556996e-01 9.496837952650979964e-03 -8.068495543252145186e-02
-2.783755121869092575e-01 1.346717745831129687e-01 3.552059809908314492e-02
-2.810654246636603015e-01 1.799886787764524709e-01 1.790323445444746975e-02
-1.260998935214880379e-01 1.500649338631520058e-01 -1.230426242088105970e-01
-3.483391182814982168e-01 -1.239681444481458561e-01 -2.190169057125840868e-01
-4.733345893102061663e-01 -1.805688155890759761e-01 -8.287644279140383985e-02
-4.562066746723250077e-01 -2.013110158111022507e-01 -6.953615807467386500e-02
-4.816665546386484920e-01 -6.273854762315042577e-02 -2.349899300293459836e-01
-3.403212795658724921e-01 -1.663413596611679202e-01 -1.061810154660287053e-01
-3.506294218210676550e-01 -2.039868345696563001e-01 -1.138876051083447527e-01
-4.067499920267078073e-01 -2.511737465492813182e-01 -9.115485372413098530e-02
-3.664524851808318440e-01 -2.396163054436709627e-01 -1.147870191513377519e-01
-4.199355570990050412e-01 -3.116519113837472599e-01 -1.633083158487789177e-01
-3.586184087062343484e-01 -1.902750741466320561e-01 -2.563408528039815559e-01
-4.129544653914880570e-01 -2.879515815412411750e-01 -1.135880869027924844e-01
-3.715688032882837333e-01 -2.698774732457687175e-01 -1.318148225963131914e-01
-3.517947082052126917e-01 -2.597982772113928140e-01 -2.270458252334677240e-01
-3.415858082203659940e-01 -2.329133171608412933e-01 -2.370203817028985194e-01
-4.265261028964444923e-01 -3.110512147816933415e-01 -2.632363838352921870e-01
-3.701065303668639728e-01 -2.673564604977429204e-01 -2.704398144792091729e-01
-3.833811575036099040e-01 -2.138844570832226233e-01 -2.885774790518553234e-01
-4.177120120738219700e-01 -2.091262345910313014e-01 -3.080588499178221196e-01
-4.538637747908084719e-01 -2.377650332448030812e-01 -3.173336371520062427e-01
-4.479349651435418078e-01 -2.933618015075978858e-01 -2.776219695962064415e-01
-3.898091263240215931e-01 1.108662022043751388e-01 -2.709361576343004563e-01
-4.489819515165366925e-01 1.573956075248902631e-01 -2.444886879301987614e-01
-4.180672323056802142e-01 2.272276931389783650e-01 -2.905290006796358848e-01
-3.704282652349104588e-01 5.324792796725377753e-02 -3.871217918053130314e-01
-4.122013314316412269e-01 8.208955560073298574e-02 -2.780921326009536676e-01
-3.227761600211829784e-01 2.052489549670637736e-01 -3.041174930430562973e-01
-2.866855513218277696e-01 1.599502635184563148e-01 -3.032527119650448300e-01
-3.179600549331789150e-01 2.124304582818833387e-01 -3.555076792507864680e-01
-2.849512721666491166e-01 1.650319763847843679e-01 -3.522476125833275407e-01
-3.698017992626562167e-01 2.713477140972528900e-01 -4.290924817285030612e-01
-3.100595220075286207e-01 1.067470395089126223e-01 -4.229068959743099709e-01
-2.882031250723905980e-01 1.612687797956054159e-01 -4.326266935933789637e-01
-4.681820799260374422e-01 3.205007087701106649e-01 -3.468777901565583965e-01
-4.490347635645520197e-01 3.241872400610160132e-01 -4.225844087352645939e-01
-4.714442489572343575e-01 5.452088222553105185e-02 -3.036502073745122043e-01
-4.526011353887928745e-01 4.235639515407972622e-02 -3.561981252987105329e-01
-3.207494164688161065e-01 2.179997387057389935e-01 -4.778769814871648980e-01
-4.485124084505584530e-01 -2.812473991074123103e-01 -4.746229350096922150e-01
-4.234651293936322891e-01 -3.875243287237416512e-01 -4.607734388079065546e-01
-4.593756414088941420e-01 -3.187165629877614093e-01 -4.664966430626369953e-01
-4.523422539448304081e-01 -4.077836520316243663e-01 -4.723440263697333275e-01
-1.598942685689765109e-01 -2.032085081214899114e-01 -4.590030018273678070e-01
6.443843987941755627e-03 -1.906094717139026617e-01 -4.621771808857565444e-01
2.093306466180727687e-02 -1.650215308111683543e-01 -4.661956740717579928e-01
-6.659975438955179766e-03 -1.077732125743538910e-01 -4.410410780978512024e-01
3.105282803526378949e-02 -4.516171141219215146e-01 -4.786527661470126871e-01
-2.164677623836072651e-02 -3.726433449463185110e-01 -4.623060851368254176e-01
2.877427395412235009e-02 -3.490246666168670964e-01 -4.601033684658566436e-01
8.600233984866818837e-03 -3.922388991309753714e-01 -4.586664652478584792e-01
3.492008737590791001e-01 -4.370203921781569689e-01 -2.192283813458040242e-01
3.979767347561580793e-01 -4.594916628790476354e-01 -2.787726016055151468e-01
3.996977987051284487e-01 -4.565896291592424494e-01 -3.079943296056379953e-01
3.462866855108028274e-01 -3.852725282829461695e-01 -2.494886742965831961e-01
3.543714642733998832e-01 -3.832289071928625113e-01 -2.850079950483798696e-01
3.468879426662524468e-01 -4.416020868246198772e-01 -1.524390751237373054e-01
3.979770885313680950e-01 -4.334324242242972858e-01 -1.241866119191872703e-01
3.929173154493709186e-01 -3.899125075511506444e-01 -1.040742541905026602e-01
4.447228576185735527e-01 -4.965275878160552159e-01 -2.844230022752569642e-01
4.351593937266150514e-01 -4.677745150011235475e-01 -3.061548197089418166e-01
-6.688155925370228849e-02 7.622769338077597934e-02 -4.107417629825729222e-01
-1.593126664932031922e-01 1.292494166927650456e-01 -4.041930959842969795e-01
-1.778149966722777919e-01 1.034390779997971938e-01 -3.341146539718077291e-01
-1.880473451643875915e-01 1.021260626633070656e-01 -3.987697798821644435e-01
-2.316834053041470776e-01 -9.008546139679305537e-03 -4.397403610698386589e-01
-1.772874874170419779e-01 -4.655322975912389027e-02 -4.527005874313929090e-01
-9.501983645469186390e-02 -1.066322224324480449e-02 -4.510516421750760951e-01
2.883387221938565892e-02 -2.117647122511907287e-01 -2.466053813532417538e-01
2.396454866877903433e-02 -1.995480727188901071e-01 -2.210901260507334987e-01
6.291011713343439005e-02 -1.942697685190945545e-01 -2.203006010438795237e-01
8.970324535633680818e-02 -9.545759887841229197e-02 -2.685069734449373469e-01
9.106940961207925234e-02 -5.875448356179550913e-02 -3.036253656768373999e-01
4.650654722653688178e-02 -1.654149243203938136e-02 -2.710533112121419896e-01
3.621683292831355816e-01 2.080360380543733456e-01 -8.013532360356158402e-04
3.945457864198473330e-01 1.878012758674991178e-01 -8.877400565228713361e-03
3.479900537431405150e-01 2.400827844099184538e-01 -3.269924160372314481e-02
3.904060944913123610e-01 1.996488106469115342e-01 -6.938599378000091800e-02
4.138302656339396535e-01 1.890546612058517373e-01 -1.062969694629165157e-01
4.135146553790142732e-01 1.617086383312989761e-01 -3.117518579890716721e-02
4.418665284483270783e-01 4.240927349491813714e-01 1.467321275183048335e-01
4.335829254284501721e-01 4.746256404668531825e-01 1.009560488064576295e-01
4.511757887782666399e-01 3.522256887540038406e-01 1.492122249911111698e-01
4.652926261475862080e-01 3.146245627714259752e-01 1.562762462748454317e-01
4.448223807632747384e-01 3.141071909316630606e-01 1.250549757508187532e-01
1.353091393380919938e-01 4.286960577945513884e-01 -2.984684569457541903e-01
1.232468346189290465e-01 4.184228388460253245e-01 -2.633886672720370803e-01
1.915509217960689736e-01 3.743440607011800925e-01 -2.810504489138336282e-01
1.415984082825955670e-01 3.276200394007091621e-01 -2.252738074630097342e-01
7.290253567347532160e-02 4.046082226576807606e-01 -1.212797832480155685e-01
1.164002839087321939e-01 4.222892643091456510e-01 -2.202274938268860768e-02
2.379059411919223765e-01 4.209567542011283803e-01 3.287777003380211449e-02
2.629626332366366004e-01 3.319675026393263950e-01 -3.239560668713049874e-02
2.342064481403063614e-01 3.945950557096388756e-01 3.627919011072813088e-02
1.058861137296208121e-01 2.858537198412616220e-01 -1.689347565574500498e-01
1.017605229136330364e-01 3.259105216578002118e-01 -1.394962660581756941e-01
1.251642324053898747e-01 2.949455226490127480e-01 -1.382098437949973724e-01
-9.659353419892913184e-02 3.634408643955991391e-01 -2.393132988626646696e-01
-1.091066145965103179e-01 3.969488881746798259e-01 -2.132475514559108165e-01
-1.125381793538939718e-01 3.645479650879799305e-01 -2.472982566926517911e-01
-1.174669905148559151e-01 3.275376284547091843e-01 -2.772731187246785245e-01
-4.008422073723610923e-02 3.276270753823554149e-01 -2.948432001102248567e-01
-9.824136242889609794e-02 2.965091887829085504e-01 -3.057205819389922641e-01
-1.790336832637886288e-01 3.306568337012396608e-01 -3.058074468261012813e-01
-1.122096976580462535e-01 3.081853209650057823e-01 -3.710062312913512961e-01
-1.151188716978551463e-01 3.477176452393649364e-01 -4.014648501261547375e-01
-2.091061025259711437e-01 4.028696989605165535e-01 -3.211565266310664191e-01
-8.074321401380535335e-03 3.701672013658906524e-01 -3.903291951922402414e-01
-9.098885501363420530e-03 3.604487656039719323e-01 -3.425760095417477724e-01
-1.785344419437512598e-01 4.748180340606046879e-01 -2.347406364396994183e-01
-1.344521907404870875e-01 4.380891754256247550e-01 -2.266489789958632539e-01
-2.150450724194160057e-01 4.467704622336383102e-01 -3.745050049320689523e-01
-1.722431033738908435e-01 4.238793009100950138e-01 -4.100874579881500503e-01
2.259363574701200514e-02 4.422666696046217427e-01 -3.944214589276401894e-01
-3.077658653553064574e-03 4.186910775827461517e-01 -3.355235242132549311e-01
3.737813518888893904e-01 2.903044209788606042e-02 5.483287421624281205e-02
3.208037143911525724e-01 -3.436320536685808641e-02 -7.626923397370420285e-04
4.255534214245820235e-01 6.083681376367180982e-02 2.226007079450746662e-02
4.850456418483535259e-01 5.511731825350475733e-02 2.310411134945748735e-02
3.784774635357955330e-01 -9.744064194203629070e-02 1.150768599686870786e-01
3.677152531129981861e-01 -1.260707932165387180e-01 1.294635438385281501e-01
3.397134859092254544e-01 -1.429205290981677423e-01 9.345379736294966155e-02
3.218457837671381272e-01 -1.100668636667284372e-01 2.443752867263918743e-02
3.435566178944325366e-01 -1.614609308944311983e-01 1.608923448985850185e-02
3.926456056405516759e-01 -3.334616540189363348e-02 -1.211162764526993590e-01
3.991152716305630954e-01 -9.095941734061130379e-02 1.477912295970471301e-01
3.890169369303414504e-01 -1.227075994919177154e-01 1.295086866249865187e-01
4.270791088554972692e-01 -9.743281618130067434e-02 1.265026618909761147e-01
4.386112390057246846e-01 -7.151854909500462987e-02 -1.549903979857246983e-01
-3.847784753736729346e-01 -2.284741267280333277e-01 4.686057510788741998e-01
-3.432261108011542827e-01 -8.906704921914446182e-02 4.832440695391356789e-01
-3.839693464709822979e-01 -9.134744201154507137e-02 4.589524231099182949e-01
-4.132575900869925878e-01 -1.757360074829827368e-01 4.619213251919217500e-01
-4.665891976837082677e-01 -2.015669617783807654e-01 4.551382153844346634e-01
-4.349918724615097210e-01 2.046662902664610484e-01 4.383178015461571264e-01
-4.525024382707946158e-01 1.513723226787978549e-01 4.560185986827145488e-01
-4.662991370365049959e-01 2.911364338556103326e-01 3.670704683151076453e-01
4.284081725853147171e-01 3.395404686080427670e-02 4.693341835083011393e-01
4.785306058432552412e-01 5.389057911008315882e-02 3.692350643157759071e-01
4.621290738791698494e-01 -2.582715370104166248e-03 4.205586562737068657e-01
-4.268166284284212464e-02 -4.893652402572704618e-01 4.495553084780321562e-01
-9.746819671933873441e-02 -4.591018314560628699e-01 3.787807532620157680e-01
-8.355894733773645833e-02 -4.532742351904676670e-01 3.002361056064035694e-01
-1.588727609302849897e-01 -4.756222002665739801e-01 1.949196384345421862e-01
-1.087355626445176138e-01 -4.526780047054496103e-01 1.564242232510004993e-01
-8.861644588434373915e-02 -4.741227930512654232e-01 7.376188949252956983e-02
-7.970920153240049211e-02 -4.937090647643047614e-01 8.986793583807416164e-02
-1.258536526832651492e-01 -2.734364113557017917e-01 4.669414127178782570e-01
2.808778223890515818e-02 -8.454797783491597996e-02 4.428230990576292880e-01
-2.217096877716340508e-01 -1.043283912420820969e-01 4.479275415815978656e-01
-1.611102994034984692e-01 -2.267606489892524113e-01 4.645449010776380727e-01
-2.279287930990084310e-01 -1.274111771109472380e-01 3.837981957556312329e-01
-1.874326942274356644e-01 -1.535796431046125288e-01 3.876287713277546398e-01
-1.990000133435549379e-01 -1.671732239835211076e-01 4.564134707382498934e-01
-1.723729500724324737e-01 -1.928868036813317643e-01 4.407958558467138244e-01
-2.122763906977789550e-01 -8.449217442030147740e-02 3.569877226981664764e-01
-1.561487860488407209e-01 -1.050661622679328888e-01 3.498760512199486916e-01
-1.523297412328040723e-01 -1.395012602116899036e-01 3.522228995403772212e-01
4.060249414550000657e-01 1.945113606914524729e-01 -1.553407561282028337e-01
4.456561126701106268e-01 1.323383350049084362e-01 -2.288705957095142351e-01
3.590513492696804088e-01 1.598873605960323130e-01 -2.353454362650602982e-01
3.947157174459857698e-01 1.709702028941915419e-01 -1.677734522536490913e-01
4.578774469141200787e-01 4.705273856349768274e-03 -3.963609027291698506e-01
4.961475823273112096e-02 3.186660556974242331e-01 4.712510502505374288e-01
4.411990153313561369e-01 -4.821311269292518076e-01 -3.172216570729801677e-01
4.771965662143152764e-01 -3.810800887983805674e-01 -4.734533436610182111e-01
3.396422375496512824e-01 -3.896591903982490890e-01 -4.194086838974764864e-01
3.186035649195275155e-01 -4.240861903347945550e-01 -3.786047159439918097e-01
3.839398957808713986e-01 -4.682827829592278723e-01 -3.370664802692442397e-01
9.923269945584110852e-02 1.136749858969037241e-01 -4.104530101286373855e-01
1.342089849852767525e-01 6.494117002089029589e-02 -3.657330048175609916e-01
1.195996057484049468e-01 1.126555571104612685e-01 -3.663806218341850718e-01
1.347168900009264314e-01 1.420371708284146883e-01 -3.731784485469344936e-01
1.186156349558941947e-01 1.056824958632578138e-01 -4.295407853602091208e-01
1.361200943828484167e-01 1.526149519952542943e-01 -4.316133378361736161e-01
1.566978870265942070e-01 4.007664527799265422e-03 -3.649679041091460907e-01
1.777676662038219502e-01 1.514538259493215244e-01 -3.187565735728958294e-01
1.918074067681311279e-01 6.638331650176487742e-02 -4.841366584916712013e-01
2.301650401401883483e-01 -5.604930678315773497e-03 -4.524250714831553055e-01
2.932567933900058210e-01 1.504241753492046099e-02 -2.855156605348176391e-01
1.903802784216301336e-01 2.037130506863502888e-01 -4.612023001716884507e-01
2.430450999236293819e-01 2.689901804672539254e-01 -3.761646379129640061e-01
3.308047687175942331e-01 1.151393834855720388e-01 -2.551860027753246052e-01
3.047082078010808770e-01 7.448459162533166422e-02 -2.516178955397194161e-01
2.470897118208070786e-01 1.117920540517774036e-01 -2.444256560037703918e-01
3.472381568389042994e-01 1.709097798844319005e-01 -2.898607496148252194e-01
3.609983051873005278e-01 9.711111247706294414e-03 -3.841698488528423883e-01
3.066657156291465181e-01 -1.936275372317396160e-02 -4.480983039697539749e-01
3.059991762260533266e-01 2.513744820489436371e-01 -3.957786534944798817e-01
3.536389333678623959e-01 2.502003110053539481e-01 -3.891880594312906450e-01
2.919777554274236020e-01 2.732459003689089450e-01 -3.715337534022665755e-01
3.270238502045248463e-01 2.474094422446886654e-01 -3.466896188993108807e-01
4.331829563493039270e-01 1.904204392479304578e-02 -4.159438712728155130e-01
5.322662375614205243e-02 4.446256382805978125e-01 -1.318527578767534070e-01
5.137740228513110879e-02 4.675696220838780892e-01 -1.964096188968390277e-01
-6.046259856696409307e-02 4.730607059945046156e-01 -2.338569162642645805e-01
-8.573982997154423746e-02 4.654124288140797927e-01 -2.197153493516723066e-01
-1.888485120213659607e-01 -5.799945276841481090e-02 4.642621134404595340e-01
-2.059176220403695634e-01 6.286965032153828126e-02 3.939502719488440774e-01
-1.755520000142493098e-01 -3.088651252378084300e-02 4.096857245412889870e-01
-1.854431399003171888e-01 8.575715756371908582e-02 3.722820607520506697e-01
-1.537485121186926984e-01 1.632578327261155482e-01 4.268948344959089258e-01
-2.699464582956511566e-02 1.692219818346485660e-01 4.564743961814164419e-01
-5.630443902668114120e-02 1.573263302821405196e-01 4.090566167751584215e-01
-3.076833532854165998e-02 5.770531086944212518e-02 3.572855327662413094e-01
-6.439019108070813402e-02 4.849320686450499934e-02 3.634708165600397667e-01
-1.223146494622074087e-01 -2.028704072639005151e-02 3.863619074371706930e-01
6.011246673076767535e-03 2.185956917512964920e-02 4.290559174080816329e-01
1.558998049034352948e-02 -1.814650824373234203e-02 4.562164796519767584e-01
-1.742388081071620798e-01 3.768857697859208655e-01 2.687188891140964153e-01
-2.285942583306056208e-01 4.192408905227493765e-01 2.107610530968932194e-01
-3.049614392532207785e-01 4.769599413067149296e-01 1.985398911084278184e-01
-3.155058684529372659e-01 4.394671559541933337e-01 2.088648431279508111e-01
-3.294086696318494489e-01 4.073657626890350159e-01 3.429574805316647490e-01
-3.514007416046925902e-01 4.461022362465440483e-01 3.646786356296639608e-01
-4.533407256023745391e-01 -1.378614219352600201e-01 -4.183074840558714813e-02
-4.728894904563946677e-01 -1.773492000833658266e-01 -6.494689728905772563e-02
-4.484731550946984280e-01 -1.841305979721106212e-01 -7.045141616028491316e-02
-3.745955211292789078e-01 -1.419330108585168670e-01 -9.830199690085110464e-02
-4.032147257908101357e-01 5.183508199342067024e-02 -1.053760925186086050e-01
-4.258205813454533639e-01 -4.216655145246075986e-02 -1.915835914889488234e-01
-4.451963559467188580e-01 -7.549156215977373408e-02 -2.033015729840327024e-01
-4.193401133196170694e-01 -8.992984723734682995e-02 -1.976727852128764285e-01
-3.531309930227063965e-01 -8.152319509588340507e-02 -2.222728570229209194e-02
-3.203778908959991067e-01 -6.642523094424263030e-02 -8.224347492339963150e-02
-3.198231359544331798e-01 -1.124548771304569317e-01 -1.067318233099480984e-01
-3.407854918534308775e-01 -1.349740725286828480e-01 -1.254410836969458709e-01
-3.613577634631766067e-01 -1.208780311554341486e-01 -1.720975637909390177e-01
-4.265639472263639265e-01 -3.917356519818228355e-02 4.675622671654847823e-02
-4.503099262450266926e-01 -6.970514109589080742e-02 5.442062766464403345e-02
-4.365996051886356644e-01 9.418888339727078673e-02 -2.685556391066976079e-02
-4.377110282049286871e-01 4.833331046318484897e-02 6.077393346464933510e-02
-4.720171087949607269e-01 7.211085987401084918e-02 3.699227974876622554e-02
4.591419758837509968e-01 -1.050452102470034871e-01 -1.926306443769212895e-01
4.390884914525133853e-01 -1.422235725662588102e-01 -2.807808364085512820e-01
4.225259946754171825e-01 -1.145097348521413733e-01 -2.231291077604687922e-01
4.449670638125753919e-01 -2.055638524035686698e-01 -3.079227747994413011e-01
4.365509710136692423e-01 -2.405506587907715321e-01 -2.476926322753497112e-01
4.811629800801067169e-01 -1.222358144184395590e-01 -2.623369144115472174e-01
4.697073957333398053e-01 -8.182244918685972757e-02 -1.905487172690736308e-01
4.892447412997368295e-01 -8.826886221034874191e-02 -1.575745050345987719e-01
-2.239810966158335692e-01 -3.805179499952183325e-02 -3.680285514322607643e-01
-2.964803226649518897e-01 -6.980575648311658499e-02 -3.211721179060537668e-01
-3.073370460540814642e-01 -1.184158193452117952e-01 -3.179210473264521553e-01
-2.852501451878901584e-01 -1.358671588086770576e-01 -2.930096532543265408e-01
-3.087885126197995045e-01 -1.004377227621063157e-01 -2.391994685777399932e-01
-3.099822304080542823e-01 -2.794427405721799929e-02 -2.666399265465747015e-01
-2.429751382018268957e-01 -6.288154604371486156e-02 -1.901274092915369585e-01
-6.314794336136282660e-02 1.805847073655891810e-02 -3.059577317589391998e-01
-7.375166791225458429e-02 -5.387207492064432363e-02 -2.849011066305385254e-01
1.674977790564610367e-02 1.344709278040693429e-02 -2.656838834306307628e-01
-3.221399511987108749e-04 -9.871065166028706456e-03 -2.590584803108179623e-01
1.325938414817275091e-02 -6.360227330829787591e-03 -2.358979817704346948e-01
-1.226220252102525610e-01 -4.888414476808311537e-02 -2.808035748272398879e-01
-4.481150011032306035e-02 9.061590379579791132e-02 -1.968383365115343175e-01
3.626673326885960780e-01 3.229673468081898924e-01 -1.194443269546076603e-01
3.092557161818237921e-01 3.689507870017615376e-01 -2.487399486271969495e-01
3.668024220125035706e-01 3.168077710407745662e-01 -2.579352813713805537e-01
3.998521205677794121e-01 3.215186912801792918e-01 -1.760004325680637471e-01
2.824225685827836951e-01 3.956747470621295171e-01 -2.066021111147091083e-01
3.036341800386449519e-01 3.704461833300591311e-01 -1.125658814406528124e-01
3.131302313335702081e-01 4.331333412601625077e-01 -8.326982983713375475e-02
4.041902686451998017e-01 4.873634221138298805e-01 -6.957889502091127443e-02
-4.768747199186540442e-01 -1.644021815087942096e-01 4.622730051616564251e-01
-4.627573995686213304e-01 -8.663078094425617770e-02 4.650233362064912224e-01
-8.540724548351483550e-03 -4.282754737558198133e-01 2.578811003989216477e-01
-4.499348937727404296e-02 -4.489833384230863533e-01 2.803118461205566514e-01
-4.538538496181704178e-03 -4.685239126037861745e-01 2.989429271260910514e-01
-7.896141280985803645e-02 -4.747128712001479345e-01 2.617883982893904893e-01
-1.077700638710294284e-01 -4.692051315441267412e-01 2.232970827483960752e-01
3.273610978890036799e-02 -4.642130047455476083e-01 9.231947085172777234e-02
2.592251199230515002e-02 -4.045515789514600447e-01 1.444437307250728275e-01
-6.085622581480376603e-02 -4.494094411840596215e-01 1.625574794047691118e-01
7.613814382224678989e-02 -4.009317788048734066e-01 1.242530737846046923e-01
3.797814258295135331e-02 -4.256998454977432012e-01 1.027854639979917523e-01
-4.551912439704872138e-02 -4.688246615545493823e-01 9.429718119646493535e-02
-3.315719604717910773e-02 -4.815412272176762265e-01 9.513582926973351839e-02
4.687938671677667202e-01 2.809955012842413891e-01 -4.483331844338840910e-01
4.190319691442380146e-01 2.543252959177098593e-01 -4.093730572863912842e-01
3.918931645795705743e-01 2.039093480145388604e-01 -4.100696896683498349e-01
4.471720601936571282e-01 9.771957794563554400e-02 -4.573526731252068322e-01
4.784683058510135756e-01 1.327101867554705827e-01 -2.788491735219591483e-01
4.408454902036351708e-01 1.302201667897835424e-01 -3.651350105836290161e-01
4.479313186936264568e-01 6.634833093074000987e-02 -4.235469932172967189e-01
8.179114090211558885e-02 4.752915036614559496e-01 -7.072876152476606504e-02
6.205617953713632451e-02 4.635714205273325228e-01 -1.131201890279922850e-01
-1.438092261536278171e-01 4.708704194169003876e-01 -5.926646715397644594e-04
1.606798961449187185e-02 4.476051775107551256e-01 -1.138900329787980586e-01
-4.635956294256873139e-02 4.539096390698430517e-01 -1.396726378913612787e-01
-1.134845954526775801e-02 4.103237124581012862e-01 -1.179344474661702807e-01
-9.438564280672535889e-02 4.373824493236921906e-01 -7.859382680515596131e-02
-5.899218436729566917e-02 4.256377709519943986e-01 -1.230489623231551949e-01
-1.584358077313554117e-03 -7.133827689914749165e-04 4.874970217210609080e-01
8.913582113537232843e-02 3.650205296980353342e-01 3.391950765652313460e-01
-8.921189236824382529e-02 4.390469029206558460e-01 2.621916736487905353e-01
-9.794409340993402713e-02 4.654112639947859953e-01 2.628896698422154010e-01
-1.345472595526715498e-01 4.200375384488800323e-01 2.981995020771929794e-01
1.062732699920993507e-01 3.703454266693518293e-01 3.750014001948914766e-01
1.045526344820505854e-01 4.299824861130643328e-01 4.655056533538450836e-01
-1.406362213372802372e-01 4.653948522516644926e-01 4.375650929512884812e-01
8.793036541103453618e-02 3.592461356716667442e-01 3.928495026467485052e-01
8.320264044779959733e-02 3.483700642606840092e-01 4.295292527463498988e-01
8.592832283443589680e-02 3.853637449424328065e-01 4.619955613722069310e-01
4.364157965725007360e-02 3.476155168524292516e-01 4.677208485062368526e-01
-2.243101073577576654e-01 4.534216409851868912e-01 4.525346870742861793e-01
-1.783449000204801183e-01 4.583977321497705315e-01 4.442063854354716401e-01
-2.767848474353243327e-01 4.206691198456009029e-01 4.243029335181052186e-01
-2.856293251206115658e-01 3.751814933024917309e-01 3.874961803657267501e-01
-7.198819940015567520e-02 3.570929746678844219e-01 4.449937114271786398e-01
-1.416002887124542531e-01 4.288252303470218574e-01 4.484312674195752857e-01
-2.879620463529665164e-01 2.691031466193473110e-01 4.048413738192129796e-01
-3.013756252253674273e-01 2.388204086296203954e-01 4.769464424127733970e-01
-1.719763076426358006e-01 3.149841314800120307e-01 3.414147002466544345e-01
-1.658640759707836199e-01 3.659635943678262171e-01 3.269432694217254687e-01
-1.084597424122317605e-01 3.592091262748804970e-01 3.793019307449078115e-01
-1.486253995191343102e-01 3.797161428725529531e-01 3.394544641153506292e-01
-1.646948618154095989e-01 1.816241887034431013e-01 4.560120618803253922e-01
-1.895662002570941140e-01 2.633412624415362169e-01 3.544963706995636343e-01
-2.556840532821131884e-01 2.424688072235669789e-01 3.622439621575884727e-01
-1.706562669444042502e-01 2.006845572722217030e-01 4.002894430451880425e-01
3.536671465911982448e-01 -2.207420968817156715e-01 -7.153017793540324132e-02
3.954414910671533723e-01 -1.800654359006505223e-01 -7.441068360442407159e-02
4.461160085967746380e-01 -1.658577190230681175e-01 -1.465157900625839449e-01
3.786858065576610421e-01 -2.392645068421200005e-01 -1.857669790542840760e-01
4.178111006484181988e-01 -2.051794955111205521e-01 -1.968851981749071278e-01
4.366601585313565348e-01 -3.666575117530804784e-01 -1.116305363837356290e-01
3.907936028132831252e-01 -2.936338696724011266e-01 -2.086997788228760753e-01
4.097810026913391024e-01 -2.427007526254633674e-01 -2.263513868267848506e-01
3.770916288483759371e-01 -3.318554333594982420e-01 1.753120172696600448e-02
3.735597807428345796e-01 -3.233369951588396241e-01 -1.845816896168146759e-02
4.110640369463949839e-01 -3.734398027183633562e-01 -9.421876644479153240e-03
4.052111296016533415e-01 -3.606467422447026672e-01 -6.651716643218710812e-02
-1.679442031968051696e-01 -1.024994991782873371e-01 -3.649629786024581879e-01
-1.500736723412485207e-01 -9.290474624223966915e-02 -4.176150497749518409e-01
-9.775422563518147701e-02 -8.483251550949968967e-02 -3.997459650108426410e-01
-8.778444638187232751e-02 -8.712870946557901841e-02 -3.531551614572619457e-01
-1.440843938423825021e-01 -9.165472811934054220e-02 -3.147135809143917218e-01
-1.358074538481147953e-01 -1.614109898904619589e-01 -4.228302065280701849e-01
-5.813251701756768502e-02 -1.671373661503398611e-01 -4.217886822432135863e-01
-7.185760620608021287e-02 -1.363481865748920885e-01 -4.049325653920832768e-01
-4.518861587173375605e-02 -1.289764661666810974e-01 -3.761853514073076332e-01
-1.894782971396653248e-01 -2.170988385422866207e-01 -3.623777365703809705e-01
-2.094801802907617083e-01 -1.555117647449077989e-01 -3.452664132718561985e-01
-1.702551395905699261e-02 -2.121769667174636387e-01 -2.588920123828917230e-01
-4.988222485461442368e-02 -2.610077406579374149e-01 -2.882355268639630874e-01
-1.650334936951451670e-02 -2.423391523286720084e-01 -2.910610229689185591e-01
-6.733758010025701901e-03 -2.424324198001821529e-01 -3.496137605334991294e-01
-1.065049180069713441e-01 -2.751216434666032273e-01 -2.840726949338929774e-01
-1.741127719656094530e-01 -2.876013386582970122e-01 -3.334003850398570834e-01
-2.215600570771388556e-01 -1.571808885910531695e-01 -2.769302523565947971e-01
-1.430704892216524970e-01 -2.665943623213868907e-01 -2.250168046833362634e-01
-1.872494423267767882e-01 -2.724543181482101395e-01 -2.352750820850766089e-01
-2.119752649733697147e-01 -2.353946057464465780e-01 -2.254187318581526989e-01
-1.602214365737688606e-01 -2.181390894817223369e-01 -1.908472900352708446e-01
-1.895557007234808244e-01 -2.041030071029245885e-01 -1.945214652135392186e-01
-1.759300776632155006e-01 6.200784829194012915e-02 -2.776221264848157122e-01
-1.282934918419906256e-01 5.718627017750739505e-02 -2.898186018767491823e-01
-1.726935958152307216e-01 9.673568121962601574e-02 -2.574889706096526454e-01
-1.967514640382590774e-01 1.702739157942842127e-02 -2.778966285059083496e-01
-1.596151648246720567e-01 -8.319420116334868068e-03 -2.581640039675992537e-01
-2.306263731732574040e-01 1.373563949063684730e-01 -2.306747896962269284e-01
-2.547142344514978785e-01 -1.004258877411493001e-02 -2.304494376703835057e-01
-1.365743743803901344e-01 1.193040194937104587e-01 -2.207980221234668861e-01
-1.392400294173897213e-01 1.567795204131156583e-01 -2.088760373246832391e-01
-1.005927769150867096e-01 9.359417669908523529e-02 -1.979773971581367253e-01
-2.434689902069070988e-01 1.178656022392035180e-01 -1.873776498629226017e-01
-2.748404623475883546e-01 9.406072902914722200e-02 -1.928382058057227233e-01
-2.572764873066676339e-01 -1.639716732369094626e-02 -1.790942718411995815e-01
-2.225846185561997925e-01 2.858141937465985549e-02 -1.083441209747449396e-01
-2.332162568909369460e-01 -1.683760917964015336e-02 -1.252213362132587604e-01
-1.154804160058741092e-01 1.510903300119215142e-01 -1.679405431550992089e-01
-1.315136421583339710e-01 1.219536905805811144e-01 -1.459630731735875597e-01
-7.188975701387696760e-02 8.789807848812503099e-02 -1.660238758059982556e-01
-8.478986720214751194e-02 6.366715558134851405e-02 -1.608366263357124404e-01
-1.189498155612181557e-01 4.063235325129412739e-02 -1.005695375262264102e-01
-1.758732957453027212e-01 4.235464033052230987e-02 -8.720370971982734087e-02
-9.310076428889062228e-02 9.009004842146957348e-02 -1.211539464629773355e-01
-1.291689074744698795e-01 9.139569265415917187e-02 -1.240116873163270433e-01
3.575725289756904735e-01 3.688157673284391258e-01 3.768992668951431924e-01
4.491706713952766661e-01 3.652252140308112627e-01 4.514561681414284711e-01
4.388754360269261356e-01 3.592696655609166623e-01 4.876147710772803512e-01
3.820552837700175730e-01 3.741895624980383639e-01 4.616855496233762679e-01
4.133894114534131248e-01 3.650538977777780802e-01 4.775893826768017325e-01
4.615183128727450845e-01 8.594484071798835778e-02 4.019146282473463061e-01
4.232363618470985633e-01 6.908034503098459123e-02 4.703680795652926960e-01
4.691055419125438886e-01 2.985263379595615718e-01 3.045130075789962421e-01
4.230587571110186462e-01 1.561386772175561433e-01 3.034975271085768589e-01
2.857184863675996667e-01 1.487832359962152351e-01 4.550502487680664343e-01
2.459383884327654424e-01 1.828246213376225893e-01 4.794585936944569804e-01
4.582671181038234787e-01 3.493182340136116171e-01 3.842190412652067844e-01
4.355800397916651523e-01 3.495640551408977781e-01 3.290462907615044341e-01
2.502780784870415332e-01 1.744996912571520065e-01 3.475773836305051101e-01
2.280237505531011732e-01 2.443881376742673972e-01 3.900537828217305880e-01
8.479516070837100905e-02 4.722076190223467584e-01 4.620565458197619657e-01
1.148699286790436369e-01 4.698863372597075205e-01 4.663184430738825936e-01
9.984214293864425438e-02 4.740435145936094941e-01 4.757458171153360338e-01
1.078365491708876411e-01 4.597764908279367568e-01 4.882350731791973986e-01
-1.215749449380228026e-01 -1.153325423378645798e-01 -2.651107720407041568e-01
-1.290105186469217013e-01 -6.182316223891144019e-02 -2.482787800318986826e-01
-2.230470963823584230e-01 -1.044771262986018551e-01 -1.943221786602308543e-01
-1.860480649695290534e-01 -1.513697699485407056e-01 -2.305093680398322409e-01
-5.865558143532926400e-02 -5.791317734672490891e-02 -2.164321851550456977e-01
-1.890669767071771479e-01 -6.199573259780796763e-02 -1.682617138824392400e-01
-1.585874740467865252e-01 -4.509351653113496255e-02 -1.991928913841241322e-01
-1.741476995875960998e-01 -1.466997303157150101e-01 -1.672430448185288077e-01
-1.681160477049778168e-01 -1.785786718523950378e-01 -2.174100425243086776e-01
-1.721869600679383494e-01 -1.922307175860282769e-01 -1.816870703823733613e-01
-1.071342756219948594e-01 -1.765178230143884253e-01 -2.387631651822656742e-01
-1.755154342605696471e-01 -3.195672168422217241e-02 -1.317003829749559263e-01
-1.473062511641957950e-01 -1.210994758796898885e-01 -1.241120162126597842e-01
-4.209322064902792926e-02 -1.650084080423670219e-01 -1.971044353350529799e-01
-6.462357973055743443e-02 -4.575620102540756129e-02 -1.898391126559715036e-01
-1.341890280409340497e-01 -1.503341757239908330e-02 -1.137225237100936842e-01
-1.173297649564635503e-01 -6.533821629342406734e-03 -1.462987931800547869e-01
-9.680796089250043313e-02 -1.528428443818417859e-01 -1.293028150594764114e-01
-1.110708057213938282e-01 -4.480595978426173825e-02 -1.005344229577372350e-01
-1.514896469447225558e-01 -7.052715798007200276e-02 -1.106804039107130294e-01
-6.257866479994486641e-02 -8.261200711200777924e-02 -1.251853837973062322e-01
-7.963279726523928015e-02 -5.615873369457805714e-02 -1.176749255716223463e-01
-6.136019127163796355e-02 -1.631217271966022564e-01 -1.628960583554683594e-01
-7.952761416928248728e-02 -1.595132319066859539e-01 -1.400074369891173287e-01
-1.746632780172159283e-01 -5.000000000000000000e-01 -3.731230444953843595e-01
-1.531790076843552728e-01 -5.000000000000000000e-01 -2.431764858539555429e-01
-2.608021093084608166e-01 -5.000000000000000000e-01 -1.890761997795131211e-01
-5.000000000000000000e-01 -3.709286607525502655e-01 2.253987730540553402e-01
-5.000000000000000000e-01 -3.408331490747206205e-01 2.281028755114112849e-01
-5.000000000000000000e-01 -2.353898127067680646e-01 1.201783014954153489e-01
-5.000000000000000000e-01 -4.652975937043077881e-01 1.503800388608343697e-01
-5.000000000000000000e-01 -4.611546025206542110e-01 8.135973017325857926e-02
-3.305212668625590600e-01 -5.000000000000000000e-01 9.201996254020079757e-05
-3.553289210147701493e-01 -5.000000000000000000e-01 1.521480951032387063e-01
-4.429728631089046020e-01 -5.000000000000000000e-01 -4.104669950578997972e-01
-4.726017300882398575e-01 -5.000000000000000000e-01 -1.856441391225097381e-01
-5.000000000000000000e-01 -4.731518644575741783e-01 -1.333092159171435087e-01
-5.000000000000000000e-01 -3.704280731118095860e-01 -1.016773777653717653e-01
-2.324675706957833252e-02 -5.000000000000000000e-01 -3.956310123034489923e-01
-7.030616060617844720e-02 -5.000000000000000000e-01 -2.455853838142453283e-01
1.466161351140983782e-01 -5.000000000000000000e-01 -2.475865226793116380e-01
1.388447920201533181e-01 -5.000000000000000000e-01 -3.862670729894223665e-01
-5.000000000000000000e-01 -4.347113238034743254e-01 4.460034310038214489e-01
-4.724331902191967192e-01 -5.000000000000000000e-01 4.441557927725818256e-01
-4.634778067064113105e-01 -4.192730637412192540e-01 5.000000000000000000e-01
-3.442618863036985277e-01 -3.503468223708334217e-01 5.000000000000000000e-01
-2.308987042050298644e-01 -5.000000000000000000e-01 4.511024278159210255e-01
-5.000000000000000000e-01 -4.225655143935267977e-01 2.923257771522417281e-01
-2.995326252473793360e-01 -5.000000000000000000e-01 2.085215149167290727e-01
-5.000000000000000000e-01 -3.354186259591129260e-01 2.514207837420205927e-01
-5.000000000000000000e-01 -1.775766040132439882e-01 3.010797388283376064e-01
-5.000000000000000000e-01 -2.403198431839947968e-01 3.188257081961473616e-01
-5.000000000000000000e-01 -1.150253169292346778e-01 1.094853684613003308e-01
-5.000000000000000000e-01 3.853080705277995843e-01 -2.215221491887930660e-01
-5.000000000000000000e-01 3.307340580639702154e-01 -1.300231343271422702e-02
-5.000000000000000000e-01 4.147792210502569965e-01 -1.008052805177945821e-01
-5.000000000000000000e-01 4.044424740077015579e-01 -4.562296189632668586e-01
-4.601341529268865860e-01 4.664160203865250764e-01 -5.000000000000000000e-01
-4.429728631089045465e-01 5.000000000000000000e-01 -4.104669950578997972e-01
-5.000000000000000000e-01 4.917457648535872861e-01 -3.550201518905528042e-01
-4.726017300882398575e-01 5.000000000000000000e-01 -1.856441391225097381e-01
-5.000000000000000000e-01 4.411560610023170792e-01 -2.592290510868543452e-01
-5.000000000000000000e-01 4.641501055829637123e-01 -8.317123042949473022e-02
-5.000000000000000000e-01 3.442547947476735093e-01 2.513290384271023997e-02
-5.000000000000000000e-01 3.332836531011704739e-01 1.420793751399773985e-01
-3.553289210147701493e-01 5.000000000000000000e-01 1.521480951032387063e-01
-3.305212668625591155e-01 5.000000000000000000e-01 9.201996254018128193e-05
-5.845555605744637284e-02 -5.000000000000000000e-01 -4.002386379245295722e-01
-1.421979900029293198e-01 -5.000000000000000000e-01 -5.812949373656164584e-03
7.855962346218389736e-02 -5.000000000000000000e-01 -1.012273464203776729e-01
2.949679232675291862e-01 -5.000000000000000000e-01 -1.234602138031166280e-01
2.906982024102993667e-01 -5.000000000000000000e-01 -1.743836788096560231e-01
8.165953100134053233e-02 -5.000000000000000000e-01 -9.538621401263135124e-02
3.561329606874746867e-01 1.660018522664321455e-02 5.000000000000000000e-01
3.107026953021424509e-01 -1.148125205289191181e-01 5.000000000000000000e-01
1.083373571662100410e-01 -2.574689821126748823e-01 5.000000000000000000e-01
2.912277918502625962e-01 -3.050720219949314971e-01 5.000000000000000000e-01
3.494135092718756996e-01 -1.856094915503322673e-01 5.000000000000000000e-01
1.098425961449824018e-01 -2.006353725295348944e-01 5.000000000000000000e-01
-2.608021093084607611e-01 5.000000000000000000e-01 -1.890761997795131211e-01
-5.000000000000000000e-01 -1.743859888449024176e-01 -1.038244837919521935e-01
-5.000000000000000000e-01 -7.789123050535437520e-02 -2.753661088700476434e-01
-5.000000000000000000e-01 -2.250105626470281506e-01 -3.179394714322776316e-01
-5.000000000000000000e-01 -2.303016112815923777e-01 -3.968381102685786255e-01
-5.000000000000000000e-01 1.130553908158697107e-01 -2.797048978074320735e-01
-5.000000000000000000e-01 4.765179204128041496e-02 -3.815442725551257963e-01
-5.000000000000000000e-01 3.013314210169280583e-01 -4.373806309556159122e-01
-3.519972947929203011e-01 2.238284851866452763e-01 -5.000000000000000000e-01
-3.473294032302310375e-01 -8.717365891687117729e-02 -5.000000000000000000e-01
-3.047281307943663919e-01 5.431037193302677007e-02 -5.000000000000000000e-01
-3.327415673340549107e-01 -7.167811060448861515e-02 -5.000000000000000000e-01
-2.793247870423882784e-01 4.024862797920989443e-01 -5.000000000000000000e-01
-3.253860566180542535e-01 2.376723292441831337e-01 -5.000000000000000000e-01
-2.194627054102752384e-01 2.107944604608431860e-01 -5.000000000000000000e-01
-2.558114297322049424e-01 5.140965195528055670e-02 -5.000000000000000000e-01
-5.000000000000000000e-01 -7.573531971667121776e-02 -2.134982191433902055e-01
-5.000000000000000000e-01 -3.711170088231709463e-01 -4.887692681190063948e-01
-4.509037783809909938e-01 -2.382344180637440412e-01 -5.000000000000000000e-01
-4.045620886615724499e-01 -2.380710402567145501e-01 -5.000000000000000000e-01
-3.442618863036985277e-01 -3.503468223708333662e-01 -5.000000000000000000e-01
-5.000000000000000000e-01 -3.799075652184172869e-01 -4.893384700570294066e-01
-4.634778067064113105e-01 -4.192730637412191985e-01 -5.000000000000000000e-01
-1.185511638072181406e-01 -3.538756571998241673e-01 -5.000000000000000000e-01
-3.694411443315315235e-02 -3.971696260557768809e-01 -5.000000000000000000e-01
-8.054991870775983498e-03 -4.591427776200132094e-01 -5.000000000000000000e-01
-1.073275828615390115e-02 -5.782944041855603984e-03 -5.000000000000000000e-01
7.151832023386015674e-03 2.219016707623147969e-02 -5.000000000000000000e-01
1.675096626552004253e-02 4.723795742704018502e-02 -5.000000000000000000e-01
-2.167084646961296018e-02 1.338212874176288869e-01 -5.000000000000000000e-01
-1.489607292975232145e-01 1.872629892432177978e-01 -5.000000000000000000e-01
1.860402312536728053e-01 5.000000000000000000e-01 1.290795615463128654e-01
4.821573976333219935e-01 5.000000000000000000e-01 1.501124200491058547e-01
4.484391079959432203e-01 5.000000000000000000e-01 2.745067366000593645e-01
5.000000000000000000e-01 -1.775766040132438495e-01 3.010797388283375509e-01
5.000000000000000000e-01 -2.403198431839948523e-01 3.188257081961474171e-01
5.000000000000000000e-01 -1.150253169292346500e-01 1.094853684613003586e-01
5.000000000000000000e-01 -2.353898127067680923e-01 1.201783014954153767e-01
5.000000000000000000e-01 -3.408331490747205650e-01 2.281028755114112849e-01
5.000000000000000000e-01 -3.354186259591129260e-01 2.514207837420206482e-01
5.000000000000000000e-01 -2.195698760033239494e-01 3.474923724268642600e-01
-2.324675706957836374e-02 5.000000000000000000e-01 -3.956310123034489923e-01
-5.845555605744640060e-02 5.000000000000000000e-01 -4.002386379245295722e-01
-6.221367502168580893e-02 3.179576513033239848e-01 -5.000000000000000000e-01
-1.176129586490638618e-01 -3.336173571133735916e-01 -5.000000000000000000e-01
3.761380930134161638e-02 -2.485701029505006654e-01 -5.000000000000000000e-01
2.508967322011972784e-02 -1.580847818213840239e-01 -5.000000000000000000e-01
1.098425961449823740e-01 -2.006353725295348944e-01 -5.000000000000000000e-01
1.083373571662099577e-01 -2.574689821126748823e-01 -5.000000000000000000e-01
3.107026953021425064e-01 -1.148125205289191042e-01 -5.000000000000000000e-01
2.912277918502625962e-01 -3.050720219949314971e-01 -5.000000000000000000e-01
3.494135092718756441e-01 -1.856094915503322951e-01 -5.000000000000000000e-01
-2.345979643388890201e-01 4.447707268598120600e-01 -5.000000000000000000e-01
-1.746632780172160115e-01 5.000000000000000000e-01 -3.731230444953844150e-01
-1.531790076843553006e-01 5.000000000000000000e-01 -2.431764858539555707e-01
2.849482837013075920e-01 5.000000000000000000e-01 -4.474947532624506952e-01
2.864628964770172814e-01 5.000000000000000000e-01 -4.919806599546466264e-01
1.388447920201533459e-01 5.000000000000000000e-01 -3.862670729894223665e-01
-5.000000000000000000e-01 -2.076294336719143319e-01 4.095415646578965951e-01
-4.509037783809909938e-01 -2.382344180637440967e-01 5.000000000000000000e-01
-4.045620886615723943e-01 -2.380710402567146056e-01 5.000000000000000000e-01
-5.000000000000000000e-01 -2.195698760033239771e-01 3.474923724268641489e-01
-5.000000000000000000e-01 1.257860209747367342e-01 4.760040449888399694e-01
-5.000000000000000000e-01 3.096296565733649975e-01 3.416560497316119549e-01
-3.519972947929203011e-01 2.238284851866453040e-01 5.000000000000000000e-01
-5.000000000000000000e-01 2.758650259685417883e-01 1.893716031116012277e-01
-5.000000000000000000e-01 5.507057925765995732e-02 3.875157760658343165e-01
-4.724331902191967747e-01 5.000000000000000000e-01 4.441557927725819366e-01
-4.601341529268865860e-01 4.664160203865250764e-01 5.000000000000000000e-01
-9.850771748478463763e-02 -5.000000000000000000e-01 6.950047999443029201e-02
-1.745484224228919523e-01 -5.000000000000000000e-01 2.024145598663124046e-01
-8.054991870776045948e-03 -4.591427776200131539e-01 5.000000000000000000e-01
-4.857183670956194410e-03 -5.000000000000000000e-01 4.525940442378264539e-01
-9.083664110565506378e-02 -5.000000000000000000e-01 4.399424440373830292e-01
2.873261257406460323e-01 -4.985928910890995436e-01 5.000000000000000000e-01
2.174849171860436803e-01 -5.000000000000000000e-01 4.190024713762802722e-01
2.898804384031409831e-01 -5.000000000000000000e-01 4.942376506453667329e-01
-1.185511638072181823e-01 -3.538756571998241673e-01 5.000000000000000000e-01
-1.176129586490638756e-01 -3.336173571133734250e-01 5.000000000000000000e-01
-3.694411443315315235e-02 -3.971696260557768809e-01 5.000000000000000000e-01
3.761380930134165107e-02 -2.485701029505006654e-01 5.000000000000000000e-01
2.508967322011962375e-02 -1.580847818213839129e-01 5.000000000000000000e-01
5.000000000000000000e-01 -1.048231008930490260e-01 9.822083075302030786e-02
5.000000000000000000e-01 8.006178098830024625e-02 2.779292266493421995e-02
5.000000000000000000e-01 7.070425896517178177e-02 2.679809163708845449e-02
2.849482837013075365e-01 -5.000000000000000000e-01 -4.474947532624507507e-01
7.941447693717507139e-02 2.457770657715937224e-01 -5.000000000000000000e-01
1.420945037535346622e-01 2.498043211589654200e-01 -5.000000000000000000e-01
3.561329606874746312e-01 1.660018522664317292e-02 -5.000000000000000000e-01
4.866786298527092103e-01 -1.752629989741475158e-01 -5.000000000000000000e-01
1.466161351140984059e-01 5.000000000000000000e-01 -2.475865226793116380e-01
-7.030616060617844720e-02 5.000000000000000000e-01 -2.455853838142453283e-01
-3.473294032302310375e-01 -8.717365891687117729e-02 5.000000000000000000e-01
-3.327415673340549107e-01 -7.167811060448861515e-02 5.000000000000000000e-01
-3.047281307943664475e-01 5.431037193302679783e-02 5.000000000000000000e-01
-2.558114297322049424e-01 5.140965195528058446e-02 5.000000000000000000e-01
-2.995326252473793360e-01 5.000000000000000000e-01 2.085215149167291282e-01
-5.000000000000000000e-01 7.070425896517182340e-02 2.679809163708846489e-02
-5.000000000000000000e-01 -1.048231008930490260e-01 9.822083075302026622e-02
-5.000000000000000000e-01 8.006178098830021850e-02 2.779292266493420954e-02
7.339092495036307617e-02 -5.000000000000000000e-01 -4.978955111908722198e-01
5.000000000000000000e-01 4.147792210502569410e-01 -1.008052805177945682e-01
5.000000000000000000e-01 3.853080705277995843e-01 -2.215221491887930660e-01
5.000000000000000000e-01 4.641501055829637679e-01 -8.317123042949464695e-02
2.906982024102994222e-01 5.000000000000000000e-01 -1.743836788096560231e-01
2.949679232675291862e-01 5.000000000000000000e-01 -1.234602138031165863e-01
5.000000000000000000e-01 3.307340580639702710e-01 -1.300231343271423395e-02
5.000000000000000000e-01 3.442547947476735648e-01 2.513290384271021916e-02
5.000000000000000000e-01 3.332836531011704184e-01 1.420793751399774263e-01
5.000000000000000000e-01 2.758650259685417883e-01 1.893716031116012277e-01
2.305449897718688523e-01 1.919180611498236544e-01 -5.000000000000000000e-01
2.519779445770864434e-01 1.968998051322832510e-01 -5.000000000000000000e-01
-5.000000000000000000e-01 -1.714640979123824294e-01 4.637469149878585828e-01
-5.000000000000000000e-01 -1.707791823357294181e-01 4.548624175277389825e-01
-5.000000000000000000e-01 -4.366788427161245878e-02 4.562785198976267997e-01
5.000000000000000000e-01 5.507057925765995732e-02 3.875157760658343165e-01
5.000000000000000000e-01 -4.366788427161251429e-02 4.562785198976269108e-01
5.000000000000000000e-01 -1.707791823357294458e-01 4.548624175277389825e-01
5.000000000000000000e-01 -2.076294336719143874e-01 4.095415646578964841e-01
1.728114718580732734e-01 -5.000000000000000000e-01 1.269041947233302547e-01
-1.038927036799256604e-01 -5.000000000000000000e-01 2.454623617209149011e-01
-9.474778618947518605e-02 -5.000000000000000000e-01 2.642895680499354749e-01
1.440973192675942469e-02 -5.000000000000000000e-01 3.381870594196481061e-01
1.860402312536727776e-01 -5.000000000000000000e-01 1.290795615463128654e-01
8.619189666991276810e-02 -5.000000000000000000e-01 -1.886714754175568276e-02
5.000000000000000000e-01 -4.652975937043078991e-01 1.503800388608342309e-01
5.000000000000000000e-01 -3.709286607525501545e-01 2.253987730540553680e-01
4.484391079959433313e-01 -5.000000000000000000e-01 2.745067366000593645e-01
5.000000000000000000e-01 -4.611546025206542110e-01 8.135973017325857926e-02
5.000000000000000000e-01 -4.731518644575741783e-01 -1.333092159171435365e-01
4.640678343666571060e-01 -5.000000000000000000e-01 -2.809633872649801023e-01
5.000000000000000000e-01 3.013314210169280027e-01 -4.373806309556159677e-01
5.000000000000000000e-01 2.727115517141469603e-01 -4.785386345626552185e-01
5.000000000000000000e-01 4.765179204128042190e-02 -3.815442725551257963e-01
4.681825588321794074e-01 1.055636783399248602e-01 -5.000000000000000000e-01
5.000000000000000000e-01 1.130553908158696552e-01 -2.797048978074320735e-01
4.393611975349576704e-01 7.947432176225874279e-02 -5.000000000000000000e-01
5.000000000000000000e-01 -7.573531971667119000e-02 -2.134982191433902055e-01
5.000000000000000000e-01 -7.789123050535434745e-02 -2.753661088700476434e-01
5.000000000000000000e-01 -2.303016112815924055e-01 -3.968381102685785700e-01
5.000000000000000000e-01 -2.250105626470281506e-01 -3.179394714322776316e-01
5.000000000000000000e-01 -3.711170088231709463e-01 -4.887692681190063393e-01
7.855962346218395287e-02 5.000000000000000000e-01 -1.012273464203776452e-01
8.165953100134056009e-02 5.000000000000000000e-01 -9.538621401263133737e-02
8.619189666991275423e-02 5.000000000000000000e-01 -1.886714754175558562e-02
-9.850771748478463763e-02 5.000000000000000000e-01 6.950047999443033364e-02
-1.421979900029293198e-01 5.000000000000000000e-01 -5.812949373656168053e-03
1.728114718580732179e-01 5.000000000000000000e-01 1.269041947233302270e-01
-1.745484224228920078e-01 5.000000000000000000e-01 2.024145598663123768e-01
-1.073275828615390462e-02 -5.782944041855590106e-03 5.000000000000000000e-01
1.675096626552005641e-02 4.723795742704020584e-02 5.000000000000000000e-01
7.151832023386015674e-03 2.219016707623150397e-02 5.000000000000000000e-01
-1.038927036799256326e-01 5.000000000000000000e-01 2.454623617209149011e-01
7.941447693717509915e-02 2.457770657715936946e-01 5.000000000000000000e-01
1.420945037535346622e-01 2.498043211589654200e-01 5.000000000000000000e-01
-2.345979643388889646e-01 4.447707268598121155e-01 5.000000000000000000e-01
-2.793247870423882784e-01 4.024862797920989443e-01 5.000000000000000000e-01
-6.221367502168578811e-02 3.179576513033239848e-01 5.000000000000000000e-01
-2.194627054102752384e-01 2.107944604608431582e-01 5.000000000000000000e-01
-1.489607292975232145e-01 1.872629892432177978e-01 5.000000000000000000e-01
-2.308987042050298366e-01 5.000000000000000000e-01 4.511024278159210255e-01
-3.253860566180542535e-01 2.376723292441831337e-01 5.000000000000000000e-01
-2.167084646961290814e-02 1.338212874176288036e-01 5.000000000000000000e-01
5.000000000000000000e-01 -1.743859888449023898e-01 -1.038244837919521935e-01
5.000000000000000000e-01 -3.704280731118095860e-01 -1.016773777653717931e-01
5.000000000000000000e-01 -3.799075652184172869e-01 -4.893384700570293511e-01
2.898804384031409831e-01 5.000000000000000000e-01 4.942376506453667329e-01
4.504324936891872522e-01 3.699073617434787131e-01 5.000000000000000000e-01
5.000000000000000000e-01 3.096296565733649975e-01 3.416560497316119549e-01
2.305449897718689356e-01 1.919180611498236266e-01 5.000000000000000000e-01
5.000000000000000000e-01 -4.225655143935267977e-01 2.923257771522417836e-01
5.000000000000000000e-01 -4.347113238034743810e-01 4.460034310038214489e-01
1.440973192675946979e-02 5.000000000000000000e-01 3.381870594196481061e-01
-4.857183670956347066e-03 5.000000000000000000e-01 4.525940442378264539e-01
7.536219781102240778e-02 4.972294860086874935e-01 5.000000000000000000e-01
-9.474778618947518605e-02 5.000000000000000000e-01 2.642895680499355304e-01
2.174849171860438746e-01 5.000000000000000000e-01 4.190024713762801611e-01
-9.083664110565496663e-02 5.000000000000000000e-01 4.399424440373830292e-01
2.519779445770864434e-01 1.968998051322832232e-01 5.000000000000000000e-01
4.902002396407240115e-01 -5.000000000000000000e-01 -3.461894281491036951e-01
4.393611975349576704e-01 7.947432176225868727e-02 5.000000000000000000e-01
