1.839406934004954586e-01 -6.538836145611774675e-02 3.682868533567364849e-02
3.452329299227419046e-02 9.023392878427008434e-02 1.637983087574815810e-01
2.562004358008150851e-01 -2.068157735113795859e-02 1.604048793839252252e-02
2.735775532958067968e-01 7.877104265999919364e-02 -5.625571650294880488e-02
1.020192510644637868e-01 1.488430982985544382e-01 2.058075434788619873e-01
1.391914845675851220e-01 1.464301076446545002e-01 2.349551637554592176e-01
1.616273438794186001e-01 2.903543828722125741e-02 -5.598959907998574126e-02
3.514883451268782655e-01 2.863351827598372146e-01 -1.425371591966965168e-01
2.438496083473934151e-01 1.154625563165267987e-01 -1.063162502109361585e-01
1.927774206999775808e-01 1.057908786908402093e-01 -1.359302678386611896e-01
1.908483547200632569e-01 2.535450198110767439e-01 -1.159467894603171401e-01
1.964796986314414351e-01 2.187256027850933982e-01 -8.267684200879205081e-02
1.622056864206508353e-01 1.685652090373465362e-01 -1.112828777222682197e-01
3.936720570376892048e-01 3.388856104076999332e-01 -2.000751913976921148e-01
3.994542023604020775e-01 4.652998675302250087e-01 -1.880732393230294119e-01
3.906132343041671673e-01 4.742077429756731966e-01 -1.501772000697711718e-01
2.627151221545346305e-01 4.284911167490398909e-01 2.792268217557273766e-02
2.481521800848387749e-01 2.109251828616702240e-01 2.299844156414612428e-01
2.890299097698186270e-01 -8.775874743891486085e-02 -5.477050057104233816e-02
4.335374071294893494e-01 -1.567802890655976000e-01 4.033777137821278891e-01
3.316728189603073140e-01 2.010485436784317237e-01 1.874522948871913675e-01
3.090949679680161100e-01 1.973780696574607696e-01 2.033529675250284607e-01
2.696863687994451864e-01 -4.945304791003925227e-02 1.518594050898720849e-01
2.696867991588443036e-01 -1.206542348269573905e-01 1.889977105787357670e-01
3.898091126050870492e-01 -9.448714486561281267e-02 3.977216509774571529e-01
3.756136834793071810e-01 3.353528804755365189e-02 4.365736359459940208e-01
3.126959874742782364e-01 1.107648332140324064e-02 4.189090671979209257e-01
6.339588192171359549e-02 -1.378007606010207831e-02 1.582227349387468063e-01
2.072579229690237612e-01 -1.317618294026470516e-01 1.737227935904047949e-01
1.516925914637247963e-01 -7.474429367970984728e-02 8.406394331253855268e-02
1.749252599852148815e-01 -7.368954791928321313e-02 1.501020206285624270e-01
1.287899501986771167e-01 -6.197164553747354365e-02 1.827417251899239592e-01
-1.593095105264033529e-01 -5.462825644396750169e-02 7.342468622029127423e-02
2.859015019809452857e-02 1.018705317491600953e-01 1.211327259129789113e-01
-5.493608180851643902e-02 1.182487169460500476e-01 1.050761359645627502e-01
1.024244163185269174e-01 1.429073355060819228e-01 -6.536037668666017098e-02
3.463732909118771852e-02 3.589468696221177757e-02 6.201352942802307311e-02
8.124913836395886158e-02 6.793292169982555195e-02 -5.815641935614516284e-02
-5.547174066568155704e-02 3.808766453450376788e-02 2.244860907976387737e-02
2.402863835787583807e-02 4.624751255347011453e-02 -4.840617537656895231e-02
4.370574479519981348e-01 -4.548554231640584145e-01 5.715210067908330777e-02
3.524156597325279749e-01 -4.318805602546871847e-01 1.049641616389036941e-01
4.598998297875786512e-01 -4.513289395587148922e-01 2.284678983806506525e-01
4.618752165691577538e-01 -4.824317627733976654e-01 2.768403332738806344e-01
3.821578883821845629e-01 -3.903359571610809930e-01 1.585563794618558009e-01
4.037262519261209381e-01 -2.637538930255904912e-01 2.049526507270074960e-01
3.658706345813602656e-01 -2.417478860535383078e-01 3.954321185798673755e-01
3.987561546912437027e-01 -3.959228437261370637e-01 -4.519775973218866927e-01
4.774590245900712238e-01 -3.286666297204564047e-01 -3.306258761954289915e-01
4.792019223783821613e-01 -4.496896290333431412e-01 3.358236051175152448e-01
4.582415820322559563e-01 -3.672512284269472960e-01 4.178944545884667461e-01
4.789268851488901468e-01 -2.765692457568713625e-01 3.863403157234688856e-01
4.170781939609289335e-01 3.173587229399173482e-01 -2.731947262871716742e-01
-3.268446837481694955e-01 3.380273748585007065e-01 -3.638823021746986908e-01
-4.678501872974851761e-01 3.939174399066271981e-01 1.551107225392596434e-01
1.166887802707047145e-01 4.135934181633174056e-01 -2.143146445124912702e-01
1.363943737578559856e-01 3.802006987086343215e-01 -1.476262653013560300e-01
1.308285692289504198e-01 3.756041925796260172e-01 -1.854200310845932342e-01
2.732432698715887565e-01 2.005175176057493736e-01 2.984815783591897032e-01
3.013441721690767738e-01 2.213990890694545466e-01 2.464737106684881662e-01
3.251268500672122030e-01 1.517702671404086434e-01 3.279345930915870122e-01
3.348821275110610007e-01 2.029142130388588150e-01 2.151686142996467599e-01
4.524701812875898677e-01 2.343866974222386101e-01 2.241258171157028134e-01
4.511440870237008460e-01 1.027810278570069624e-01 4.237801723701602463e-01
4.189722440318077168e-01 9.388703604012207937e-02 3.869553245168137479e-01
4.659312808849442322e-01 1.031312598950694936e-01 3.691916628113021681e-01
3.921312634890541937e-01 1.970797194930858365e-01 1.876941337018632194e-01
3.907036114701801233e-01 1.703951855426789619e-01 1.963488790814608143e-01
3.552136068139439273e-01 2.006561143327104113e-01 1.940569181013143685e-01
2.408943015170857127e-01 3.876578491144802574e-01 4.337213294097692906e-02
2.565774163933209895e-01 3.236787698963594639e-01 1.959252008803896716e-02
1.595647952221177224e-01 3.526153786516553201e-01 -5.635342640592683194e-02
2.043082479973097332e-01 2.838711929859153438e-01 -2.440162233196816952e-02
2.629924577371602901e-01 2.617016846636870397e-01 1.321964311099328437e-01
1.744321405383107426e-01 2.321546990758197038e-01 -2.903480148035151448e-02
2.190101793464279134e-01 2.334466281070070037e-01 1.757397253225164158e-01
1.185267168267461341e-01 2.047336652961324610e-01 -3.966547759788446523e-03
8.995419294331098714e-02 1.870078461294100436e-01 1.634789603365716659e-01
6.745987994273033861e-02 1.769237383261583196e-01 1.229711371280124699e-01
-4.900165170524167085e-02 2.894494314206799146e-01 2.136521140159392540e-01
9.119761899737191535e-03 3.900899385061263325e-01 -2.580968818626987182e-02
3.037911112621106136e-01 -2.578198859600528900e-02 -1.176415610700202730e-01
2.845600027429761036e-01 6.794842806838984062e-02 -1.020205173873193621e-01
2.459154216165961859e-01 1.026386309504749572e-01 -1.316298127160181186e-01
4.268981542959390807e-01 1.613606139415439955e-01 -1.771927445772940035e-01
4.610835046633750545e-01 7.758785801523819525e-02 -7.358942797782774825e-02
4.822808681146365517e-01 -1.533130131633264059e-01 1.159037126491922198e-01
3.303807934459953022e-01 -1.098672820153684254e-01 1.411054965549448648e-01
3.530903695033505429e-01 -1.224859518546311671e-01 1.685427115222846439e-01
2.950819374123062611e-01 -9.647475876560647826e-03 7.997646168779001807e-02
3.091519439258156310e-01 -2.283510068343216209e-02 1.328407614855447449e-01
3.097824268875025711e-01 6.279854361703106347e-02 4.608329923382865206e-02
3.437261864238944642e-01 1.274524068561707635e-01 1.647463029580686078e-01
4.670490873132223664e-01 6.805509675507545597e-02 -4.053949362491005015e-02
3.757279684149907872e-01 1.617190034736258331e-01 2.006604905620937018e-01
4.631985507250557799e-01 -4.178746199796906646e-01 2.618901671447535287e-02
4.997292302650571671e-02 3.727734690836662090e-01 2.087668703771821399e-01
1.962630365719292835e-01 3.910695128554577127e-01 2.190887273523345058e-01
3.345123342785027987e-02 4.855389670744398312e-01 1.314090377909257756e-01
6.612965052979398461e-02 4.533528389355472865e-01 1.592291747841573235e-01
1.784067446243052246e-01 4.182335323065840549e-01 1.643869873446131558e-01
-9.442000213212403681e-02 4.024470872113630748e-01 7.248874497683947815e-02
-8.174792176847724134e-04 4.896727851900287143e-01 1.158706594705338766e-01
-2.399411056175303897e-02 4.400423538795186773e-01 7.461164462453927226e-02
-3.435520379462914109e-02 4.630437971306259892e-01 -1.451943289800797406e-02
-3.241525756066917369e-02 4.105754161589522666e-01 1.200190765148505777e-02
-3.932999160865414123e-01 4.734148353344483362e-01 4.092312450121948220e-01
-3.382198756092202330e-01 4.180721634731858760e-01 4.162513298627272817e-01
-1.789808620441253433e-03 -6.444255181508752595e-02 2.102024946478266432e-01
-8.305725991431553434e-02 -1.181269042160998095e-01 1.683810080055003211e-01
-6.690120431066859386e-02 4.291280820119194872e-02 2.428816494050113906e-01
4.686183048700495735e-01 -4.271935624076648730e-01 -1.396934721111586092e-02
4.597195738942272403e-01 -3.809711593267398055e-01 -1.122818436093031003e-01
5.594225607970691738e-02 -1.490804342163503105e-01 3.495065534123883988e-01
3.296555502646498215e-01 -2.252657571587248220e-01 3.652872475853163881e-01
3.287711933696871869e-01 -2.341550146176109570e-01 2.796122948847944434e-01
2.269416234785765207e-01 -1.381061458670065356e-01 3.795066635159702328e-01
1.124415640458436144e-01 -9.733812862587225279e-02 2.252810069746355726e-01
1.740985279736607383e-01 -1.588403873950286760e-01 1.969149307150770967e-01
1.280342260814908151e-01 -1.140915440826521382e-01 3.215365664771684395e-01
5.416520314291563276e-02 -1.205378817178350270e-01 2.484212624513315038e-01
5.926630992578810903e-02 -1.266447410099976745e-01 3.176403138199139775e-01
2.799150926928824501e-01 -1.318923219335214059e-01 3.632507941173763188e-01
3.189682157850542432e-01 -1.680493283546204974e-01 3.375247001335017205e-01
2.700527225965501654e-01 -1.451236113304039954e-01 2.746954970390776407e-01
3.229363806213304544e-01 -1.788970019894719765e-01 2.694423143085216688e-01
1.098247332012055322e-01 1.551136590312710284e-01 -1.558610246065326166e-01
3.947805576871914190e-02 1.467847526579763862e-01 -1.345705091924079833e-01
-1.344781498926544971e-01 1.489622490331161675e-01 -3.061337152035958908e-01
-2.123256709850343815e-01 2.347999138175497769e-01 -2.077199413114091675e-01
4.564894011057730738e-01 2.182855356745200259e-01 -4.431978430121921164e-01
4.157304458936186276e-01 2.655266222628361872e-01 1.015966494445209728e-01
3.213415207051772970e-01 3.537918393581770404e-01 9.852948726798562568e-03
3.656938333298563881e-01 3.121587070904263683e-01 -7.907434871422253098e-02
4.062867996424708306e-01 4.471112413814957165e-01 -9.364078345620270583e-02
3.190355309116382210e-01 3.931322321994813462e-01 1.569862682130754306e-02
4.258973297324212814e-01 4.656853935612439432e-01 -2.298313392953006684e-02
4.186812560448728293e-01 4.714677359202634754e-01 3.619173536180264605e-02
4.070106740982667448e-01 3.629415326121382401e-01 -1.250233378196628498e-01
4.118302911401263700e-01 4.325965909356301875e-01 -1.274281852720773600e-01
-4.000961723937942471e-01 -5.147416708790938933e-02 -1.111145765978896333e-01
-2.952002323795961392e-01 -5.477719616833582467e-02 -1.030004405235269566e-01
-1.956328119827465406e-01 1.870795525684002814e-01 -4.674475028501416385e-01
-3.021696799993496829e-01 3.433547624408771481e-01 -4.276281288688709159e-01
-2.995809829058649343e-01 4.237897210633887468e-01 -4.610947799236377875e-01
-2.699876599444500647e-01 3.361846522128012493e-01 -2.822544431021044575e-01
-3.300557464405587949e-01 3.269896298197189632e-01 -3.119530014250769256e-01
-2.748041847306128549e-01 2.757152575092225999e-01 -2.049175094795212260e-01
-4.276148898382176600e-01 4.017957895828049297e-01 -2.909874681364644222e-01
-2.538017091630063726e-01 3.392518077304885193e-01 -1.312485435798956823e-01
-4.663063106319992324e-01 3.940939367586274167e-01 -1.362931632465351761e-01
-4.396100938482183085e-01 4.163206778959852583e-01 -8.835261151680931513e-02
-2.808654305674946339e-01 3.329020545216405669e-01 -1.025193835182396374e-01
-4.105556007236104699e-01 3.920940772102597394e-01 -7.546459028805733993e-02
-4.611935454352009134e-01 4.652973449944234341e-01 3.986665321952256313e-01
-2.130113794309633768e-01 4.710023970246945413e-01 -2.614144486677801305e-01
-2.587756631844421173e-01 4.538086797373515613e-01 -2.134886479935365067e-01
-3.865386513093344578e-01 4.572192569163470166e-01 -1.168633631150169383e-01
2.326796706824542371e-01 3.293606420194200024e-01 4.167334662701553394e-01
-9.843528471111374911e-02 4.078425589362080217e-01 4.590145412192174479e-02
-4.986207268860000374e-02 4.149116775445889638e-01 1.185037202201779348e-02
-1.108463246121465795e-01 4.433774592633976108e-01 -1.893712425515376996e-01
-8.371243568332933926e-02 4.415044429449793140e-01 -1.607479320522776645e-01
-5.634444116215231446e-02 4.560305350076956921e-01 -3.034673739556057598e-02
-1.715015538288438002e-01 4.680220055045061778e-01 -1.735353960104525639e-01
-1.274556312628792251e-03 2.417267528250473252e-01 -1.429253749479441477e-02
-5.735160465765269666e-02 2.386964734440656100e-01 1.132302222791256863e-01
2.945771796878974939e-03 1.936907390817404206e-01 -1.081545297351818313e-01
-1.869934479722303311e-01 2.108007723668361699e-01 7.371227084612935743e-02
-1.707921067672545923e-01 2.054008924930179614e-01 9.127663965235045807e-02
-1.902643702989874064e-01 2.326017287724528593e-01 1.033858306267617377e-01
-1.308654077556375417e-01 2.075794899025915630e-01 1.143200859470334813e-01
-1.398435190172820919e-01 2.790703879315621361e-01 1.098968100424345673e-01
-8.463818038724987836e-02 2.863013618892886747e-01 1.309445619263832350e-01
-1.131891985645600424e-01 3.086609773568843029e-01 9.585144630578472380e-02
2.605475807643145569e-01 5.112177789947550816e-02 -2.063586090708938170e-01
2.879126515012002119e-01 -1.909957167303753811e-02 -1.844613507189006019e-01
2.997026247957780831e-01 -1.783629166785071496e-01 -2.923977259403192086e-01
3.120339966270490595e-01 -1.751442925964524500e-01 -3.396779803545074694e-01
4.501978181312406013e-01 -8.799217377229795467e-02 -8.639864528158655577e-02
4.461937990162120338e-01 -4.253113984490775740e-02 -1.020880914110227078e-01
3.894178457165192175e-01 -1.160257696261169369e-01 -1.150426232481693012e-01
3.883965671475388404e-01 -7.665166701701274510e-02 -1.212876963720264240e-01
3.903391937949284296e-01 -1.432937227598956864e-01 -1.751275846019149929e-01
4.733623161467161999e-01 -1.851050013735196231e-01 -2.088014957630282831e-01
3.587192379422211586e-01 -1.220176472486437236e-01 -2.451416709602892430e-01
3.630828395728656899e-01 -6.416611300155142250e-02 -2.299744962596645403e-01
4.789989844505228023e-01 1.241911605354647369e-01 -1.591362564574002048e-01
4.824360073855036846e-01 6.818087701807111489e-02 -1.178175302550653614e-01
4.813674376875909378e-01 5.122726545620036320e-03 -1.390264397032878740e-01
3.910650882768618719e-01 -1.301151499454341887e-01 3.548560822483605437e-02
3.809485501251989592e-01 -1.501370176262574185e-01 1.183554670926578178e-01
3.775789014588292747e-01 -3.468699468937805341e-01 8.023399401039894852e-02
3.760049635703273663e-01 -1.353168872053617244e-01 -8.807882039590529677e-02
3.390803396794617175e-01 -1.235570410030759070e-01 -2.323708384304567359e-02
3.947057910790024993e-01 -2.238326922476623904e-01 1.363470006383539213e-01
4.493355844615154471e-01 -1.713118863055647090e-01 1.285635022078689682e-01
4.013377248530392016e-01 -1.593517770785744525e-01 1.344472247028200007e-01
4.342305358515255453e-01 -3.654604339200849816e-01 3.087860419300892181e-02
3.521142363433972244e-01 -1.876880733335089813e-01 -1.234878212525739316e-01
4.787931564568408960e-01 -2.799152009786013556e-02 2.245033684185213652e-01
4.732033545153631615e-01 -3.964633852822798538e-02 3.531044965169159999e-01
4.450366087600877152e-01 1.175546768385339891e-01 2.274229143251646212e-01
4.560683608486263974e-01 8.874824569923783768e-02 3.936615109951751568e-01
4.906829709586787436e-01 1.525344342964497502e-01 2.536612291183473755e-01
4.523196240997974793e-01 1.430258198365280120e-01 2.530879488777609265e-01
4.543754847536405905e-01 1.043381143933990035e-01 3.860237036350869788e-01
4.776546542484351732e-01 -1.724189162972288303e-01 1.035948906165342354e-01
4.762430121952660467e-01 -1.690617415474263696e-01 1.312918001329541617e-01
3.082428350044917886e-01 -3.303678432984725188e-01 -2.741349764593265514e-01
2.718646490928741111e-01 -2.827626113269037234e-01 -2.755213943701103063e-01
-8.739359712607043182e-03 3.669218990090662436e-01 2.761857025824910883e-01
-6.848796766614560771e-02 3.221131982600974331e-01 2.817645792984158071e-01
-9.052204405283031940e-02 2.995823522326995780e-01 3.424223060328786539e-01
-1.142820750194468438e-01 3.288014314364914314e-01 2.982089043116460392e-01
-1.476677055799435756e-01 4.477541828577049632e-01 4.819064437912383703e-01
-2.779892005182091341e-01 4.792401853595284478e-01 1.348002763920240488e-01
-1.729577866304836953e-01 4.337189848242027357e-01 8.904254455489521436e-02
-2.757982225641898988e-01 4.472655484042842300e-01 1.363246181955979630e-01
-3.211301980907181886e-01 4.468615435277783487e-01 1.180638350769560169e-01
-1.545628038618648836e-01 4.209714942418236738e-01 3.621872407320355508e-02
-2.858547222774783236e-01 3.633392521310587209e-01 -9.067929450052777951e-02
-3.243927305514369142e-01 4.097895215114815692e-01 -4.650650311118158242e-02
-3.286104964165821873e-01 4.302519070000153656e-01 -9.120298494671032208e-02
-2.129042165644018658e-01 3.865382395891672207e-01 -9.441517476663090214e-02
-2.203664461133241492e-01 4.356066430654252364e-01 -1.351044965321393510e-01
-2.488491624025701843e-01 3.722110791368213878e-01 -1.221366955878916971e-01
-2.621210744944971194e-01 4.123928456941010623e-01 -1.467991194459798976e-01
1.248376211602047203e-01 3.906288851617593094e-01 -4.711344915649143261e-01
1.370263906086951200e-01 -2.690393242992117351e-01 4.331645668390672888e-01
2.325019374006432049e-01 -2.175086611533274816e-01 4.386192317377287653e-01
3.006795991681887048e-01 -2.740880015445207318e-01 4.100411095871926981e-01
2.458673872977955033e-01 -4.052596981053089853e-01 3.598482696421653748e-01
3.476571486572145320e-01 -2.762615480576331994e-01 4.251908100826314318e-01
3.817067947427754682e-01 -3.394209096420258698e-01 4.491265179468655888e-01
4.695516620311619427e-01 -3.846420373303877649e-01 4.686334327571028968e-01
-2.971106031657833046e-01 4.196292724918710970e-01 3.909066303152549104e-01
-1.467622108116977964e-01 3.811135539347923484e-01 3.310411444726302221e-01
-1.811119546541999081e-01 4.262863692372124702e-01 4.131079694661939916e-01
-2.788309114967335578e-01 4.218261276058133946e-01 1.491447159480998874e-01
-2.761683326706058095e-01 4.849276583524341211e-01 1.197599844726159185e-01
-2.714092810716524640e-01 4.292514039767517109e-01 1.490402221408297090e-01
-2.471021938757670677e-01 4.389952399240911740e-01 1.434692984123530357e-01
-2.663856185211377903e-01 4.911793583003502550e-01 1.361011122183783395e-01
-2.288290140367011116e-01 4.830391690479444722e-01 1.386820027139336886e-01
-2.623938853454790276e-01 -8.241032575538882743e-02 -8.194855364457184765e-02
-7.750362278919924186e-02 4.449029633749759099e-02 -1.736976242493514302e-02
-1.690800716875914822e-01 -1.992401617484398230e-03 6.276203549296165141e-03
-1.586775574845640246e-01 1.212456527229145015e-01 -9.940201676697202338e-02
-1.163034684043979111e-01 1.287011704625302400e-01 -1.193717875443304766e-01
-1.463420496859978992e-01 1.345867742051361782e-01 -1.007730287149523757e-01
-1.653633491116752174e-01 -4.121609260629061078e-02 -4.774362372805274202e-02
-1.954190372279615839e-01 -5.217197416349499128e-02 -8.444771547024929048e-02
1.969670491953400548e-01 -4.149732546876722106e-01 3.588998068810573816e-01
2.729774954308452073e-01 -4.673956773241517149e-01 2.760139659896462816e-01
2.249328629468082541e-01 -4.207316196850733880e-01 3.083120192951500638e-01
2.308558174968573240e-01 -4.521416990503637767e-01 2.245410272562256837e-01
2.034455176510363006e-01 -4.081749717949401668e-01 2.545809931557663774e-01
-5.542412671189335394e-02 -1.723251998239972715e-01 1.999929565030768297e-01
4.355560174930410422e-02 -1.746040326530546860e-01 2.461321360801167479e-01
1.088975873890433016e-01 -2.128638755616950318e-01 1.885299539776173483e-01
2.132563745643110270e-02 -1.961623516003612178e-01 3.167309804261081996e-01
-7.027919533109527883e-02 -2.061262943957151150e-01 9.865663398207487333e-02
2.345778348112987077e-01 -3.135026721592814591e-01 -3.393921206138483804e-01
1.314915441480947744e-01 -2.535068096231191115e-01 -4.568008479934910770e-01
3.672618782626636547e-01 -3.653435419324946865e-01 -4.756751509434132830e-01
4.443142475347031106e-01 -1.513819922854411637e-01 -4.111413192504634884e-01
4.050454547043111364e-01 -1.279764787795886205e-01 -3.756812375269699134e-01
4.744122149303992564e-01 -1.805862533938802361e-01 -2.642167980219718992e-01
3.877672576209365007e-01 -1.682078715312408657e-01 -3.215681796584998753e-01
4.159330955020668630e-01 -1.324109272881958677e-01 -3.074076593414958314e-01
-1.588766893480860198e-01 1.368918768031279209e-01 -1.259228759801521436e-01
-2.756862630777445755e-01 -1.317913698213641314e-02 -9.936876645194690771e-02
-2.131941127346587417e-01 -6.289081400927012955e-02 -1.075632483947130125e-01
-1.842194757745990452e-01 -3.486272143696903664e-02 -7.843523432144478003e-02
-1.918277130478545645e-01 4.095100401421133268e-02 -2.038589561403161832e-02
-1.860369286263008348e-01 1.272592934671264164e-01 -1.107459733515835272e-02
-1.572768933595650731e-01 1.033499140532405242e-01 -4.434967695221981449e-02
-1.557267217788924629e-01 1.320209562462886510e-01 -8.253158156653679633e-02
-1.821844166456627057e-01 1.239436071945315410e-01 -3.090951628520537398e-01
-3.217066699611936809e-01 2.424670876373077322e-01 -2.143785452195083319e-01
-1.914569301111509192e-01 1.380675574588915155e-01 -2.737485909452598287e-01
-2.192283754675138918e-01 1.866840311994081292e-01 -2.169390884220001037e-01
-1.898954225051267264e-01 1.404382077344691893e-01 -1.773558156280735376e-01
-2.626656677286281494e-01 1.086316951796287011e-01 -1.236850904995713818e-01
-1.492280680680089511e-01 2.796137422760681113e-01 -2.958444990234114225e-01
-2.144057275078725400e-01 3.650251964156295270e-01 -3.128673050661114341e-01
-2.469543108273178633e-01 3.583717654118900309e-01 -4.304682795605618284e-01
-1.561589084743132405e-01 2.431106853792606992e-01 -4.535674427823046528e-01
-1.202888537167354915e-01 2.615431516463673778e-01 -4.702482164916260143e-01
-1.294633571247108539e-01 4.633760254138091228e-01 -2.969209436257828072e-01
-1.876068674775433764e-01 4.585797394534403271e-01 -3.315688235340052414e-01
-2.305237383180546717e-01 4.168473967260337143e-01 -4.551599351628639600e-01
-5.783938007268275144e-02 3.980602338401151297e-01 -2.735533292691578744e-01
-1.937635067170175862e-01 4.756185492286358896e-01 -4.151120708320758523e-01
-3.172745949924972164e-01 2.832922426234110724e-01 -4.519469445472883984e-01
-3.863603299617942577e-01 2.559723851825407848e-01 -4.239282430492143927e-01
-4.821858771263429211e-01 2.627405626263016325e-01 -4.433580721357198162e-01
-3.970931790206438938e-01 1.704809278693726615e-01 -3.598425766517336921e-01
-3.385366088559621511e-01 1.061135953032876639e-01 -3.831370301045337046e-01
-3.809700055937261243e-01 2.482527964893315453e-01 -1.123850700682571813e-01
-3.778636927195349604e-01 1.916446075723202691e-01 -1.379462294208974038e-01
-3.581331398377732289e-01 2.217270058094007179e-01 -1.716107923547089131e-01
-4.211900540531983150e-01 1.493661676482328504e-01 -1.715346619858691413e-01
-4.215417075286558291e-01 3.266580094855722760e-01 -9.504991472638836536e-02
-4.526209754547196318e-01 3.576565881496207577e-01 -1.415944694212014077e-01
-3.696048083278929419e-01 2.708976017790334923e-01 -2.720043977110118694e-01
-3.991404486598411627e-01 2.110626874671037156e-01 -2.585625964239751107e-01
-3.521008469318017142e-01 2.265907463147996403e-01 -2.303469932823957456e-01
-4.490777177493518457e-01 3.351760020312571364e-01 -2.384809420380493150e-01
-4.480373942916681118e-01 4.428276004432072921e-01 -3.260838524360905044e-01
-4.099757475045013311e-01 4.313930685196272208e-01 -3.552547344060633661e-01
-3.884250214285611680e-01 4.683707298448039347e-01 -2.480811566748284958e-01
-3.413470953632966043e-01 4.830031812095138544e-01 -2.148182257511261350e-01
-4.113010350545848182e-01 4.536616447847377498e-01 -1.844005629866949936e-01
-3.703847001159126240e-01 4.813638045059290271e-01 -1.783262936365107298e-01
1.295901731168210835e-01 4.384599154461554793e-01 -2.059181794083190242e-01
1.071229191725430602e-01 4.759242703821995879e-01 -1.650820078087196774e-01
1.399443404138902836e-01 4.733437801873562334e-01 -1.465314202465249627e-01
1.232861197543394932e-01 4.560864511404338906e-01 -1.636015029598462400e-01
1.131335197074314902e-01 4.792005293193320470e-01 -1.461374404620389422e-01
-1.961851799021564063e-02 2.867408728582628852e-01 -1.847289577575358943e-02
-2.108739362374088128e-02 3.757070699285846027e-01 -2.021679098235035915e-02
-5.495690588803359838e-02 3.936544455378495067e-01 2.323329599192923769e-02
-9.258180438365652687e-02 3.745052575566940045e-01 4.142478194669627078e-02
-1.008463610165613727e-01 3.285470115859841500e-01 4.713966787394878455e-02
-3.043704752389575496e-02 3.530053135822321941e-01 -7.750381216652299510e-02
-1.037497599667533965e-01 3.942993835862124152e-01 -1.008179959384862268e-01
-3.206267902565788919e-02 3.057218229829921086e-01 -1.587569193033716020e-01
-2.250994027949768800e-02 2.565462777818232620e-01 -1.126226096450373415e-01
-1.168216638421085002e-01 3.521800133118702658e-01 -1.408721242425345632e-01
-1.522360714139848470e-01 2.730676913559195174e-01 -4.234734142682119312e-02
-6.895354649668376801e-02 3.140108512889341896e-01 -1.914058239931913930e-01
-1.902975704086931619e-01 3.249677267418280002e-01 -1.054146733140945424e-01
-1.563533914872160535e-01 3.518491566795775571e-01 -1.143005455457930808e-01
-1.538016491194286184e-01 2.752640243962558020e-01 -1.554687243393889362e-01
-1.472675251065814206e-01 2.300717098851943476e-01 -1.200053607969929353e-01
4.604737639427951557e-01 1.109199841594745162e-01 -4.534159673671837587e-01
4.019789097711376491e-01 3.123816452230442076e-02 -4.378638041962893968e-01
3.567239013203267750e-01 1.281321041839228736e-01 -3.557595773930316008e-01
4.391897030849468697e-01 -5.936560218956959956e-02 -3.701050151872464777e-01
4.252772554623976964e-01 1.861193616633593506e-01 -3.559912214599375013e-01
4.727937697232673653e-01 1.795417336790401108e-01 -4.162497960451571610e-01
4.524353871781390812e-01 -6.143284308685601630e-02 -3.123580381681491658e-01
3.516750256365043237e-01 9.155304000192310276e-02 -2.657945255405967933e-01
4.600350036202603410e-01 2.090806549407627779e-01 -3.012633179395021732e-01
4.351156944514051328e-01 -5.935944187226826346e-03 -2.574787772360455085e-01
4.599904971480543447e-01 1.825313934323821718e-02 -2.245653358182621573e-01
4.284051755040918508e-01 1.504926191778375444e-01 -2.140957747965551161e-01
4.699852768460666685e-01 1.128874026530128083e-01 -1.948421068566032199e-01
3.356257540848189280e-01 -5.748492697797172486e-03 -4.488693897161414315e-01
3.652514607513865363e-01 -1.166574306783348114e-01 -4.184575135168411286e-01
4.026444655494222369e-01 -1.618292492860393395e-01 -4.243457716486128128e-01
2.898877779405673594e-01 -1.692114714356116045e-01 -3.909499760545445124e-01
3.180870799906541646e-01 -2.687974183966750363e-01 -4.867929332797983899e-01
2.770127779668007939e-01 -2.105966854075459194e-01 -4.322104573336164046e-01
2.204935008714755396e-01 -2.132358533318144123e-01 -4.512961954108385410e-01
3.937784836448434689e-01 -1.194699960098059704e-01 -3.527849770275701818e-02
4.026913307380253770e-01 -1.313013907030423921e-01 3.263318753312345610e-02
4.472131442797189771e-01 -9.868513155056284070e-02 -4.033824619748685447e-02
4.592567273185622079e-01 -7.746191039951752511e-02 -1.634811773588596556e-02
4.535103019800995061e-01 -1.451880587171349990e-01 6.149455867838404810e-02
4.794711117760579455e-01 -1.115952595234418615e-01 2.043522060127394430e-02
4.809515977378046037e-01 -2.748524241608461538e-01 -3.980134200160217149e-03
4.818977133064070162e-01 -2.540958035487511646e-01 2.512043981717686225e-02
4.735855147123655962e-01 -2.204172266905323474e-01 7.414768928699759509e-02
1.785633326057817043e-03 -2.676421668582551483e-01 6.980540244537847272e-02
3.384786174472961262e-01 -3.766245662516148340e-01 5.703336947796550094e-02
2.178401457730824442e-01 -4.802427168429245774e-01 -1.117524522932507453e-01
2.054838209024955342e-01 -4.573214422116327338e-01 -1.258113332823934394e-01
4.293033482465365425e-01 -3.487698848796562667e-01 -4.563360554359562754e-02
3.056378902864527181e-01 -3.343354665261663028e-01 -2.254814116231123045e-01
3.230726888391356466e-01 -4.477924940533270504e-01 -1.562228607732669416e-01
2.872519241871276385e-01 -4.466862969449801879e-01 -1.979499482634320406e-01
4.422987123130923681e-01 -3.359712933431025506e-01 -1.484281917219598124e-01
4.621009542251019453e-01 -3.594690622309312245e-01 -1.276055197290180687e-01
4.262170435846341920e-01 -3.077339385844455322e-01 -1.255782597552232704e-01
4.104258722272346449e-01 -2.856596397365528395e-01 -1.142312712012089615e-01
4.334199424992337679e-01 -2.954213839478100345e-01 -1.119710000583717668e-01
4.323724132834467215e-01 -3.259059681252514662e-01 -1.320866981323685352e-01
4.479064648308340169e-01 -3.100922890663783682e-01 -6.632637140933909936e-02
-5.097411804828194670e-02 -2.810090983299378120e-01 -4.272607693649790872e-01
1.422840968630867953e-01 -3.130099407221389463e-01 -3.772952660274297987e-01
1.012277947921133847e-01 -2.755560765075152352e-01 -4.117514626211496997e-01
-3.624890443085543312e-01 3.670112337028443861e-01 3.831780792341781816e-01
-3.642633182541035741e-01 3.016707677925245523e-01 4.037525614000904151e-01
-4.615006556831618423e-01 3.702507335022455215e-01 1.983240632349926036e-01
-2.870811282420034360e-01 3.862907797072876459e-01 3.242808657537435968e-01
-3.253801644802076787e-01 4.098241972419310319e-01 1.627212675933964736e-01
-4.101054365232541521e-01 3.784864152995398578e-01 1.491019912359996258e-01
-3.735379267998988895e-01 4.052377503547370252e-01 1.603754680881885886e-01
-4.353248905985384054e-01 3.822127836233740195e-01 1.465493114772372651e-01
-1.741884729146725985e-01 2.962252037490185619e-01 2.585593633199922969e-01
-2.063966299691184225e-01 3.693749224117680585e-01 2.681748485413693595e-01
-2.275832313128934581e-01 2.217588106887926347e-01 1.073305528442210360e-01
-1.826684745498481921e-01 2.783447017854315253e-01 1.605413720775079323e-01
-2.336539836147287774e-01 4.016792737573177674e-01 1.677755371874539436e-01
-2.849076199576304202e-01 3.806384907687611618e-01 1.561879744786556778e-01
-2.167979525874595137e-01 2.045703718613789135e-01 9.542899806604880630e-02
2.331550796398350889e-01 1.836614766837879609e-02 4.592373578694596836e-01
2.106082126907691532e-01 -3.404650531472658975e-02 4.556647111140326167e-01
1.344735868302535109e-01 3.178829811382144835e-03 4.272611074459373715e-01
3.997859821895836940e-02 -1.089227591589334576e-01 3.798248323130348214e-01
-1.670905222813348079e-01 -4.307259661701065556e-02 4.812676338895607309e-01
6.799091633928334988e-02 -4.061830152943045336e-02 4.270340620872171700e-01
5.988142284699517898e-02 1.996885174877014585e-02 4.521733570456699103e-01
5.382816965931363357e-02 -6.553213420503267717e-02 4.794372573775236845e-01
2.666087742531103588e-02 -1.231076163411509578e-01 3.968109805600939510e-01
-5.964946979791053983e-02 -1.231343510571687727e-01 3.981391068555236168e-01
-1.554160560661517476e-01 -3.102920989005867464e-02 4.823950142157339416e-01
-2.406581163718816696e-01 1.759035506553359718e-01 4.637073763167960938e-01
-2.177406606834143277e-01 1.992059581823074077e-01 3.471084462710484764e-01
-2.696567502617299161e-01 1.863175566249762327e-01 3.904879593199481191e-01
-7.660979359862087057e-02 6.618546336272156105e-02 3.453224238692556014e-01
-7.039012512862932724e-02 3.483951685765676598e-02 3.687348962502776661e-01
-1.385604694406776249e-01 -2.183690941052690571e-02 3.813544601759874531e-01
-1.689183321175060093e-01 -5.574114769015001136e-02 4.597991890387209679e-01
-2.169551176414377947e-01 -1.379121805100058940e-01 -4.304298235597754929e-01
-1.140516069757653156e-01 -2.065349389078898201e-01 -4.694498444614426114e-01
-9.463234632500870658e-02 -2.771963539020912415e-01 -4.514689392671566437e-01
-9.479953217242954866e-02 -2.590534813419430593e-01 -4.859659073532847651e-01
-3.280249574329689999e-01 7.121269146099754033e-02 4.240082880309143376e-01
-3.071009670437147565e-01 1.500051342504331586e-01 3.683316663535445290e-01
-4.753804219939178899e-01 8.000227588490479991e-02 -1.499257288799537430e-02
-4.607545226260818527e-01 1.122565796684877604e-01 -7.302486370294475337e-02
-4.387041199269925418e-01 1.163040189619606313e-01 -5.183560730711508219e-02
-4.207274664740773829e-01 3.367609608331235682e-01 1.471438133006720272e-01
-4.640656878083949111e-01 1.515731458901083961e-01 -7.975432571515794766e-02
-4.266015958948565223e-01 1.662752601593734947e-01 -1.152165024096913348e-01
-3.879119060775910732e-01 1.779150006866498934e-01 -9.215243530451247556e-02
-3.976513680516515770e-01 2.118386080764495250e-01 -6.836143451825804629e-02
-4.794704310940590131e-01 2.052872112645106328e-01 -5.825191724991614362e-02
-4.460330586621369942e-01 2.416643958853241236e-01 -5.163372949115646593e-02
-4.632526404523668595e-01 3.304837362304052784e-01 1.713418588775035556e-01
-2.481107916983544825e-01 1.804235114402511220e-01 1.019953858030505645e-01
-2.619960596952325971e-01 2.308378804116385241e-01 8.915389790301786466e-02
-2.477264872744166513e-01 2.048648382757524145e-01 1.092059905276715481e-01
-2.753460869822577095e-01 2.296794174296933888e-01 9.346668811133562738e-02
1.835545450841348236e-01 -4.713802499638279908e-01 4.471676359245692622e-01
1.433579782828618698e-01 -4.550351780412732472e-01 4.376092835879498155e-01
-2.827106907598010005e-02 4.286542437038488029e-01 2.995044159493108205e-01
-8.750043214510742906e-02 4.455376624971286725e-01 3.315397251464324846e-01
-8.581203075412527359e-02 -1.803046597887205671e-01 6.496363778014541124e-02
-1.027044652839845668e-01 -9.447425942992977721e-02 8.761200527695786611e-02
-1.331180519297525955e-01 -8.156810882260687179e-02 7.521868577404959566e-02
-9.873636236984623116e-02 -8.675377980891767205e-02 5.691729903753308534e-02
-1.588063370525027718e-01 -4.307774869371470972e-02 -7.007181009592869381e-03
-1.794485403295024706e-01 -6.590325908802845134e-02 8.489843199476675151e-02
-1.881907879397274053e-01 -7.811900180809824845e-02 6.229377971384261747e-02
-1.716783947942047139e-01 -5.228416287882546587e-02 3.804944614182883406e-02
-1.146376410185875466e-01 -2.031942302391381017e-01 2.438210924630068721e-01
-8.494042775484539343e-02 -1.946873106322589142e-01 3.797878437760742742e-01
-3.436927825726572572e-02 -2.077520653683344876e-01 3.318999148581437408e-01
6.712071322808974005e-02 -3.479709639121157383e-01 3.150376890973043409e-01
-1.373764259503224838e-01 -8.959935357455645066e-02 -4.541686077849280689e-01
-1.445109971223856038e-01 3.750270709482876608e-02 -4.723492610346204934e-01
-8.588639646785067860e-02 3.360690749014256379e-02 -4.146348438432898575e-01
-2.336972296951790595e-01 1.090914694808241409e-01 -4.484228971754096738e-01
-1.077281777186433059e-01 3.146552854929719062e-02 -3.856790361153374924e-01
-1.496537156517357414e-01 -1.401002096466876234e-01 -4.334226922122789705e-01
-1.926494241026509291e-01 -1.388252157617656524e-01 -4.246720147735058570e-01
-2.152747888756439965e-01 -1.507809320678505649e-01 -4.129865585094272262e-01
-2.765704794547522716e-01 1.179691379220934866e-01 -4.575678196734782044e-01
-2.900134717574006094e-01 8.373021948304704143e-02 -4.102435331704172849e-01
-2.169204224073895682e-01 1.045808455850331942e-01 -3.358643325271668534e-01
-2.679662817168244060e-01 9.440218173717918049e-02 -3.618584405230896861e-01
-1.592323003920541047e-01 -1.441421246911422649e-01 -3.655799852726396293e-01
-1.874889831203135904e-01 -1.479419193118840514e-01 -3.686312614564295487e-01
3.652198729722591630e-01 -3.976495271681854127e-01 -4.647239291542819006e-01
3.943286122521554304e-01 -4.133193554761965260e-01 -4.303228831432658330e-01
2.620185419898141133e-01 -3.543830711845357140e-01 -3.662542962063558005e-01
3.996932403048910065e-01 -4.024004549187977231e-01 -3.541783984056658396e-01
3.870422790607460639e-01 -4.701045715972546057e-01 -3.475671135903388720e-01
2.990185208794135518e-01 -3.796114320765575645e-01 -3.131680469876178541e-01
3.124398920046559391e-01 -4.633887840996399610e-01 -2.600611003975250579e-01
2.186968402202305317e-01 9.512643310414217734e-02 -3.648791871793441999e-01
2.143109896391237890e-01 -1.487871699269389669e-01 -4.305792597497751228e-01
2.401479658687872554e-01 -1.127416053045339900e-01 -4.081051083661919043e-01
9.795642895790089566e-02 -1.746880895506991993e-01 -4.415875327797093575e-01
2.909840902593368445e-02 -1.174924435234876857e-01 -4.826576466606820603e-01
2.787406456423115464e-01 1.980418472392557645e-03 -4.502157174886796120e-01
2.223551531345292070e-02 2.457690573535423195e-02 -3.972667931952894582e-01
7.645342658348426579e-02 9.108117798840856261e-02 -4.619568836431307557e-01
-5.084407341605666486e-03 2.626569048336154649e-02 -7.030134769382916093e-02
-6.741305284695812972e-02 3.268407612594258216e-02 -5.909645949996648884e-02
4.976479032067579293e-03 -8.567517304282720736e-03 -5.915384871736527328e-02
-5.499293984511813976e-02 -8.034509956968988176e-02 -4.893245975544571746e-02
-1.123134991512043102e-01 -6.846173929349011478e-02 -6.017260246354740744e-02
-2.036412763826925543e-01 -5.642590799457993661e-02 -1.487543677353010407e-01
-4.813343888447482732e-02 -1.398629670212925558e-01 -4.578223253766060541e-01
-8.556093421425942092e-02 -1.118101713377083334e-01 -4.394783174203568121e-01
-6.452617009048809693e-02 -1.839519041611766825e-01 -4.523558616990790426e-01
-8.376840987049895271e-02 -1.574498445984620909e-01 -4.492310767552578632e-01
-8.048883704854958854e-03 -9.737017951301044083e-02 -4.592724153784646934e-01
-2.354583160642776882e-02 -2.379281300649759012e-02 -4.212960361522413710e-01
-4.057592541209849302e-02 -2.092913500820214046e-01 -4.034817246856295947e-01
-2.799552616974986669e-02 -1.975346635268871998e-01 -3.194753356688015966e-01
5.240518716919107672e-02 -1.999565582769038674e-01 -3.698176738752206316e-01
7.040100920719370714e-02 -1.668443492224186975e-01 -3.786698622357546062e-01
-6.119714888573315331e-02 -1.709522592498941007e-01 -2.989635249253685956e-01
-9.774631730170883770e-02 -1.322766754347224349e-01 -3.222102375323410151e-01
-4.761187334949239236e-02 -1.340789484442494461e-01 -2.682810825783322195e-01
3.842026036008696493e-02 -1.838446459968192670e-01 -3.081257426051176584e-01
-8.923445372307232948e-02 -8.281208214161635273e-02 -3.182661764732531706e-01
-5.642165376326940124e-02 -8.910613819787875645e-02 -2.816780151164640089e-01
-3.547532266990138794e-02 2.024742084810300310e-02 -3.742870437973854214e-01
5.307703808887745400e-03 3.009360355844326734e-02 -3.894683863888185327e-01
3.764362702341653155e-02 -9.098747259752174021e-02 -4.819886288692977749e-01
-3.769970395437013261e-02 -1.358215857545119198e-01 -4.760728065783860208e-01
-3.631652454262811469e-01 8.675509445834306624e-03 -2.298587153896208546e-01
-2.758190844694023980e-01 4.428927568787737606e-02 -3.311257050023120319e-01
-2.962798116119472747e-01 -9.569064089074344470e-02 -3.562914628058720390e-01
7.760434447975926575e-02 3.806855411156719327e-01 -4.624116331443968719e-01
5.878916553901818165e-03 3.512359965626272729e-01 -4.764505373677204725e-01
4.147089782435819938e-02 3.873116932427472237e-01 -4.291590586297379661e-01
1.220118752323364752e-01 3.890643435805045680e-01 -4.312241180244253402e-01
-1.438116657939486273e-02 3.883466600484534181e-01 -2.897231723741176546e-01
2.646750785326219130e-02 4.275228252188691958e-01 -3.423901603774192615e-01
1.534481149938141109e-01 1.518803349650599821e-01 -3.636138553987584565e-01
1.403556193549782838e-01 1.666769095677252677e-01 -4.188271791519122544e-01
-9.860162890321980123e-02 2.784953999766577870e-01 -4.521879674941159388e-01
9.057918154637230324e-02 3.760747830303696748e-01 -2.755116705972903701e-01
9.342497898649772259e-02 1.338283928535126399e-01 -4.128234216183471750e-01
1.359013981839160556e-01 3.370483222727765904e-01 -2.291356560299516176e-01
1.354431277773560649e-01 2.906778623708018428e-01 -2.134842154756818877e-01
4.457292053731473983e-03 2.855560225642725936e-01 -2.101669964661699863e-01
8.526974008189558418e-02 2.292972281332927853e-01 -2.077332875498378029e-01
-5.863372152170859969e-02 3.189334781436748978e-01 -2.375867467589574400e-01
-6.660787188526844094e-02 3.506450829004056913e-01 -2.837372827122062735e-01
-1.079106478062074187e-01 2.976022403222312041e-01 -3.169899916438151943e-01
-1.419105390455593640e-01 2.265800712886155144e-01 -3.608913657660686725e-01
-1.298465781171857514e-01 2.501904675165417258e-01 -4.130151441536182300e-01
-1.333506569383665352e-01 2.738463638163888825e-01 -3.271330045899530359e-01
1.207343207710662586e-01 4.249682848938626800e-01 -2.830055076563127714e-01
1.442501993749530642e-01 4.034676544394514841e-01 -3.059559292797500163e-01
9.766688914136026356e-02 4.362361238173843581e-01 -3.128353002085320633e-01
1.299384394504419227e-01 4.070664812000690524e-01 -3.233210408901059929e-01
4.984725767305491634e-02 -2.196531314445885896e-01 3.786304250383939335e-02
1.284796929823338041e-01 -1.134186641705308973e-01 3.402416912784711478e-02
-5.329459502321301501e-02 -5.302007329942458325e-02 4.844267423169341946e-02
8.990334701961845421e-03 -2.835214308360908125e-02 -4.286433168966982676e-02
3.677369814866431053e-02 -1.026269438118253413e-01 -8.162755582678435373e-02
-1.915457040255314630e-02 -6.924712573532204596e-02 -3.988120950088147598e-02
-7.763635305547471332e-02 -9.992732757493855145e-02 3.123186314642119321e-02
-7.656480114379590751e-02 -1.248736677770860143e-01 4.412310027024464454e-02
-5.700445855215071495e-02 -9.365563094671237876e-02 -1.935519480615902066e-02
4.801528205471776445e-02 6.131800133174594367e-03 6.489518290006614232e-02
8.048819184519026559e-02 -4.306149176364756914e-02 6.257132270261062112e-02
6.135719516835647785e-02 2.019539169643447957e-02 7.547605394806769508e-02
2.126801685446168266e-02 2.101922204887972032e-02 2.388083592849301467e-02
1.186983412833061621e-02 4.404466234684994638e-03 5.519503840899419797e-03
-1.246688432291706561e-02 3.841109269007129609e-03 1.191365868591113576e-02
1.602110585752435090e-02 -1.104021106740855629e-01 -9.433228561475694163e-02
9.599771322220201908e-03 -1.459480293397857620e-01 -1.628893549340004743e-01
-8.122024257824722593e-02 -1.400497620185271463e-01 -5.139992935749101294e-02
-8.180148553636225339e-02 -1.169826389089796692e-01 -7.889147582863122177e-02
-5.916464789578516903e-02 -1.122429322600679985e-01 -6.749256770309788878e-02
-1.128156932030787984e-01 -1.993835172160447200e-01 5.231000157636690739e-02
-1.178271117844898741e-01 -1.830950294533667533e-01 -1.143167439220195772e-02
-8.857036439322604759e-02 -2.369826780399600097e-01 7.239623382816652575e-02
-5.577948350950177187e-02 -2.639805072410202902e-01 6.192234029422286762e-02
-9.864740038636582442e-02 -2.201442378275199896e-01 -5.914342193550571614e-02
2.600317240281748710e-01 -1.249538911465430946e-01 -6.350285905672062303e-02
3.116848362242815029e-01 -1.658411761181647626e-01 -4.653031904568908500e-02
2.650055473546032991e-01 -2.345854777863008445e-01 -2.319003582065886360e-01
2.486269974820574380e-01 -2.704184831124488708e-01 -2.391393960567034238e-01
2.694040208713937012e-01 -2.745001737238016992e-01 2.999897008934984677e-02
2.638532740286979039e-01 -3.148722920499791300e-01 1.696215442617155303e-02
3.348315989187347075e-01 -2.355855145937561235e-01 -1.348063231702271436e-01
3.496667513180404807e-01 -2.652831209212738739e-01 -1.080062344013991565e-01
2.075108749253374019e-01 -3.583741785421195036e-01 4.713853779431952801e-02
1.812087224431177535e-01 -3.840861419573315949e-01 -1.360342709769200020e-01
2.506877611499098157e-01 -3.183956279692293223e-01 -2.074254166544851619e-01
3.962615280544073970e-02 -4.356513985736157335e-01 -3.093634482677729003e-01
1.109499356418270077e-01 -3.361131431129297797e-01 -3.951907037080022445e-01
1.588970290127363350e-01 -3.854185911924246644e-01 -4.029632881957904145e-01
8.399720621181656910e-02 -3.199464694995914349e-01 -4.455380262562957938e-01
1.623240401868495178e-02 -3.136785442941793511e-01 -4.473619740009677215e-01
1.514839296421813808e-01 -3.268038259684419300e-01 -1.419254170690864847e-01
1.534525294976445131e-01 -3.308930050328623973e-01 5.800506452989954292e-02
8.723954430104299829e-02 -2.399602261157892102e-01 -2.290670974111986280e-01
1.599380073732196705e-01 -2.704803663319998441e-01 -1.960817522394812107e-01
1.282849529637673791e-01 -2.209192198881081703e-01 6.941487094742539166e-02
1.555598084704799267e-01 -2.612557821564313598e-01 5.979738859690377634e-02
7.590887703858542612e-02 -2.169371438001145569e-01 3.108370418874354529e-02
4.329039215575977706e-02 -1.961914235499710168e-01 -1.445065938815921214e-01
1.139616750565355108e-01 -1.988915025753242027e-01 5.775397094190611036e-02
1.853292828384289770e-01 -1.455618162688549211e-01 -1.193228856523830539e-01
1.919877003667068982e-01 -1.977015488549524747e-01 -2.028131620565122584e-01
5.388353489014143655e-02 -1.522813445692835499e-01 -9.806507120152119228e-02
4.150875436082461511e-02 -1.862779050374400447e-01 -1.077461885424461641e-01
1.233590716848924906e-01 -1.147736581466956007e-01 -1.125729070941315080e-01
6.234200183743933421e-02 -1.388421701804734010e-01 -6.386195792371895941e-02
6.834926072066260794e-02 -1.944660033012102496e-01 -1.295778545596531876e-02
1.266327440837125007e-01 -1.406752187275812360e-01 8.394174283691798258e-03
7.585417920189357899e-02 -1.078055173762760693e-01 -1.018291353642242353e-01
3.631514423601324426e-02 -1.336162940256410969e-01 -1.061150614352536076e-01
5.469024765781436981e-02 -1.492891656533910927e-01 -1.430960847416608284e-01
1.790798166509332545e-01 -1.339232522885454857e-01 -3.599012648874295311e-02
1.865952945458694834e-01 -1.536862300375064494e-01 -5.313817856058787592e-02
7.177732676920556276e-02 -1.001034648499682933e-01 -1.491771932770699083e-01
4.407196991964582727e-02 -1.388426275427384615e-01 -1.437014968981069341e-01
-3.817816780519950881e-01 -4.771461787493908036e-01 -4.629064511775545787e-01
-4.639782454278186807e-01 4.208062687849029038e-01 3.848605052464141307e-01
-4.181996107368622373e-01 3.640359030908364990e-01 3.623730457472584821e-01
-4.666946176972020521e-01 3.714373801469186831e-01 2.777882897104408944e-01
-3.924863885625739512e-01 2.979555451502390873e-01 3.953853155475535175e-01
-4.195801864530325775e-01 1.807979805495104342e-01 3.460832404300682175e-01
-4.252862170413582721e-01 -4.180374270132816011e-02 6.454162898132861925e-02
-4.248932664511644308e-01 5.230780203960587460e-02 3.914824889347564424e-02
-3.757843944501692568e-01 2.703097796754330706e-03 -5.526076143436207955e-02
-3.909028112895484575e-01 7.438766173671645943e-02 -2.962201836466736571e-02
-4.181860748123890081e-01 4.021319581306305457e-02 1.475737664084413314e-01
-3.078415670173445529e-01 -2.170513394599744850e-02 -4.320626297317915060e-02
-2.860309517952220326e-01 5.632980816621874220e-02 -3.064340049368945856e-02
-2.133493311234587464e-01 4.478427472337369319e-02 -6.252087066118017233e-03
-2.727328798905911955e-01 9.025007989451851176e-02 -4.678520526265497054e-02
-3.333668846698606414e-01 1.227968322371833093e-01 -1.471343019243250699e-02
-2.071066391092583059e-01 -4.599014812139168989e-02 6.901131148093482548e-02
-2.688002369667948366e-01 1.419793552630127242e-01 1.423598512812949690e-01
-3.251932205891014394e-01 1.175222882064195368e-01 1.934104257813674954e-01
-2.443399005711360539e-01 1.176212151659524752e-01 -2.946608125381557433e-03
-2.752122243749770547e-01 1.515116506107752614e-01 4.711835211935307133e-02
-1.842192609466946351e-01 -5.625331221062629394e-02 9.538993182650906677e-02
-2.516110864168591976e-01 1.441041788744079066e-01 1.629729113935288187e-01
-9.710868127187613497e-02 -2.664938879070880007e-01 -2.762707405268295391e-01
-4.635839289606852875e-01 -1.189767282775229390e-01 -1.391204976280642769e-01
-2.956724129382932165e-01 -1.925852084731339842e-01 -2.230704989734614563e-01
-4.820191008304630653e-01 -2.686724659147998739e-01 -1.632961558275887182e-01
-3.272703271480690845e-01 -1.027396475154575550e-01 -1.409214357896236003e-01
-3.847498604706164338e-01 -6.150661207135994790e-02 -1.427341610321501697e-01
-3.973438884273688965e-01 -8.176694674703935406e-02 -1.358543481573754041e-01
-4.250353868507850130e-01 -1.045576139437058016e-01 -1.659725902559745225e-01
-3.275892596927942879e-01 -1.292978693190139916e-01 -2.530262861020319276e-01
-4.834887415662905141e-01 -3.017099386514439097e-01 -1.988292096340240345e-01
-3.174897758682235227e-01 -8.213874558016570626e-02 -1.937459268070176321e-01
-3.732208655208691939e-01 -6.620221382074023553e-02 -2.005761327667193727e-01
-3.502967384487792879e-01 -4.724568470868464876e-02 4.032758617594883188e-01
-1.983015063111558951e-01 -1.408017320322226540e-01 3.494208447975643561e-01
-2.545104398081888264e-01 -1.467322166958744678e-01 3.689934185618095053e-01
-2.065346258748384234e-01 -1.599538056571147560e-01 2.863864632693781109e-01
-2.581880762767875814e-01 -1.308293440552563691e-01 4.023614945263033205e-01
-2.977989803058517237e-01 1.206545340513544978e-02 4.046258429259708134e-01
-1.801555013431107855e-01 -4.824104658895869702e-02 3.815509545673094194e-01
-2.278317863330203974e-01 -5.754539173059072810e-02 4.089538881905309120e-01
-1.524720529679101932e-01 3.460415473017816601e-02 3.020334238987014697e-01
-1.611731989946112720e-01 -6.313060187328636830e-02 1.958784700668967371e-01
-1.956369821274651088e-01 -3.506891701770404463e-02 1.425609341655781903e-01
-1.476925539088544403e-01 1.933823826853831376e-02 2.239728723555776957e-01
-2.310733167235576868e-01 1.191447102943586078e-01 3.205943303087084861e-01
-2.961263501332104808e-01 1.181047392058146711e-01 3.160879601540499961e-01
-2.115565775808844751e-01 2.253886000533686373e-02 1.714084826884237356e-01
-1.950980032288761323e-01 5.479135500861538610e-02 1.850829850571661661e-01
-2.582354718055098197e-01 1.063129379440620054e-01 1.745039096458818606e-01
-3.040869273525190208e-01 8.588347905956672523e-02 2.031766340315760422e-01
-2.216530482438157090e-01 7.538187198455514881e-02 1.778757850538308372e-01
2.101225708340509202e-01 -4.628997404344036282e-01 1.490196059497060077e-01
2.276276986325082019e-01 -4.655812543701182693e-01 9.369855882972021044e-02
2.096722374814410650e-01 -4.733689285169819794e-01 -7.481422946542026775e-02
2.353065698226458891e-01 -4.334882080993994191e-01 6.167514265711770277e-02
2.119379116816369479e-01 -3.998429825020995421e-01 5.259011196851869074e-02
2.151355814676267630e-01 -4.500970220901903684e-01 -6.570544851332890679e-02
-4.571404497274045853e-01 -3.557435242602033920e-01 2.774112663878004481e-01
-2.684645905396569332e-01 8.738346241025758687e-02 -4.595242193401215536e-01
-3.125359724360752822e-01 7.757087172669155373e-02 -4.228525211176514254e-01
-3.914496379139685289e-01 4.360220263886650967e-03 -4.680471473037892682e-01
-1.664451260303141111e-01 -7.198763245688291276e-03 -4.732063645823885722e-01
-1.624362183030173545e-01 -6.474596876389925038e-02 -4.732425784013243875e-01
-2.187123393110151914e-01 -1.334106628685084450e-01 -4.436791124837657918e-01
-2.873887554629125374e-01 -8.603870823030151938e-02 -4.030008281120502911e-01
-2.258043823931042415e-01 -1.541685360367269220e-01 -4.363622968142849001e-01
-1.565239935070219801e-01 9.514573987775165609e-02 -1.795144441123647516e-01
-1.460633726472253813e-01 7.654504717769150535e-02 -1.870384874649244078e-01
-1.580944147270739175e-01 3.590211480647241549e-02 -1.868206178445741272e-01
-1.694386343524887095e-01 9.918417370505999697e-02 -2.685407200195683020e-01
-1.966580297852779935e-01 9.565374440458183913e-02 -2.161378787003088442e-01
-1.980157456953560435e-01 -3.032989969240998049e-02 -1.715943778239883144e-01
-2.481426579675000132e-01 2.931868885129054747e-02 -3.086081601659430573e-01
-1.313040012335484341e-01 -4.372609476030954456e-02 -2.551518005575725279e-01
-2.568475328837458993e-01 -1.907940273246087198e-02 -1.787309116829756961e-01
-2.458518204348222325e-01 3.781941742293577768e-02 -1.905963342098527524e-01
-1.869839515089733728e-01 9.744576825737577552e-02 -3.142614812624810461e-01
-1.800996346335505260e-01 7.508717896684427573e-02 -3.400660643346670731e-01
-2.095528568652615942e-01 7.306466416381550422e-02 -3.210685247958202093e-01
-1.914492289720169382e-01 -8.391236293784223865e-02 -2.137922590401500345e-01
-2.884398770760167041e-01 -4.269690124569786721e-02 -2.059573882157429425e-01
-2.942340842943336199e-01 8.900047987837620203e-03 -2.233387248354729293e-01
-1.317620956612804983e-01 -5.834301443839094714e-02 -3.199751608935764158e-01
-1.525449005097551103e-01 -3.109956907070099419e-02 -3.420970808635467320e-01
-1.794900933763701467e-01 -6.672902395846382062e-02 -3.246263237160121884e-01
-2.168553816873913243e-01 -7.873409636851992632e-02 -3.169617397925130753e-01
-2.574566672674061807e-01 -9.588822358685170077e-02 -3.051799337162714454e-01
-2.148856596144017306e-01 -1.038049420044121901e-01 -2.652913470190757517e-01
-2.652068033354853527e-01 -9.832867361040210918e-02 -2.570953600472190015e-01
-2.347508070501206495e-02 -1.231256014369863372e-01 -1.867209946971420953e-01
-6.671907617564916404e-02 -6.036958737768874372e-02 -2.056784660777337403e-01
-6.199436652537550912e-02 -1.157319335592463666e-01 -2.422309972999123762e-01
-3.860708754484682564e-02 -1.400127179459534910e-01 -1.553614087196144300e-01
-7.174302647110950004e-02 -8.029442022697096115e-02 -2.311158238657332054e-01
-8.653818777818954311e-02 -5.565542008103612631e-02 -2.270795153045265802e-01
-9.895217088281646478e-02 -5.166712447325973179e-02 -2.353981496116368255e-01
-7.691061382935103496e-02 -1.333875597761340071e-01 -1.111534683030635240e-01
1.773266492336728062e-01 2.546454964500469709e-01 -3.869337270039716059e-01
3.901404394650385687e-01 2.665177808181659613e-01 -3.860015098498963959e-01
1.836288966088177599e-01 3.480240492515996320e-01 -3.072470816687072892e-01
1.693671091167116005e-01 3.922520441507550415e-01 -3.123216824362092248e-01
1.372021614049750704e-01 3.546365089444853402e-01 -4.385605946791200638e-01
1.660051160462619468e-01 2.811792389432050121e-01 -4.441760384844788967e-01
4.010815751643732607e-01 3.396899195848739894e-01 -3.098966736489991436e-01
4.348586837829033214e-01 2.611983128001212906e-01 -4.345184773644964471e-01
3.478346593938397846e-01 3.794383703165987165e-01 -2.945119632633113604e-01
4.516337241921469792e-01 4.372270100361219658e-01 -3.568600958903576648e-01
3.774151600375542648e-01 4.630421723799157951e-01 -2.809980327312902593e-01
3.478406726340813049e-01 4.793048133318050241e-01 -2.935002674716022386e-01
4.111362614381028346e-01 4.633571731223246615e-01 -3.153924692727008705e-01
4.561429683196044360e-01 4.328903618219058225e-01 -4.249573346406747554e-01
4.451875854462606918e-01 3.197922757377561487e-01 -4.632439506500438675e-01
4.037521422111208791e-01 4.751995561429726012e-01 -4.735613114860460771e-01
4.377033152779407077e-01 4.431959788376432230e-01 -4.693842190954336524e-01
9.542900531291169386e-02 1.303075503748648833e-01 -2.085880761053089394e-01
9.107914723669259527e-02 1.612354348173997698e-01 -2.418460625604784975e-01
-4.451043058957121490e-02 -4.098132838780457754e-02 -2.882267278558443002e-01
3.020987116339460959e-02 1.086895091832217053e-01 -1.387481782692302212e-01
-8.005323343355015553e-02 1.018924593649693511e-01 -1.387643072784176257e-01
1.369887183947416168e-02 2.712235125519870879e-03 -1.534802431701324243e-01
-1.216712936140684487e-01 8.581686976903735165e-02 -1.787445335344399200e-01
-8.251974395993218192e-02 -3.204364849437416063e-02 -2.308272739102711357e-01
-5.143917614163976554e-02 1.167599684447371694e-01 -3.039647741927490876e-01
2.511519335286682003e-02 1.321082408207117087e-01 -2.899449173149854508e-01
-1.233764391875818989e-02 4.272910258228083957e-02 -3.289554759214747270e-01
2.115556309729433454e-02 5.342250156536782618e-02 -3.673348283643088075e-01
-9.802847427071577704e-03 4.721184423619637083e-02 -1.109871476440574684e-01
-4.823558216118645214e-02 5.968386085055456952e-02 -1.077398398934810847e-01
-5.961408060926150221e-02 4.942594790666304805e-04 -1.372607711488185445e-01
-5.029878799419144203e-02 -1.955274104734992802e-02 -1.680914036620617946e-01
-1.439336633391397891e-01 8.385052659106172201e-02 -2.345142958303282066e-01
-1.265291815739097436e-01 8.231280141428381700e-03 -2.268968882626043460e-01
-1.417621899682893205e-01 8.060511772333210645e-02 -1.955403956646861729e-01
-4.354282768755770028e-01 3.909174679608273806e-02 -4.260275503503565542e-01
-4.214926258809825188e-01 1.225335840408978000e-01 -2.459930562467577131e-01
-3.896590376562020230e-01 1.019193815946961984e-01 -3.637972232706835896e-01
-4.103051396019772312e-01 1.469880577241948760e-01 -3.315345471607132888e-01
-4.480575773322110766e-01 1.768589892435886990e-01 -2.948737357384402236e-01
-3.937162116142695067e-01 4.991416580031440842e-02 -2.581869190559146765e-01
-3.836544332190156559e-01 4.018957497481565055e-02 -3.265984397407409867e-01
-3.879588440951974859e-01 -2.551279933584042064e-02 4.438881710179116702e-01
-4.040830272630675513e-01 1.390873515376286548e-02 4.504015088917764920e-01
1.942352578359564097e-01 4.015538949621371700e-01 3.860328715016743684e-01
2.672124708790552527e-01 3.442565201178616197e-01 3.238931402657814207e-01
2.369645290506493529e-01 3.924876285387041142e-01 3.190700788036827662e-01
2.367712026681774162e-01 3.505924021078291597e-01 4.209427099564741481e-01
4.619752446427783377e-01 4.144959202716620439e-01 3.271545384421403191e-01
4.235754656867821155e-01 3.846700044675749885e-01 4.837333763086851812e-01
-4.658829770682465510e-01 -4.800363850072798533e-01 4.574742134866524035e-01
-2.296634049758771584e-02 -2.006730498296771803e-01 -8.816655563037414933e-02
-5.157585227893836388e-02 -2.300004851388955385e-01 -3.495056109736938144e-02
-7.781507888473906953e-02 -2.364198975334513564e-01 -6.234878261620282330e-02
-8.484258115376812001e-03 -2.153186005468468445e-01 -1.320308319278717113e-01
3.544998411468260752e-02 -2.437430143019420070e-01 -1.339526704799366419e-01
-1.074660359857799868e-01 -4.675378209686572584e-01 -4.682089162944947924e-01
-8.647800125189798737e-02 -4.831210125417897405e-01 -4.788919773711526884e-01
-2.473142503378752965e-01 -1.877948358932354511e-01 4.064776161080441708e-01
-2.932230019146715438e-01 -2.651689244111498645e-01 4.018634262214084152e-01
-2.491896589901225201e-01 -1.538447959733088566e-01 4.430405660684514912e-01
-6.487453513635612137e-03 1.318296288532153360e-01 3.607496168694557248e-01
-5.146747474107691428e-02 1.218927312375959332e-01 3.796535900915077866e-01
-5.524928376524788215e-02 1.038862709988307292e-01 4.609015046283869710e-01
7.110704583316404537e-02 7.495604787347821818e-02 4.464754371695034973e-01
2.269389489008968863e-03 7.770498820126535422e-02 4.369115398537484762e-01
-4.027286034185192931e-02 7.614629028513295039e-02 4.113491698690582843e-01
-4.784836331132678866e-02 7.421910004645347614e-02 4.350981337311272679e-01
-1.078980578792090306e-01 2.757465772036411522e-01 3.572505285961313226e-01
-1.214896015370834359e-01 2.054208416396928749e-01 3.911437584424305447e-01
-1.387585691583095304e-01 2.011439842799380706e-01 4.557406801131924090e-01
1.620811252944283354e-01 1.241086024364469326e-01 4.167459960587689971e-01
1.322525039781410061e-01 1.104494174780847465e-01 4.099666820883591245e-01
1.613376894398090011e-01 9.065981098756327461e-02 4.514174137303025303e-01
1.304759908864934204e-01 6.830736522252170428e-02 4.456117183338512144e-01
-1.260660922355577862e-01 3.086845122486062132e-01 3.564972723875778904e-01
1.993111672470220808e-01 3.345763699605773800e-01 4.595059835088385336e-01
1.782048051979033543e-01 3.676761591986306699e-01 4.671692811494408404e-01
-9.639705799788270135e-02 3.396208374933617491e-01 4.790356020053672115e-01
-3.249944893547137004e-01 -2.533741202295479167e-01 -2.623393145145615502e-01
-3.560872759068402504e-01 -4.470128185025758483e-01 -4.181425454984603607e-01
-4.847946471350850772e-01 -3.174132613550097459e-01 -3.946310996169040686e-01
-4.987202934640481145e-01 -2.741569240216939485e-01 -2.836090291686706455e-01
-4.817553378563592115e-01 -2.840131602272277789e-01 -2.551246955399429361e-01
-4.480013435674718436e-01 -2.056935111029541824e-02 -3.947284097366839384e-01
-4.715052876855282959e-01 -2.619570421111137581e-01 -3.777116933883231109e-01
-4.634096124357545143e-01 -5.702405881642865632e-02 -2.572717117659819586e-01
-3.764581009829011671e-01 -2.179027569902469430e-01 -2.908246378858715953e-01
-4.766461282824713264e-01 -2.566879363721359941e-01 -3.188148462507665037e-01
-4.698366741286246206e-01 -2.488261890829597534e-01 -2.723905209018172568e-01
-3.795926191707889585e-01 -1.221285172636506211e-01 -3.403736216103386281e-01
-3.678540286018537886e-01 -1.520473026929194948e-01 -2.700022149400731486e-01
-4.079854103290750378e-01 -8.900794560895812502e-02 -2.546662260237738673e-01
-4.277822366622149319e-01 -9.968513045649327053e-02 -2.352905208673545800e-01
-4.327119862151148633e-01 -1.669699111273086414e-02 -2.783842768751020325e-01
-4.153720105853836442e-01 -1.963136511003413937e-02 -3.222843550625996145e-01
-3.631345836287479534e-01 -4.043609984006818481e-01 -4.563078230125013346e-01
-4.287755036072495862e-01 -3.447557157909902914e-01 -4.440029687131764602e-01
-3.237227510205016312e-01 -3.624524117807674806e-01 -4.700403185215936697e-01
-1.828473397213200013e-01 -2.651868734152449392e-01 -2.314462600413696169e-01
-1.823349404047379663e-01 -2.099237941586420964e-01 -2.740004481528844904e-01
-2.025336375883265705e-01 -2.525188826414866416e-01 -2.621841876304207286e-01
-1.200405494653009053e-01 -2.095102069875668660e-01 -2.543550081803832019e-01
-1.182346057839407244e-01 -2.510890795387177299e-01 -2.277790271472631412e-01
-2.163528225927313642e-01 -1.409832374870451654e-01 -2.452140322249269366e-01
-2.484565326836852828e-01 -1.797466383997952388e-01 -2.204862164719703088e-01
-1.934734705594349513e-01 -1.626126742778323531e-01 -1.760357890051923446e-01
-9.872705484503654927e-02 -1.666784236686845999e-01 -2.223798344283376971e-01
-1.789285374055380462e-01 -1.937909938090743300e-01 -1.201543974784441554e-01
-1.890719912555270943e-01 -2.127988415557516277e-01 -1.273114983673307443e-01
-1.737492496411544851e-01 -2.394672288405544081e-01 -1.463711571475095341e-01
-1.793892330610097341e-01 -1.125756666348859264e-01 -2.099559777831315477e-01
-1.355321916583517861e-01 -1.199002339680996787e-01 -2.225154437836031063e-01
-6.977936562802700138e-02 -1.610986298151048657e-01 -1.589802499881717290e-01
-9.890838333167527308e-02 -1.549937028536035599e-01 -1.360735301170467315e-01
-7.809934863084547207e-02 -2.441352113398150558e-01 -1.512494449449604539e-01
-1.060358582753638118e-01 -2.571016948851108097e-01 -1.834878368018293959e-01
-1.238541751181743561e-01 -1.982407047205125006e-01 -1.077155456909392878e-01
-1.141006978430997298e-01 -2.467894361304432127e-01 -1.207549213107502184e-01
-1.262340180467237949e-01 -2.727869784201270020e-01 -1.297519187005936048e-01
-4.179251570958450457e-01 -1.513433158330610706e-01 -9.656009542522790701e-02
-4.498379137558207175e-01 -1.318510687700810147e-01 -1.041074327494801999e-01
-3.707956911518558440e-01 -2.675909638943971269e-01 -9.782700422759676995e-02
-4.513136874315545888e-01 -1.120259680128660312e-01 2.005984719100827041e-02
-2.100299843774169062e-01 -4.710422259694939107e-01 -3.685775878756580165e-02
-1.419513222958475318e-01 -4.546389409319919195e-01 -1.503307478064486724e-01
-7.415814330310592506e-02 -3.141332096996305445e-01 -2.651435628346125728e-02
-3.516369172132899346e-02 -3.403110814742477119e-01 -3.950127958858044158e-02
-1.233700934922562914e-01 -3.147141780849786463e-01 -7.446926213201204847e-02
9.603388761734591231e-04 -4.593782562617380050e-01 -4.737694580459837074e-02
-1.343386518442878617e-02 -4.673941341636871361e-01 -1.251444811922478861e-01
-6.913668152719838755e-02 -4.770454147240378862e-01 -1.270130266457780710e-01
-1.140628530859311290e-01 -4.605805808329321849e-01 -1.414082303468334190e-01
-1.762651907977519361e-01 -4.390219392493781569e-01 -1.035403154181431529e-01
-1.821013754227099601e-01 -4.510186149170245518e-01 -6.774159397639688274e-02
-2.903363099343694853e-01 -3.878516581716046630e-01 3.002353027369085159e-01
2.786080988088230140e-02 -3.954850343515242672e-01 2.739761001486703540e-01
-3.516135348566493124e-02 -4.188164817222850278e-01 2.317754331922333988e-01
-1.479654829886337120e-01 -3.949388520241709499e-01 2.085972515461764487e-01
-1.616395445423741972e-01 -4.062454155051282711e-01 2.174800825772543189e-01
-1.581265699959487625e-01 -4.200041709612548080e-01 1.930580983882956014e-01
1.467322903259438704e-01 -4.443346421634045695e-01 1.332628187637056594e-01
-2.137320005718604948e-02 -4.529139223459578978e-01 6.078768192279596777e-02
1.485182035291682245e-01 -3.702438835924404814e-01 2.142145777445833843e-01
1.175940783684011337e-01 -3.192132502909090785e-01 2.105008146749919040e-01
8.134024336336266592e-02 -3.585539180374560653e-01 2.821738181452913552e-01
1.623442089351160023e-01 -3.999811010409872747e-01 8.439934218574525471e-02
8.034706139604533628e-03 -4.166468175604517432e-01 2.595946675236088935e-02
-1.715849898171500909e-02 -3.641077806801756300e-01 1.995245353705171754e-02
-4.648245629139176327e-02 -2.776405362392339038e-01 5.713723160546581303e-02
-7.207511800380020373e-02 -3.217479740900886509e-01 2.864152558933990428e-02
1.175544827909072165e-01 -3.250999143348659581e-01 6.236280668222676793e-02
9.614499274230256520e-02 -3.063752766243958980e-01 3.689929959000905202e-02
8.502920202639031866e-02 -2.491524789224663639e-01 1.099071269011016039e-01
1.084099009289528348e-01 -2.891512287871103037e-01 7.494162500800607973e-02
4.096842258149820115e-02 -2.673212936632508585e-01 7.629182145260303416e-02
7.515720540224693491e-02 -2.854888778495955903e-01 6.620086251927251308e-02
-4.717595464941600758e-01 -3.023290222789800641e-01 2.993295335527744738e-01
-4.638893102619262576e-01 -9.594168298392458105e-02 3.837098366725950616e-01
6.376505300151842637e-02 -2.319930455224843494e-03 -2.290994115012690846e-01
1.217718849216211791e-01 1.121573824131638225e-01 -2.251756209694325273e-01
2.203028239754036693e-02 -3.737187384154794234e-02 -2.856336266018684178e-01
2.847169141962846428e-02 2.517382975138159756e-02 -3.479268369462012456e-01
9.696516704371350992e-02 -1.042195107879256705e-01 -1.768992378399869281e-01
8.110409416684558059e-02 -1.405728635777238611e-01 -3.318184209806079310e-01
1.824003087465840833e-01 7.706520927955530509e-02 -3.046140437336631313e-01
1.443074946913497913e-01 1.327466705357769616e-01 -3.185200671720243015e-01
1.114048343977122879e-01 1.266498278383401122e-01 -2.711313163459274089e-01
1.243183828138693242e-01 -1.128413925674988938e-01 -1.505964726467918791e-01
1.032626035228795397e-01 -1.961163859269235699e-01 -2.391024659408114428e-01
7.888383385438543782e-02 -1.474047514791146096e-01 -1.847936084651496114e-01
2.041613598425558729e-01 -7.535908427179457969e-02 -3.451207905301687529e-01
5.201816389535147273e-02 -1.685427852097869383e-01 -2.776925660815136587e-01
3.468658362098901715e-02 -1.325908015641259485e-01 -2.595418200196298875e-01
1.756001615392310256e-01 1.035845392464880554e-01 -2.034841360549325129e-01
2.006139361104609942e-01 4.900818141412965900e-02 -2.568637429725623700e-01
8.890169614816537114e-02 1.174892757690965683e-01 -3.553086567094145276e-01
5.369962546926956154e-02 8.831037749871382958e-02 -3.577133241478374637e-01
9.842292156645111867e-02 1.142745458162357786e-01 -3.165972769548122678e-01
1.645715919198542654e-01 -1.391744530412534764e-01 -1.837162402547791173e-01
1.586590070495472182e-01 -1.680610971476289850e-01 -2.108143045021527162e-01
2.115605066391641476e-01 -5.590401294701455998e-02 -2.368896881129825549e-01
2.063130062781631802e-01 -9.565224869824873188e-02 -2.606245092654355111e-01
1.542468395852373830e-01 3.670716109661025239e-01 4.739150117066392998e-01
1.772759132307249741e-01 3.890892105095832831e-01 4.643278464994162746e-01
2.073340440139372354e-01 4.022230050912316002e-01 4.288220965991635381e-01
1.872069510353263633e-01 3.931725236255526612e-01 4.472941270320078266e-01
1.764600483966599354e-01 4.204608624259255079e-01 4.314319189901961726e-01
1.721342664758458429e-01 4.409855849393407023e-01 4.371737923954477911e-01
6.855756920785979758e-02 -3.113979623193831592e-01 -1.099332073029775231e-01
1.615658887304236707e-02 -3.359957390052293325e-01 -1.072347719122680870e-01
4.448244243206771892e-02 -2.981923627020082179e-01 -1.118201941140770650e-01
1.138315266052486036e-01 -3.331647548762711741e-01 -1.607011403270380279e-01
7.186634492638492577e-02 -2.584619243888163775e-01 -2.021158448708100519e-01
4.053258375623169929e-02 -2.532968049377093966e-01 -1.533128204348825352e-01
7.883413380950490823e-02 -4.308817571865599660e-01 -1.970369723616784974e-01
5.377172330882226681e-02 -4.133848744695541866e-01 -2.801547164456014150e-01
9.126571843946119922e-02 -2.997595037210418756e-01 -2.430789476936652260e-01
1.152694057317215914e-01 -2.939945686292920746e-01 -2.162038413714585383e-01
1.103781270672464093e-01 -2.609232465921382249e-01 -2.136468371161285296e-01
-5.634459828794474712e-02 -2.931727618198725072e-01 -2.230602114344802100e-01
-8.283280067068406194e-02 -2.816749271870399030e-01 -1.823862202765766383e-01
1.612887140589139637e-03 -4.084741767878699581e-01 -1.091294004561031011e-01
-9.100596828629162194e-02 -4.009236838360653588e-01 -1.670540720585840799e-01
-3.680310683860514576e-02 -3.638490321716317255e-01 -1.014192546537619338e-01
-8.560833298887125797e-02 -3.605467694804608825e-01 -1.105377810187379295e-01
-8.145967870856066217e-02 -2.409125672756420589e-01 3.854862413270246368e-01
-1.460799777505802921e-01 -2.643973307204405265e-01 4.261023403960459977e-01
-5.217757834553837099e-02 -2.509431743713082530e-01 3.468536164621305873e-01
-5.404538237390682509e-02 -3.292598602605049107e-01 3.460153910651450060e-01
3.023323692543409408e-02 -2.826518531211842933e-01 3.351759720383154506e-01
4.052617607943733574e-02 -3.101844223256419175e-01 3.340561411412648618e-01
8.751584275350705877e-02 -3.476821953513610786e-01 4.613854056529561043e-01
1.001115859057261359e-01 -3.263181103223620205e-01 4.216582162340086759e-01
8.736657914759041188e-02 -4.201768674400612746e-01 4.143507473704752253e-01
1.079632383838830534e-01 -3.640493111153520478e-01 3.984544862953431910e-01
5.733064296670468962e-02 -3.544668945793181258e-01 3.710483802224537886e-01
5.345624166920198705e-02 -4.389994874596775398e-01 4.171784970916502244e-01
2.345595529345807090e-02 -4.520585482904916352e-01 4.045666770170667781e-01
-2.362777702088734444e-01 -2.767593320078218233e-01 -2.852993754394365644e-01
-2.650857034263425782e-01 -2.927566437422873258e-01 -2.965033292047128399e-01
-2.070124878611073749e-01 -2.774424921452350312e-01 -3.796323671144963829e-01
-2.623152190407355699e-01 -3.036724089243155178e-01 -3.727243866470276168e-01
-1.861881929821097015e-01 -2.915261568502896528e-01 -2.590362442588945435e-01
-2.645560036614820199e-01 -3.619598326587130099e-01 -4.243255099403533959e-01
-1.386710550903490491e-01 -3.248269659934782672e-01 -4.316428826757498505e-01
-1.720443805443791774e-01 -3.630344984576173162e-01 -4.557357822077289233e-01
-2.829631248846953273e-01 -4.438580246829577636e-01 -3.946368387428261237e-01
-1.267701252017174041e-01 -3.053707999328550415e-01 -2.835119415942985444e-01
-1.640441530792975389e-01 -4.642902193708594583e-01 -2.045896594444178151e-01
-8.943999111413018788e-02 -3.179524715762699905e-01 -3.848363728527348093e-01
-3.758970553276940602e-02 -3.771889852170214885e-01 -2.652210498685025897e-01
-9.147102321417170667e-02 -3.766926396603021421e-01 -2.414706453542913300e-01
-6.995335394687557384e-02 -3.506640580126828000e-01 -2.563681741088794097e-01
-1.717697324455263186e-01 -4.878876780676395519e-01 -2.360834637508890665e-01
-4.481100877005528282e-02 -4.212179732701636925e-01 -3.589297998455704963e-01
-5.392239031653609654e-02 -3.776130403492287679e-01 -3.921850187407180943e-01
-6.943063155417618371e-02 -4.737220066637172766e-01 -3.728003244210674194e-01
-1.137970337916200947e-01 -4.548506844207281241e-01 -4.446237418485013415e-01
-8.454467899468602610e-02 -4.548062472491406494e-01 -4.269800266184818893e-01
-4.111747315385906876e-01 -2.287721812656057507e-01 -4.283338853025604465e-01
-2.913149543468155356e-01 -1.759871558127066860e-01 -4.280946055039833720e-01
-4.657893269069958153e-01 -1.398416810248601372e-01 -4.612932649841209876e-01
-3.726355936056603979e-01 -2.886846097006723344e-01 -4.669576102713937638e-01
-4.089688361380561799e-01 -3.016908558202068824e-01 -4.592363522288124833e-01
-3.388701829637438268e-01 -2.382926690875916687e-01 -4.156625295667408793e-01
-3.725039720631582174e-01 -2.111208923868821696e-01 -3.979866247302170645e-01
-3.216697673555655723e-01 -1.300348886479714694e-01 -4.192875799269480397e-01
-3.802908952096846762e-01 -1.415997649596631436e-01 -3.966186207120017682e-01
-3.922676774294735491e-01 -5.185984335436401305e-02 -4.478536223790243187e-01
-4.234930604819280853e-01 -8.973883332213170028e-02 -4.396961788426689277e-01
-1.407720296939854732e-01 -1.091260940464630069e-01 -1.766951296455302467e-01
-2.021122626305192904e-01 -8.275385120728191712e-02 -1.727040046750390190e-01
-1.744519051434614554e-01 -1.208361141966713265e-01 -1.607972476464423206e-01
-1.762111071512164062e-01 -9.939188183075384209e-02 -1.898485156414114750e-01
-1.621353428231222249e-01 -1.608981636929631420e-01 -1.355236363445474490e-01
-1.243686719170077198e-01 -1.318053984058461525e-01 -1.500894479716680940e-01
-1.681395328158906965e-01 -4.765368857295455840e-02 -8.958528092196776926e-02
-1.503346117705826879e-01 -1.246775934876077352e-01 -9.063346043292695720e-02
-1.045452603632644750e-01 -7.229254143172614278e-02 -1.479643372641849530e-01
-9.373385808955612963e-02 -2.999399339303678719e-02 -1.244007830299828088e-01
-1.845102089861504480e-01 -4.054798817794567911e-02 -1.079428330864885266e-01
-2.136523865213620643e-01 -4.432894477787450993e-02 -1.353970193471838168e-01
-1.889464165342174817e-01 -2.688286260752400375e-02 -1.533215245161475837e-01
-1.115077440463487779e-01 -9.755719431782398920e-02 -1.353561529893565207e-01
-1.502433340408853013e-01 -4.003039787224791507e-02 -8.422720438438206780e-02
-1.151920044462768217e-01 -5.792856283891313629e-02 -7.224103740544400576e-02
-1.080399648701911713e-01 -1.952009138102448263e-02 -8.072255604830837206e-02
-1.366891940377160386e-01 -1.059229159483568994e-01 -8.677248280918663237e-02
-1.137150280420869131e-01 -8.865947379474121981e-02 -9.327813914212750024e-02
-9.811949891963303583e-02 -1.229410340372252552e-01 -9.936401602491218288e-02
-3.974301662223161946e-01 -2.948709520221621805e-01 5.746007492780168258e-02
-1.712597310041787946e-01 -3.031158837115591753e-01 1.673810889179175865e-01
-2.314024940496182958e-01 -4.644407845046076289e-01 1.042321858001173454e-02
-3.180937272226435075e-01 -3.549136752224804625e-01 -4.270459143433347204e-02
-1.288238366979125860e-01 -2.985812508066363336e-01 8.837152780532119001e-02
-1.299602994991803651e-01 -3.367563473319606371e-01 9.638304065635304452e-02
-1.231349749952733719e-01 -3.218814257476786400e-01 5.070010715281522001e-02
-1.193550143018260179e-01 -3.535652850445349382e-01 4.856566700447147167e-02
-1.634674538351496564e-01 -3.777981795848124325e-01 1.649728213497580753e-01
-2.794171763919656715e-01 -3.950417891646856305e-01 2.114502441796585752e-01
-2.217642415002132605e-01 -3.241123439748294643e-01 -6.538964240500959313e-02
-2.614174159867418967e-01 -3.644433958957764008e-01 -7.938247140036831795e-02
-1.835229758917385490e-01 -3.617572730549094562e-01 -4.212394808926411827e-02
-2.093590602970913928e-01 -3.856492412045786078e-01 -6.051874808698976677e-02
-1.681916806425005073e-01 -3.961417477691077660e-01 -2.510534878089405383e-02
-1.851271217971554028e-01 -4.061814902604439781e-01 1.796990992888565786e-01
-2.375314092597465010e-01 -4.627868049377740767e-01 1.332030656432320326e-01
-1.574889058421140853e-01 -4.066031406721233310e-01 1.490647159886228923e-01
-1.908424497837783729e-01 -4.298654548382924712e-01 1.724451726289950582e-01
-4.671253100480084464e-01 -1.250941648954257690e-01 -9.815152992481643301e-02
-4.625982349226712143e-01 -2.375479648931653198e-01 -1.315293084366261356e-01
-4.490940382385593677e-01 -1.805017977431251364e-01 -1.053718634110076546e-01
-4.520613954937157675e-01 -2.393806092172428845e-01 -9.495708016087743564e-02
-4.600016674561355212e-01 -2.241437388583929491e-01 3.934597737380053917e-01
-4.842252720523085863e-01 -1.659993677456712280e-01 4.117633456363251621e-01
-4.718081888990797723e-01 -8.563114474564698098e-02 1.939663541479675624e-01
-4.118663369301036603e-01 -4.740201047540128221e-02 1.630022145721167215e-01
-3.692751797538439407e-01 -2.809638509134243511e-01 7.743560644431900231e-02
-4.194201083000390629e-01 -7.890433810645910984e-02 1.030771215422297549e-01
-4.414476694312506333e-01 -1.213588977556792625e-01 9.763019053750894571e-02
-2.673662095593877241e-01 -2.953811452275595939e-01 1.813504110974529238e-01
-2.525527573360312195e-01 -1.597937902973332325e-01 2.704611328385450597e-01
-2.978436595103789442e-01 -7.864237133004035873e-02 1.728812723746234181e-01
-3.478944447331289713e-01 -3.056927752240361923e-02 1.660928228771755277e-01
-3.680835750551626484e-01 -1.191501587997137873e-01 3.437333504907016946e-01
-4.123636717162560417e-01 -1.267628846984771018e-01 3.246362229606342686e-01
-3.060050151174679156e-01 -3.533686001022735557e-01 2.159559407137588982e-01
-3.381884876663057704e-01 -3.850833549719724913e-01 1.802786653159043906e-01
-2.840928112314938248e-01 -1.680806089000247416e-01 3.307407139491837511e-01
-4.675513529150430170e-01 -2.743413472717115553e-01 2.799531299374635185e-01
-3.125082548153849116e-01 -3.450365922485707504e-01 2.873767934204102814e-01
-3.938509535410490425e-01 -3.357924757934260818e-01 2.566276702877913762e-01
-3.299022142435037441e-01 -2.608718651364639873e-01 3.553892215160950330e-01
-4.160839651146847062e-01 -2.390945769316882019e-01 3.432744203685025863e-01
-3.929555675094421607e-01 -3.931724609206752596e-01 4.425041542547005630e-02
-4.519999365963790483e-01 -4.741586640861951141e-01 1.644881710997879443e-01
-3.733598140426377388e-01 -4.343007327078063917e-01 -7.251274439600985389e-02
-3.482765462593299111e-01 -4.094777382017011913e-01 -1.726556691128159488e-02
-3.625494263663939232e-01 -4.436664560961910420e-01 1.367261053655937642e-01
-2.886823467555305056e-01 -4.668541780459244950e-01 3.633720474411114565e-02
-2.548498106227701232e-01 -4.454290901054747120e-01 -2.512610648386773837e-01
-2.701314557759847412e-01 -4.297327647239707615e-01 -3.069358266793190126e-01
-2.570483212879886015e-01 -3.484357430312442494e-01 -2.769511762294175616e-01
-3.759838548203870423e-01 -4.204774097175630332e-01 -1.188911635522387211e-01
-3.330940311147798094e-01 -3.538044606499606282e-01 -1.147049425689291718e-01
-2.548736415982117420e-01 -3.850801592082928049e-01 -1.650450249894609145e-01
-2.366531512977143037e-01 -3.683918956716826232e-01 -2.248677778083557621e-01
-2.364880004376139766e-01 -4.160074426230844780e-01 -2.179112506298389595e-01
-4.239330984284211401e-01 -4.729465767364536277e-01 -3.036506173087488714e-01
-4.010757360651648340e-01 -4.626191859008744744e-01 -3.448515061593501185e-01
-4.632056728343853513e-01 -4.684480024371653339e-01 -2.178540268783241418e-01
-4.574263989332780778e-01 -3.880770162196535145e-01 -1.661222380277320998e-01
-3.519574213847300181e-01 -3.201964024151299215e-01 -1.377621476381098997e-01
-3.626065813774027036e-01 -3.000570076203081249e-01 -2.140838844508021199e-01
-4.595535637895387659e-01 -4.602544264642271510e-01 -2.743307441820777570e-01
-4.501937530610599092e-01 -4.242511162390811830e-01 -2.877523353384272564e-01
-4.589933769104264649e-01 -3.419954576809867142e-01 -1.854151321508155092e-01
-4.397116237185223486e-01 -3.464181869555947313e-01 -2.189764898251226610e-01
-1.477780151265154496e-01 -4.646066146896520310e-01 4.032844648009995536e-01
-1.339028581717949806e-01 -4.659751347123609055e-01 4.291339154912263698e-01
-1.668829342185605968e-01 -4.194437418516395732e-01 3.765996379881829115e-01
-1.512511091832363652e-01 -3.945289709189956917e-01 4.026265537002145511e-01
-1.849440790251008770e-01 -3.485562541235081024e-01 4.362207051087887977e-01
-2.595405854474788776e-01 -3.289868924263220085e-01 4.295076429446938460e-01
-2.630664744156329116e-01 -3.997114481680832943e-01 3.782019293941848992e-01
-4.118345076117476133e-01 -4.833903985717075136e-01 4.800555874296303926e-01
-2.776001921690248730e-01 -4.186778332561813531e-01 3.467931477480780678e-01
-2.084360753224535900e-01 -2.500430740173364974e-01 5.398681024593161848e-02
-1.901399853996481037e-01 -1.746860828261421750e-01 3.768721394508318251e-02
-3.843327067919339868e-01 -1.377423220241220103e-01 9.023943394199275547e-02
-2.746542254155337481e-01 -2.724721303579895615e-01 1.238046789428185190e-01
-3.359685934731457269e-01 -2.801915040361618869e-01 5.972778126970001988e-02
-2.649595813990788806e-01 -2.804504739711469741e-01 -4.609732365382283176e-02
-2.462355522610695513e-01 -8.666720827230425805e-02 5.389297972920330249e-02
-2.677856635767125182e-01 -8.143763906165230049e-02 -8.580210249295405073e-03
-2.049348535045062980e-01 -1.116610276510693334e-01 6.212023409853044409e-02
-1.971301950486458177e-01 -1.047100755449714843e-01 1.315286993867413774e-02
-2.646584880761209124e-01 -1.041089357696433210e-01 -5.265600468875112489e-02
-2.329929900601168391e-01 -1.044663312181437209e-01 -2.182158838228489411e-02
-2.073691275648270604e-01 -1.416487189410036152e-01 -2.758967020306164059e-02
-1.928893513036224749e-01 -1.793335218937223419e-01 1.918777528308126396e-03
-2.332122908238584424e-01 -2.151311579101063409e-01 -7.965868398340542056e-02
-1.977219776996024247e-01 -1.446226055375699204e-01 -4.791131514925470875e-02
-2.095011089668672999e-01 -1.915266378732991825e-01 -5.843971286412196625e-02
-2.970760606100055767e-01 -1.038707920303548748e-01 1.243697800004902043e-01
-3.695253597304736237e-01 -1.107342758698492274e-01 9.894806622306648314e-02
-3.457493092375993893e-01 -1.785754253834013483e-01 -1.008139005009889427e-01
-3.410812534776754279e-01 -2.245662456746368996e-01 -8.469142086382185075e-02
-3.476899369173356846e-01 -2.572626776308608032e-01 -5.477775932258033970e-02
-3.139001461215225053e-01 -3.098220171982823401e-01 -3.118729629915100929e-02
-3.435511143537199885e-01 -2.836506931793150166e-01 1.572718780862268281e-02
-2.856497031131336461e-01 -1.385407824942893051e-01 -7.909789292460817078e-02
-2.784529754466567031e-01 -1.822350152984830163e-01 -9.235660394178796251e-02
-3.169557490976979697e-01 -1.548674381042471349e-01 -1.146719950988378811e-01
-3.071246295545971283e-01 -1.869544528378439818e-01 -1.158778855725084711e-01
4.495723186805156146e-01 -5.000000000000000000e-01 9.147526452465224583e-04
5.000000000000000000e-01 -3.743543216379507932e-01 -1.533192989094980252e-01
4.091527988784333103e-01 5.000000000000000000e-01 -1.809836081949611764e-01
4.495723186805156146e-01 5.000000000000000000e-01 9.147526452465085806e-04
5.000000000000000000e-01 4.467966014756935555e-01 -4.547062118607701764e-02
2.166763974921196156e-01 5.000000000000000000e-01 -5.649414166221179701e-02
2.375069492910002467e-01 5.000000000000000000e-01 7.597111970436412620e-02
4.299965009546470318e-01 5.000000000000000000e-01 5.363480311063541228e-02
5.000000000000000000e-01 1.033620442908550485e-01 -2.718222808012760172e-04
5.000000000000000000e-01 9.055385972154941787e-02 -2.327750590046503976e-02
5.000000000000000000e-01 -2.809372701595506117e-01 3.465361790758976213e-01
5.000000000000000000e-01 -2.847531456335762323e-01 2.658791788973051129e-01
5.000000000000000000e-01 -2.183933782483951369e-01 1.913439236049437053e-01
5.000000000000000000e-01 -1.191873015285749987e-01 1.609348022255061572e-01
5.000000000000000000e-01 -1.566036536267532142e-01 4.203602185017669690e-01
5.000000000000000000e-01 -5.051430624742885012e-02 2.076028891702045021e-01
5.000000000000000000e-01 -5.656752566233662349e-02 3.656003858660191730e-01
3.646306114267132137e-01 -3.601439337795357964e-01 5.000000000000000000e-01
4.470550675118091233e-01 -3.932003452428397550e-01 5.000000000000000000e-01
5.000000000000000000e-01 -3.858491355624715791e-01 4.890160928912521410e-01
-2.861654151820256509e-01 5.000000000000000000e-01 1.086044952496988125e-01
-2.538708791876271853e-01 5.000000000000000000e-01 1.204131202235380893e-01
-2.051817701565681051e-01 5.000000000000000000e-01 -6.267034357307717241e-02
-1.885866182917001477e-01 5.000000000000000000e-01 -2.622079684084376028e-02
-7.499041517603442439e-03 5.000000000000000000e-01 9.059141104870879757e-02
-2.511950463544052603e-01 5.000000000000000000e-01 1.293384257848393115e-01
5.000000000000000000e-01 4.284548109218920264e-01 1.096399046663861510e-01
5.000000000000000000e-01 3.059826444408289547e-01 1.506540484238000632e-01
-9.671585654032439916e-02 3.204575192906600756e-01 -5.000000000000000000e-01
-1.332478269702593865e-01 2.300626542502254845e-01 -5.000000000000000000e-01
-2.027123935535523891e-01 1.874698535303500335e-01 -5.000000000000000000e-01
-3.058446520896577758e-01 4.186761027239035426e-01 -5.000000000000000000e-01
-1.607980267848262146e-01 4.366184189948196237e-01 -5.000000000000000000e-01
-2.516889884976193370e-01 1.826426346553861602e-01 -5.000000000000000000e-01
-5.000000000000000000e-01 2.638155953414171861e-01 -4.665570855322623278e-01
-3.632026471803443957e-01 5.000000000000000000e-01 -4.585433460550766283e-01
-3.758962600341862470e-01 5.000000000000000000e-01 -4.470855822108954492e-01
-2.007962696518755807e-01 5.000000000000000000e-01 -3.995940643471898590e-01
5.000000000000000000e-01 -4.130546651195211028e-01 3.312893659020509779e-02
4.299965009546469763e-01 -5.000000000000000000e-01 5.363480311063538453e-02
-3.863122859105537765e-01 5.000000000000000000e-01 -1.590604451279354070e-01
-4.198094387545210915e-01 5.000000000000000000e-01 -1.994866461454823381e-01
-2.088350650364715344e-01 5.000000000000000000e-01 -2.393379594803989874e-01
-1.689726791963596653e-01 5.000000000000000000e-01 -1.980522367380210813e-01
-3.829534483832050529e-01 5.000000000000000000e-01 -9.241157643244700404e-02
-5.000000000000000000e-01 4.467966014756935000e-01 -4.547062118607703152e-02
-4.232933375356255912e-01 5.000000000000000000e-01 -2.962608167225849742e-01
-5.000000000000000000e-01 4.437021061345019501e-01 -3.455593774254686612e-01
7.959688198411796201e-02 5.000000000000000000e-01 1.318617400159966258e-01
-1.342328862677511642e-02 5.000000000000000000e-01 -5.039086637905600824e-02
7.855597473945591380e-02 5.000000000000000000e-01 -1.686328077939061310e-01
5.000000000000000000e-01 -1.029769860987710395e-01 -1.114758973285534666e-01
5.000000000000000000e-01 -1.796109316520208554e-01 -1.978565106319537803e-01
5.000000000000000000e-01 -1.824256729007419642e-01 -2.386054588242013108e-01
5.000000000000000000e-01 -4.381161698224898815e-02 -2.886160476470973624e-01
5.000000000000000000e-01 3.347966190683863141e-01 -2.545086074619127281e-01
5.000000000000000000e-01 1.982086455474358633e-01 -3.087224092854928825e-01
5.000000000000000000e-01 -1.561616148784265579e-01 -4.499400970464778604e-01
5.000000000000000000e-01 7.343404021667361559e-02 -4.493416670810813085e-01
4.603084011106716722e-01 9.576604587673388791e-02 -5.000000000000000000e-01
4.470550675118091233e-01 -3.932003452428397550e-01 -5.000000000000000000e-01
3.646306114267132137e-01 -3.601439337795357964e-01 -5.000000000000000000e-01
5.000000000000000000e-01 -2.613488146689031955e-01 4.422430894204339158e-02
5.000000000000000000e-01 -1.123309057561303059e-01 -8.265803422317166693e-02
5.000000000000000000e-01 -2.688234131588244646e-01 -1.330295468636331913e-01
5.000000000000000000e-01 -2.300758852346822536e-01 -1.867304308935904267e-01
5.000000000000000000e-01 -2.785611097420294668e-01 -1.623963120392844794e-01
5.000000000000000000e-01 -1.182695178702981714e-01 6.025284556048574047e-04
5.000000000000000000e-01 -2.544099637028435223e-01 1.404993671645094616e-02
-5.000000000000000000e-01 4.284548109218919709e-01 1.096399046663862342e-01
-2.902726226823500455e-01 5.000000000000000000e-01 1.243517553687719934e-01
5.000000000000000000e-01 -4.596928550486754084e-01 3.582849901059680930e-01
5.000000000000000000e-01 -3.330681381934051388e-01 -3.468400807733122981e-01
5.000000000000000000e-01 -3.147153385665849568e-01 -3.203266087192951916e-01
5.000000000000000000e-01 -1.117764641106084589e-01 2.888125635501634370e-02
5.000000000000000000e-01 -1.545206168811456005e-01 1.157115512616792713e-01
5.000000000000000000e-01 -1.866643556784466917e-01 -2.404174117981917880e-01
5.000000000000000000e-01 -2.637387434237258299e-01 -3.057420801969071844e-01
1.217598759914411133e-01 -2.695182363592813490e-01 5.000000000000000000e-01
3.745447810878445999e-02 -9.789556861446117864e-02 5.000000000000000000e-01
3.495341438975053949e-02 -1.018353372810353596e-01 5.000000000000000000e-01
3.522969408295412164e-02 -1.013401828375616182e-01 5.000000000000000000e-01
-5.000000000000000000e-01 3.059826444408288992e-01 1.506540484238000355e-01
3.022173773106358041e-01 -4.188436200625249572e-01 5.000000000000000000e-01
1.802712990112323721e-01 -5.000000000000000000e-01 4.274263772392954408e-01
-1.339513889151864867e-01 5.000000000000000000e-01 4.005835817791870701e-01
5.000000000000000000e-01 -2.918386093892861299e-01 -2.987824061952958909e-01
3.931968013232672310e-01 -5.000000000000000000e-01 -3.344421884137184220e-01
3.924290684848622535e-01 -5.000000000000000000e-01 -3.993418976529858333e-01
3.930800703275043606e-01 -5.000000000000000000e-01 -4.460547859869006260e-01
3.874124611347561364e-01 -5.000000000000000000e-01 -3.311543782138030578e-01
3.022173773106358041e-01 -4.188436200625249572e-01 -5.000000000000000000e-01
1.217598759914411133e-01 -2.695182363592813490e-01 -5.000000000000000000e-01
3.745447810878447387e-02 -9.789556861446115088e-02 -5.000000000000000000e-01
3.495341438975053949e-02 -1.018353372810353458e-01 -5.000000000000000000e-01
3.522969408295406613e-02 -1.013401828375617153e-01 -5.000000000000000000e-01
8.294441016240580722e-02 5.000000000000000000e-01 -3.021865895741775443e-01
-4.975594753322440389e-02 5.000000000000000000e-01 -3.520137164697701437e-01
-6.290885438455037781e-02 3.446905982366945120e-01 -5.000000000000000000e-01
-2.501555676943474360e-01 1.791822211299891054e-01 -5.000000000000000000e-01
1.572561635783600031e-01 5.000000000000000000e-01 -1.517311514377445991e-01
-5.000000000000000000e-01 3.347966190683862586e-01 -2.545086074619127281e-01
-3.851180474507805429e-01 5.000000000000000000e-01 4.479857948152319858e-01
-4.741587624955533875e-01 5.000000000000000000e-01 4.053920354739061760e-01
-4.717894982579470819e-01 5.000000000000000000e-01 4.274914284972592404e-01
1.649041931733328525e-01 -4.557019663276024035e-01 -5.000000000000000000e-01
8.700694448998042008e-02 -3.355180654144066521e-01 -5.000000000000000000e-01
5.000000000000000000e-01 6.845834611029261163e-02 4.041466197236771585e-01
4.603084011106716722e-01 9.576604587673388791e-02 5.000000000000000000e-01
4.589886636291964361e-01 1.799337894822210238e-01 5.000000000000000000e-01
-5.000000000000000000e-01 3.773681076366511289e-01 2.837264631595728392e-01
-5.000000000000000000e-01 1.033620442908550763e-01 -2.718222808013349978e-04
-5.000000000000000000e-01 9.055385972154941787e-02 -2.327750590046508486e-02
-5.000000000000000000e-01 2.921664627657263313e-01 1.861488355123135929e-01
1.649041931733328525e-01 -4.557019663276024035e-01 5.000000000000000000e-01
2.375069492910003022e-01 -5.000000000000000000e-01 7.597111970436419559e-02
2.166763974921196156e-01 -5.000000000000000000e-01 -5.649414166221188027e-02
1.572561635783600309e-01 -5.000000000000000000e-01 -1.517311514377444881e-01
-2.954946077390635528e-01 8.580900305692593100e-02 -5.000000000000000000e-01
-1.025081021591236208e-01 5.366407749313344133e-02 -5.000000000000000000e-01
-1.647245729423713612e-01 -3.242931438122316490e-02 -5.000000000000000000e-01
4.479495010110776804e-02 8.785800752748111619e-02 -5.000000000000000000e-01
-1.641222956200166228e-01 -4.202992902086185451e-02 -5.000000000000000000e-01
-1.485954067650263610e-01 -5.446870839569468992e-02 -5.000000000000000000e-01
7.174625083956914784e-02 -3.366864192549975376e-01 -5.000000000000000000e-01
1.886239741721835728e-01 3.074670209952696798e-01 -5.000000000000000000e-01
3.874124611347560254e-01 5.000000000000000000e-01 -3.311543782138028913e-01
3.924290684848623090e-01 5.000000000000000000e-01 -3.993418976529876097e-01
3.024223853403167905e-01 4.481611638821316745e-01 -5.000000000000000000e-01
1.601663862909153413e-01 3.724582513963290431e-01 -5.000000000000000000e-01
4.330205246348461379e-01 3.736886570619611936e-01 -5.000000000000000000e-01
3.931968013232672310e-01 5.000000000000000000e-01 -3.344421884137183110e-01
4.335545258606471331e-01 4.183345820675934412e-01 -5.000000000000000000e-01
1.434735776142998798e-01 1.203548040956016751e-01 -5.000000000000000000e-01
4.589886636291964361e-01 1.799337894822209960e-01 -5.000000000000000000e-01
5.000000000000000000e-01 2.638155953414171861e-01 -4.665570855322622723e-01
5.000000000000000000e-01 4.437021061345018946e-01 -3.455593774254686057e-01
3.930800703275044161e-01 5.000000000000000000e-01 -4.460547859869005705e-01
1.522789321334714341e-01 3.798913753733031418e-01 -5.000000000000000000e-01
4.266949351618102293e-01 5.000000000000000000e-01 -3.176209813430680984e-01
4.680204105856717312e-01 4.670648925834620657e-01 -5.000000000000000000e-01
-5.000000000000000000e-01 1.982086455474358355e-01 -3.087224092854928270e-01
-4.063862595248792231e-01 1.498533509258022714e-02 -5.000000000000000000e-01
-5.000000000000000000e-01 7.343404021667362946e-02 -4.493416670810813640e-01
-3.058446520896577758e-01 4.186761027239035426e-01 5.000000000000000000e-01
-1.287566911394164293e-01 4.675104782840723838e-01 5.000000000000000000e-01
-1.607980267848262146e-01 4.366184189948196237e-01 5.000000000000000000e-01
5.000000000000000000e-01 3.773681076366511844e-01 2.837264631595728392e-01
5.000000000000000000e-01 2.921664627657263869e-01 1.861488355123135652e-01
4.335545258606471331e-01 4.183345820675934967e-01 5.000000000000000000e-01
4.330205246348461379e-01 3.736886570619611936e-01 5.000000000000000000e-01
-1.094652838892679753e-01 -4.917386145386458685e-01 -5.000000000000000000e-01
-1.087019116772760252e-01 -5.000000000000000000e-01 -4.855184502918999945e-01
-1.485954067650263333e-01 -5.446870839569473155e-02 5.000000000000000000e-01
-9.671585654032439916e-02 3.204575192906600756e-01 5.000000000000000000e-01
-2.516889884976193370e-01 1.826426346553861602e-01 5.000000000000000000e-01
-2.027123935535524446e-01 1.874698535303500335e-01 5.000000000000000000e-01
-1.332478269702593865e-01 2.300626542502254845e-01 5.000000000000000000e-01
1.886239741721835728e-01 3.074670209952696798e-01 5.000000000000000000e-01
1.434735776142998520e-01 1.203548040956017168e-01 5.000000000000000000e-01
-5.000000000000000000e-01 -2.918386093892861854e-01 -2.987824061952959465e-01
-5.000000000000000000e-01 -2.637387434237258299e-01 -3.057420801969071844e-01
-5.000000000000000000e-01 -3.147153385665844016e-01 -3.203266087192947476e-01
-5.000000000000000000e-01 -3.330681381934050278e-01 -3.468400807733127422e-01
-5.000000000000000000e-01 -4.381161698224899509e-02 -2.886160476470973069e-01
-5.000000000000000000e-01 -1.029769860987710395e-01 -1.114758973285534527e-01
-5.000000000000000000e-01 -1.796109316520209109e-01 -1.978565106319538636e-01
-5.000000000000000000e-01 -1.824256729007419642e-01 -2.386054588242013386e-01
-3.632026471803443401e-01 -5.000000000000000000e-01 -4.585433460550766283e-01
-3.758962600341863025e-01 -5.000000000000000000e-01 -4.470855822108953936e-01
-3.897816957753161282e-01 -4.795604966170139427e-01 -5.000000000000000000e-01
7.855597473945605258e-02 -5.000000000000000000e-01 -1.686328077939061865e-01
-1.342328862677510774e-02 -5.000000000000000000e-01 -5.039086637905597355e-02
-2.051817701565681329e-01 -5.000000000000000000e-01 -6.267034357307711689e-02
-1.885866182917002032e-01 -5.000000000000000000e-01 -2.622079684084379497e-02
7.959688198411793425e-02 -5.000000000000000000e-01 1.318617400159965980e-01
-7.499041517603461521e-03 -5.000000000000000000e-01 9.059141104870881145e-02
-5.000000000000000000e-01 -2.785611097420294113e-01 -1.623963120392845072e-01
-5.000000000000000000e-01 -2.300758852346819761e-01 -1.867304308935905655e-01
-5.000000000000000000e-01 -1.866643556784464697e-01 -2.404174117981917047e-01
-2.357488669184053531e-01 -1.413746004218843222e-01 5.000000000000000000e-01
-1.641222956200165950e-01 -4.202992902086186144e-02 5.000000000000000000e-01
-4.063862595248791676e-01 1.498533509258025490e-02 5.000000000000000000e-01
-2.954946077390635528e-01 8.580900305692594487e-02 5.000000000000000000e-01
-1.647245729423713612e-01 -3.242931438122314408e-02 5.000000000000000000e-01
-1.025081021591236347e-01 5.366407749313345521e-02 5.000000000000000000e-01
4.479495010110787212e-02 8.785800752748115783e-02 5.000000000000000000e-01
-2.501555676943474360e-01 1.791822211299891054e-01 5.000000000000000000e-01
-5.000000000000000000e-01 6.845834611029259775e-02 4.041466197236771585e-01
-6.290885438455040557e-02 3.446905982366945120e-01 5.000000000000000000e-01
1.802712990112323721e-01 5.000000000000000000e-01 4.274263772392954408e-01
3.024223853403167350e-01 4.481611638821316190e-01 5.000000000000000000e-01
1.601663862909154801e-01 3.724582513963290431e-01 5.000000000000000000e-01
1.522789321334714896e-01 3.798913753733031418e-01 5.000000000000000000e-01
8.294441016240583497e-02 -5.000000000000000000e-01 -3.021865895741775998e-01
-1.063169711979774085e-01 -2.560235924289440690e-01 5.000000000000000000e-01
8.700694448998042008e-02 -3.355180654144066521e-01 5.000000000000000000e-01
7.174625083956923111e-02 -3.366864192549974821e-01 5.000000000000000000e-01
-1.790346758829872709e-01 -3.574553435412565761e-01 -5.000000000000000000e-01
-3.122305260161941654e-01 -3.477614148068479127e-01 -5.000000000000000000e-01
-3.894186294136557369e-01 -4.655724924060288816e-01 -5.000000000000000000e-01
-2.007962696518756363e-01 -5.000000000000000000e-01 -3.995940643471898590e-01
-1.063169711979774640e-01 -2.560235924289441245e-01 -5.000000000000000000e-01
-1.689726791963597208e-01 -5.000000000000000000e-01 -1.980522367380211646e-01
-4.975594753322450103e-02 -5.000000000000000000e-01 -3.520137164697701437e-01
-2.088350650364716732e-01 -5.000000000000000000e-01 -2.393379594803990429e-01
-4.086460828268989598e-01 -2.759064689015138794e-01 -5.000000000000000000e-01
-4.786782763907898586e-01 -1.563475982635918471e-01 -5.000000000000000000e-01
-3.565565709297716657e-01 -2.850543404684289239e-01 -5.000000000000000000e-01
-5.000000000000000000e-01 -1.561616148784265301e-01 -4.499400970464779159e-01
-2.357488669184053531e-01 -1.413746004218842944e-01 -5.000000000000000000e-01
-2.538708791876272408e-01 -5.000000000000000000e-01 1.204131202235382281e-01
-2.511950463544053158e-01 -5.000000000000000000e-01 1.293384257848392838e-01
-5.000000000000000000e-01 -2.544099637028435223e-01 1.404993671645093922e-02
-5.000000000000000000e-01 -1.182695178702981714e-01 6.025284556048643436e-04
-5.000000000000000000e-01 -1.123309057561303059e-01 -8.265803422317169469e-02
-5.000000000000000000e-01 -2.688234131588244646e-01 -1.330295468636331913e-01
-5.000000000000000000e-01 -1.117764641106084589e-01 2.888125635501634023e-02
-5.000000000000000000e-01 -1.566036536267532142e-01 4.203602185017670245e-01
-4.086460828268990153e-01 -2.759064689015139349e-01 5.000000000000000000e-01
-4.786782763907898031e-01 -1.563475982635918748e-01 5.000000000000000000e-01
-5.000000000000000000e-01 -2.809372701595506117e-01 3.465361790758975657e-01
-5.000000000000000000e-01 -2.847531456335762323e-01 2.658791788973051684e-01
-5.000000000000000000e-01 -5.656752566233663043e-02 3.656003858660191730e-01
-4.717894982579470819e-01 -5.000000000000000000e-01 4.274914284972592404e-01
-4.904693941666943280e-01 -5.000000000000000000e-01 4.642016298613532710e-01
-5.000000000000000000e-01 -5.051430624742883624e-02 2.076028891702045298e-01
-5.000000000000000000e-01 -1.545206168811456005e-01 1.157115512616792019e-01
-5.000000000000000000e-01 -1.191873015285750959e-01 1.609348022255061017e-01
-5.000000000000000000e-01 -2.183933782483950536e-01 1.913439236049436498e-01
-3.565565709297716657e-01 -2.850543404684289239e-01 5.000000000000000000e-01
-3.829534483832050529e-01 -5.000000000000000000e-01 -9.241157643244701791e-02
-5.000000000000000000e-01 -4.130546651195211583e-01 3.312893659020509085e-02
-2.861654151820255954e-01 -5.000000000000000000e-01 1.086044952496987431e-01
-2.902726226823499900e-01 -5.000000000000000000e-01 1.243517553687719240e-01
-5.000000000000000000e-01 -2.613488146689031955e-01 4.422430894204339158e-02
-3.863122859105537210e-01 -5.000000000000000000e-01 -1.590604451279354070e-01
-4.198094387545211470e-01 -5.000000000000000000e-01 -1.994866461454823936e-01
-4.232933375356255912e-01 -5.000000000000000000e-01 -2.962608167225849742e-01
-5.000000000000000000e-01 -4.710183838354466412e-01 -2.109671723265393872e-01
-5.000000000000000000e-01 -3.743543216379507377e-01 -1.533192989094980252e-01
-1.790346758829873264e-01 -3.574553435412566316e-01 5.000000000000000000e-01
-1.094652838892680169e-01 -4.917386145386458129e-01 5.000000000000000000e-01
-1.339513889151865422e-01 -5.000000000000000000e-01 4.005835817791870701e-01
-3.122305260161941654e-01 -3.477614148068478572e-01 5.000000000000000000e-01
-3.851180474507805429e-01 -5.000000000000000000e-01 4.479857948152320413e-01
-3.894186294136557369e-01 -4.655724924060289371e-01 5.000000000000000000e-01
-3.897816957753161282e-01 -4.795604966170139982e-01 5.000000000000000000e-01
