-2.471460158730382495e-01 -3.542531431977816864e-02 -3.114577640698891203e-01
4.377843931026895175e-01 1.280517484062023703e-01 -2.140513845905528401e-02
-2.460684479675155079e-01 3.382113202717393352e-02 -3.081976693983832782e-01
-3.142743098742337149e-01 -7.826987359047522796e-02 -3.142466021783429375e-01
-1.920416081570275602e-01 -6.881237977715526366e-02 -2.962518903415773952e-01
7.693580920318264516e-02 1.329416839571408160e-01 2.840067059122910464e-01
1.851666121097300666e-02 1.535644405027472015e-01 2.741356562960849952e-01
9.320349340931799453e-02 3.103826526285986820e-02 2.696758196357600945e-01
4.172877868204474261e-01 1.422572755295858637e-01 1.897634592520499458e-02
-8.939436380683145333e-02 -3.247881020226838222e-01 2.830237324427858914e-01
-9.903252928617072015e-02 3.026526873968342635e-01 -4.441831237516258857e-01
-8.224971533334035634e-02 2.173943404613148112e-01 -4.468640877512496390e-01
-1.732270176216098023e-01 2.325155049250570705e-01 -4.261326161142521274e-01
-1.334351922836164439e-01 2.570099143278359866e-01 -4.592543153285815194e-01
-1.200820083749444267e-01 1.874315423688587556e-01 -4.334343602093284620e-01
-1.071035312266035155e-01 2.195788775737671505e-01 -4.480456708750852335e-01
-9.907130832418636901e-02 -1.702744698202849488e-02 -1.391516373555145569e-01
-1.109402064688048278e-01 -1.584848288512625408e-02 -1.876562063872697916e-01
-1.554028724802888062e-01 -6.412138074825335377e-02 -2.280839783110244490e-01
-1.242805000446125102e-01 -3.903486505390855316e-02 -2.044563326148190197e-01
1.056519161019014719e-01 -1.201518655976524380e-01 1.212987078443124173e-01
7.054804434310275874e-02 -9.005074319984743281e-02 1.570838275711002041e-01
8.799487068397378320e-02 1.320930679968406775e-02 2.495532434305109126e-01
7.843636570865729352e-02 1.090879314201884248e-01 2.679480183316091946e-01
4.592426691692592239e-02 1.230443914161365865e-01 2.701650443671171353e-01
8.309844818062060712e-02 6.615213303603406647e-02 2.705964305972476946e-01
-9.673804150737430607e-02 1.569087858118644596e-01 -4.024505743967667359e-01
-2.961059791359159019e-02 1.426196813644445005e-01 -3.887083503548190433e-01
-1.920190145721390740e-01 3.673132590608564618e-02 -3.268137963226619425e-01
-1.744759957024405728e-01 -3.565046342850620303e-02 -3.110693181399358798e-01
-2.087728402843689324e-01 6.001006084708959687e-02 -4.433815430992252282e-01
-1.416659023640741422e-01 1.063730865121145508e-01 -4.495314632443888070e-01
-1.365404497374699266e-01 9.354732657110827188e-02 -4.638858757772090224e-01
-1.736081332686456313e-01 8.464479845593070317e-02 -4.663373300970503066e-01
3.991024807890759529e-01 -3.902667112364514163e-02 2.072209203028944555e-02
-2.038305551560768425e-01 -1.182018284832336841e-01 -3.424718213717400928e-01
-2.905168786186218544e-01 -1.277433039573390161e-01 -3.201648774974085732e-01
-3.216852981907580844e-01 6.971688424548222462e-02 -3.721448771306740122e-01
-3.668668915389005636e-01 -4.888995780906938218e-03 -3.570042994464918684e-01
-3.477568286457911606e-01 -1.411521194854908033e-02 -3.954738919642863393e-01
-3.196451734315043369e-01 2.445348536709626014e-02 -4.442239752448742807e-01
-2.949927191064261600e-01 7.777113855595033098e-02 -4.545278648586577597e-01
-2.988349828380609807e-01 1.125036846004952990e-01 -4.700479694387780238e-01
-2.866438185245394621e-01 -1.565376907212680524e-01 -2.799615809977600844e-01
-3.254275166923105145e-01 -1.140746504351392160e-01 -2.403746307462119591e-01
-2.391512920509366313e-01 -2.203899376113707120e-01 -2.563277249734359220e-01
1.245464435720880364e-01 1.612538468540684333e-01 2.655442460041711472e-01
1.739176028839522770e-01 1.876032147592786581e-01 4.609754141819962792e-01
-1.870044131927436903e-01 -2.244995793501985970e-03 2.671336130938607445e-01
-1.244495053822804037e-01 -2.521974185750405772e-01 6.760515585781952386e-02
-3.951193630788717992e-01 -4.603606773888409553e-01 -1.026178777091473898e-01
4.688144441840793597e-01 3.622484190567776263e-01 -1.816661643994070818e-01
4.985252546803971979e-02 1.089561257887596418e-01 -1.789787873295362736e-02
-7.159706427154069464e-02 -2.818311862069584894e-02 -1.352155441970719629e-01
-4.542560649923109428e-02 -6.646820815995777010e-02 -1.368733682843502331e-01
-5.524813123228340672e-02 9.303798036970827023e-02 -9.469473165625334754e-02
-8.357779805593867906e-02 1.711716438712858682e-02 -1.512197608789452308e-01
-1.241668121954289834e-02 -2.116323649237694948e-01 6.053256830777622999e-02
6.571005925023620797e-02 -1.074999061951098928e-01 6.034840534158611436e-02
5.669586076474007752e-02 -5.625979137990897577e-02 5.765606237493912066e-03
-1.076223512335783700e-01 -5.480215612004050996e-02 -2.631400904038528332e-01
-1.047829690687127474e-01 4.072564472107320990e-03 -2.741029199868248445e-01
-1.216858894113247713e-01 -2.496996096221922035e-02 -2.886181443344505992e-01
-1.069110877959964234e-01 -5.741679248471984187e-02 -2.136162358396868910e-01
4.011619447209128220e-01 3.826320838147991357e-03 7.484055879911050146e-02
4.335807789727992301e-01 -3.769049686533000598e-02 9.821666171073283047e-02
8.623881108917122451e-02 -2.175788953870609332e-01 -9.860139876403245518e-02
3.884944637502291132e-02 -1.882700596567117579e-01 -1.555964116755849946e-01
4.846027022323192573e-02 -1.665945374847512539e-01 -2.492873817000948455e-01
2.211599344772137432e-02 -1.544195510172253483e-01 -2.135921942309016441e-01
1.068261268904969613e-01 -1.782242084675571270e-01 1.129441593353170264e-01
8.413252851221037637e-03 -4.339276588250548516e-01 1.266516409350018357e-01
-5.696867820304847563e-02 -2.457574526788628977e-01 1.235220860699813156e-01
1.316151219350782109e-04 -2.445544339371877596e-01 8.465595433933090219e-02
-6.698547332878770910e-02 -2.934863693130000395e-01 2.905821976493347947e-01
1.628769523637284000e-01 -2.089797411613848466e-01 1.365928546193786730e-01
3.884035670808819729e-01 -1.090826048301183349e-01 1.486330687353361324e-01
3.328259513981493001e-01 -1.911698264698514227e-01 1.149260951907864758e-01
2.639954767681795267e-01 -1.627733468795922733e-01 1.371835755977882931e-01
2.275878420774112842e-01 -2.249405592589493741e-01 1.722159304634381660e-01
1.573514075932015699e-03 -4.625263547296035171e-01 1.201172472129979768e-01
2.650413297249591682e-02 -4.460042969770421917e-01 1.208052791796295211e-01
-1.541293865171044497e-01 -1.781550273841255305e-01 -3.036724060720649709e-01
-1.621747131619744597e-01 -1.075146736985280321e-01 -2.503263181761438694e-01
-1.154094165727271304e-01 -9.306563311909663017e-02 -2.416485616175492179e-01
-1.871732625501941472e-02 -1.703637306581598510e-01 -2.769790575679424438e-01
-5.800501001915243926e-02 -1.661500952869350012e-01 -2.767673424217305667e-01
-6.005411996279962777e-02 -9.248216633716477286e-02 -2.042456699011272747e-01
-5.272917264098644918e-02 -1.061412674202162482e-01 -1.783014900638005273e-01
5.750105233361871640e-03 -1.323489812141550870e-01 -2.262000555641605071e-01
4.941231908886691525e-03 -1.090000837979240578e-01 -1.958254481071873276e-01
4.578528384941648599e-01 -3.922418689025896632e-01 4.791392431230941384e-01
4.854249754082159418e-01 -3.764920794673590754e-01 4.750946678692611891e-01
4.509657886352294587e-01 -3.666458133916101203e-01 4.705975152460434852e-01
4.856965687804508103e-01 -3.589880893404874262e-01 4.867862295538760709e-01
4.641712340773967438e-01 -2.281368833946765817e-01 3.510948210158951754e-01
2.216920984207070011e-02 -3.443290061649207923e-01 4.167426450673315519e-01
5.596875564353578913e-02 -3.224071275991154395e-01 4.379502022957419416e-01
7.015539557969484308e-02 -2.903381710003936078e-01 3.341470013541004147e-01
3.007742039178947224e-01 -5.679783203989339363e-02 3.233276669779451828e-01
3.428202767398717543e-01 4.917974986408061439e-04 3.574604459754776586e-01
4.420649704167373684e-01 -1.164459702015282622e-01 4.175080528492531307e-01
4.207947330153216647e-01 -1.782166145933255785e-01 3.745147290135264484e-01
3.286087404515394272e-01 -1.184122807832929253e-01 2.994276066611518683e-01
4.019577222073985601e-01 -4.884435511912981615e-02 3.573458844691288494e-01
3.820532768430375814e-01 -1.160737802561154219e-01 3.091099155179430347e-01
-4.385215249518474301e-01 4.730910473908263303e-02 -2.759566432673842828e-01
-4.933788806169403518e-01 3.425349741039865337e-02 -2.796154735194729124e-01
-3.006576599940806727e-01 -2.889636327877652677e-01 -2.038328222370021925e-01
-2.937126993755730942e-01 -2.948908445351285934e-01 -2.489793112715065204e-01
-2.615049207042650092e-01 -3.760911899046560092e-01 -2.276145579449934953e-01
-2.559828303325679122e-01 -3.323657084142832563e-01 -2.747309766430775513e-01
-4.244363124888960725e-01 -4.268606071160988003e-01 -1.636397730096940673e-01
-4.636006995818831022e-01 -4.433113351794800150e-01 -2.145128726571098043e-01
-1.863524283393092340e-01 -5.305884065506431130e-02 -1.809844655890631981e-01
-2.479847279975376795e-01 -2.231771163603316760e-02 -1.928776351849763593e-01
-1.093171372096053973e-01 7.660611726422306145e-02 1.301827247508678398e-01
-1.118231719962638204e-01 8.881544649467357222e-02 7.688856084021598869e-02
-2.079692841006879622e-01 6.452753154846301020e-02 2.649232156595616172e-01
-2.067489085086844092e-01 -1.659005122577636264e-03 2.983970260343725700e-01
3.561186774419083378e-01 4.549998446780794681e-01 5.006883155351714992e-02
4.628694930516494277e-01 -4.433659291294407279e-01 4.513463160849449096e-01
-3.016347877326654991e-01 -1.410968824419199241e-01 3.340548440281068121e-01
-4.588473641710306278e-02 -4.032183444995874333e-01 -7.661858865740568680e-02
-1.385956355076272961e-01 -3.510475664249129713e-01 6.278894518617550435e-02
-3.490060232263585138e-02 -4.446742738484970037e-01 1.175573769880389752e-01
-5.439529419353773126e-02 -4.663309461281087698e-01 1.191540407208820790e-01
-1.225088783180826729e-01 -4.694984912720411296e-01 1.295067988636167955e-01
-1.920297644112904101e-01 -4.759846120721316631e-01 7.276196072300393503e-02
-1.278164680329506309e-01 -4.294549263123335625e-01 2.536335773767752766e-01
-1.623067434830374467e-01 -4.132885276255612861e-01 1.167439472139476658e-01
-2.085956071139491441e-01 -4.547274525397871914e-01 9.400580185589110793e-02
-3.406871695715397719e-01 -4.733709897402125777e-01 -1.212255236560229460e-01
-3.217481779401190067e-01 -4.558199164268219583e-01 -1.754338062703235668e-01
-2.952432587298810529e-01 -4.373282980331653080e-01 -1.892008902258788816e-01
-3.027602161384043700e-01 -4.830398076377918626e-01 -1.966841832341282292e-01
-2.261015980385764901e-01 -4.457509616583063550e-01 -3.391455245577654209e-02
-2.261217136900842417e-01 -4.032096860545428818e-01 -1.746461804147701469e-01
-2.047083711485829238e-01 -4.904208333199430170e-01 6.366789385220408826e-03
-9.843776797692066483e-02 -4.564073741084111457e-01 -1.051795358772469602e-01
-1.453454278635564478e-01 -4.272660938515317475e-01 -1.980573678017343575e-01
-1.206967315927108819e-01 -4.129145310374141564e-01 -1.388830702653215121e-01
-2.169288230226442959e-01 -3.824959708326239882e-01 -1.216457391506536034e-01
-1.881945941660194133e-01 -3.882550293540362185e-01 -1.053947344882644743e-01
-4.868405056806898168e-01 -4.823179909401334453e-01 4.836478269212583087e-02
2.798065237526005111e-01 -2.961479435595899545e-01 -8.994868569252659207e-02
-2.210133160930026763e-01 -2.392513533504623258e-01 1.248954570139672315e-01
-1.702884530360896931e-01 -7.694640462065507891e-02 2.157863090343179191e-01
-1.672219584139846837e-01 -1.352482881867189402e-01 2.274094784547994463e-01
-2.053424039329574402e-01 -1.523500567071806311e-01 2.157015395037333305e-01
-2.575745021163675652e-01 -9.641988543593855987e-02 2.275549440947547686e-01
-1.548201447180654611e-01 -2.288541607807912381e-01 1.348209181642028576e-01
-1.959101535589408694e-01 -2.502754897622340713e-01 1.318765762112198703e-01
-1.128861668270540186e-01 4.007875806799017504e-02 1.066247212379606846e-01
-2.113265876757138007e-01 -2.289458813139957569e-02 2.321456376667642152e-01
-1.406120985037263849e-01 5.463712427193783555e-02 1.358264890848466799e-01
-2.188924303333611987e-01 4.092426828339464084e-02 2.041977450386313897e-01
-2.305058179370612081e-01 -2.274611810878170159e-01 1.031439149112880205e-01
-1.410941733882238036e-01 -2.293951807830385548e-01 5.862218768593467633e-02
-1.510437652439137191e-01 -2.261459894874565946e-01 8.195491334900924241e-02
-1.574192038025576668e-01 -2.193305100074181557e-01 8.629764457606663164e-02
-1.825910752780106894e-01 -2.388920073086159002e-01 9.862803443988352181e-02
-1.227683260800184611e-01 3.087294707699815566e-02 -1.866080176249280270e-02
-9.823879721860359626e-02 4.223732036810036450e-02 4.845974718851565194e-02
-7.860174593319532721e-02 4.327135617767302600e-02 -3.841758719049916115e-02
-6.024431863709332063e-02 4.383097670002333163e-02 1.748854664261099978e-02
-7.541660784662027051e-02 -3.098163276121897181e-02 -8.722420011592356415e-02
-4.858628851657151304e-02 -8.001499782400467442e-02 -1.053146634186899466e-01
-3.300659144904143083e-02 -2.417147391703893256e-01 -1.657382637929795399e-02
-6.921608640060843143e-02 -3.753679184718823891e-01 -8.096923152493233633e-02
-9.138577909035368319e-02 -3.748444003451469886e-01 -1.257260464457992943e-01
-1.200468857836816533e-01 -3.280244344359483089e-01 -4.225624424822525815e-02
-1.384038610072354514e-01 -3.431438219808746748e-01 -8.714264456819827143e-02
2.067828977576422478e-01 7.633586712204928904e-02 -3.580447620868326131e-01
2.093114295643953501e-02 1.198564212893246383e-01 -4.024759668875806939e-01
-2.390175210209913303e-03 1.357165270675187163e-01 -3.634231540290201457e-01
1.222661632431012863e-01 1.634841794167234963e-01 -4.429485244989367354e-01
1.108173338774350453e-01 1.100705131976565110e-01 -4.496848848799446796e-01
3.131964473578191521e-01 1.240154272777995587e-01 7.625186941766233517e-02
3.690569514383759131e-01 2.388771373493638744e-02 7.345695230492303718e-02
3.773005913584946969e-01 1.123455150656227641e-01 6.676228822095940652e-02
4.005518434179371479e-01 7.630354033917174927e-02 1.070303523842482812e-01
3.816514713943832127e-01 1.181847630816616618e-01 1.378788323239985847e-01
2.058093254679805584e-01 1.661125966230330708e-01 2.542650301209630204e-01
2.723184500358711846e-01 5.486833136559747005e-03 2.585502630994575002e-01
2.643949586275299302e-01 -1.286371559698467615e-01 1.378513116831354135e-01
2.990774969781628823e-01 -1.065611116703146788e-01 1.992782715003138805e-01
3.136954538869282105e-01 -1.181990142164195401e-01 1.644637827888934534e-01
1.159210552489753770e-01 8.663323675360962151e-02 2.531919652913685592e-01
1.171588532825926232e-01 2.976857529730862068e-02 2.473580144946053716e-01
1.293392688482012109e-01 -1.334564633298268022e-01 1.171862806676157720e-01
1.591814022457027356e-01 -1.517372137131807741e-01 1.218660012620414318e-01
1.658294424735528849e-01 -1.365290399083976536e-01 8.899838460109528449e-02
2.208508852099252961e-01 -1.447299659969843999e-01 1.264677456170325565e-01
7.104147395643399532e-02 1.091772987195115119e-01 -7.052752699509863554e-02
8.945564198261242439e-02 6.970752479603589680e-02 -3.217099968307592095e-02
7.652852353041469935e-02 -5.310788077665164544e-03 -4.210019961084460194e-02
1.288078763088360001e-01 3.722730037203957759e-02 -1.486563171503790109e-03
8.890629220309753666e-02 -5.007223671303194512e-02 -4.263818994130699584e-03
1.583269912288894909e-01 -1.518409314132229126e-01 2.115140834209353060e-02
1.476838050812646075e-01 -2.138184789552608767e-01 -9.396116933399667470e-02
1.609090732155848136e-01 -2.259394197974809726e-01 -5.826733827364063284e-02
1.103398289045800368e-01 -1.652688567971319911e-01 -6.157182894691353575e-02
2.697144298468731605e-01 -2.425278073556780822e-01 -1.100808525441432512e-01
1.136355304782435960e-01 -9.072422864629203776e-02 2.836437473948682370e-02
1.010353137837823878e-01 -7.792559227049285220e-02 1.606380944026034041e-02
1.044995407248016372e-01 -1.419864018428938779e-01 -8.250469530083427705e-02
1.005728842554345359e-01 -7.349851282814406916e-02 -1.203422280050238727e-02
1.198567105491424173e-01 -8.958532424268890459e-02 -1.264664120670523639e-01
1.142465320112984600e-01 -9.290818924874895413e-02 6.354334883232375109e-02
1.471530676644500213e-01 -1.194940402100380106e-01 5.347778001068854287e-02
4.346574576444814375e-01 -4.654916882774996489e-01 3.944748528694930201e-01
4.299467469714922663e-01 -1.259453401011591256e-01 1.684878015786054339e-01
4.287655312557938636e-01 -1.299404837876486918e-01 2.379119300908109913e-01
4.609582657986693865e-01 -8.981465052830597817e-02 1.068990743193351106e-01
8.201644024375732978e-02 -3.549792884826615258e-01 7.096863830744848389e-02
2.162881996494825376e-02 -4.061876450202470124e-01 -6.516618461781077676e-02
1.406220749663375513e-02 -3.126275564834453125e-01 -4.392875962766663173e-02
-3.389128878144003626e-03 -3.733171900375354957e-01 -8.156754953245212714e-02
1.597125795987032748e-01 -2.808157801999914827e-01 -6.602645835657738882e-02
1.788942429006336043e-01 -3.383868538860535513e-01 2.270510454466320716e-02
1.981888799346403218e-01 -3.051838043647449039e-01 -5.609152189893214929e-02
8.579520635956032482e-02 -2.542477385627273656e-01 -1.084471699928087757e-01
6.139138636388050477e-03 -2.497999750046538403e-01 -7.359265374727479159e-02
-6.687744430912111182e-02 -4.594151321818128464e-01 -2.735768133900662868e-01
-1.054649357360394196e-01 -4.679619766442278950e-01 -2.166549823093605331e-01
-1.979063152114280133e-01 -2.418600900670294651e-01 -2.722429086617825233e-01
-1.567290177255962202e-01 -2.246778994272247143e-01 -2.567140952076841232e-01
-1.626538350548414336e-01 -2.164031851511606930e-01 -2.955829419817930792e-01
-1.204083258241212817e-01 -2.372038470292823220e-01 -2.576523312936873089e-01
-5.970222548737893348e-02 -1.962495453701434411e-01 -2.821575713661783613e-01
-6.870915206822909849e-02 -1.807205898011444434e-01 -3.328992848262221638e-01
-1.433976048720216889e-01 -1.935369540825591927e-01 -3.367382987263690119e-01
-2.043635900640282388e-01 -3.185291026253676550e-01 -2.941526825676641366e-01
-4.925117457031558815e-02 -1.799265123973843583e-02 4.567077007161787772e-01
-4.660666169796313929e-02 5.586533810797721100e-02 3.956208501686140910e-01
4.824941508655566924e-02 5.701541789880820027e-02 3.538308055468932234e-01
-9.747182852079855353e-02 -1.421578221258157637e-01 4.066051389602050592e-01
-1.232773602660791751e-01 -7.518796916388509333e-02 4.255919876453508333e-01
-1.151844498493764385e-01 -8.883518382098198884e-02 3.582730094601839221e-01
-7.801467884788469698e-02 -1.192853987683487466e-01 2.525921707540730310e-01
-1.129420805767110125e-01 -1.195595617552549367e-01 2.430871656937745040e-01
-9.220812362472327606e-02 -1.219302649979992215e-01 3.294378427637089102e-01
-8.006140332399219739e-02 -1.497892470702611445e-01 3.440545637984377403e-01
-1.234761358559424843e-01 -1.423620883211689503e-01 2.439709938248349752e-01
-1.038024367449788404e-01 -1.726681223333388637e-01 3.220731926263194489e-01
5.708010309696062018e-02 -8.973963705665348456e-02 2.088733949820689162e-01
5.881231363644596338e-02 -1.595566844088033565e-01 1.878481418558672067e-01
-8.634456762648264061e-02 -2.214313819785130033e-01 1.923306636222048005e-01
-2.793485821643735406e-02 -2.088743921461355679e-01 1.858545917546430559e-01
-6.636728220203629014e-02 -2.665517389682508509e-01 2.484670499323320125e-01
-4.933048602161328039e-02 -2.951875880010933484e-01 2.932025183590665218e-01
1.138330248171997780e-02 -2.876461696682327540e-01 3.243242213892603143e-01
-3.722648871082144539e-02 -2.983654417831073102e-01 3.179774746918915818e-01
-2.889500693428382477e-02 -3.009819968647836630e-01 3.450308063087084709e-01
-6.304214292896238858e-02 -2.844405837985890528e-01 3.400825212310386592e-01
2.084152354565133314e-01 -9.775472614897352808e-02 4.674768284025522247e-01
8.611525258652429071e-02 2.341183484559675523e-02 4.707090958690711147e-01
1.378257564629975229e-01 1.200163825616974295e-01 4.773161985975718502e-01
2.880778955273938791e-01 3.055347435499142575e-02 4.741865004748230250e-01
3.093626756549139878e-01 -2.338395979047067086e-02 4.364411226080376904e-01
-4.586032488243024785e-01 -4.695251526159826549e-01 -2.861532403942840808e-01
-4.500695563507105534e-01 -4.648740884504926618e-01 -3.440176344536675090e-01
-2.025100064413880574e-01 9.889519355973673542e-02 4.215722888845353095e-03
-3.731760946244102595e-01 -3.480920306357886962e-01 3.967969918610432245e-01
-2.621728617818812057e-01 -2.287018922767118378e-01 3.202288130677881650e-01
-3.068107661096468597e-01 -1.740783864484896915e-01 3.526123861531952342e-01
-2.689944419730715963e-01 -3.495656320157334296e-01 4.446064193317322832e-01
-2.239755435915713466e-01 -3.393254455454512986e-01 4.282816803122078686e-01
-1.039070658800663183e-01 1.360491057595743791e-01 3.134317659437238501e-01
-1.450762991416698344e-01 1.455414616390477978e-01 2.570088737982600957e-01
-1.772537985373576763e-01 1.150756095532042833e-01 2.683798268122214448e-01
-1.854136032730029360e-01 1.059518528109193725e-01 2.525458690879054391e-01
-2.266219733900312339e-01 1.268834540731535732e-01 2.413563136249873564e-01
3.674058537298344196e-02 1.749199979102329383e-01 -3.088938754626793792e-01
1.249748191991172791e-02 1.259783593874202745e-01 -1.152769244419130645e-01
4.094354128788979530e-02 1.330097853726374957e-01 -1.199748254190163288e-01
-1.209526402867748818e-01 1.127854015479772404e-01 -2.936246165455814183e-01
-9.234290092060837285e-02 1.358464964719314771e-01 -3.390751892932581391e-01
-3.213160068482987519e-01 4.418319062789846652e-01 -4.876147326959283657e-01
-3.527468867328601432e-01 4.516769621843350069e-01 -4.806971643956461926e-01
4.744919857967699883e-01 2.131538013197153136e-01 -1.990711710892883457e-01
-6.945426960481018708e-02 3.986749179781043373e-01 -4.721649570671461738e-01
-6.250344045341744981e-02 3.639734444083800868e-01 -4.454418163279431631e-01
-9.062452750236452137e-02 3.560498277914832532e-01 -4.289188788987918222e-01
-1.034882843630861443e-01 3.817444940485840710e-01 -3.903319914830006288e-01
-3.774538098323847873e-02 3.895372752907371172e-01 -3.906666865702635438e-01
4.774086263412196107e-01 4.304998779846311296e-01 -2.928654588963026661e-01
3.594898643710071617e-01 1.443709418173061421e-01 -2.038945020140481845e-01
3.745932177208288749e-01 1.643303595333004963e-01 -2.526920407650789513e-01
4.024574648529937737e-01 2.157829794872450357e-01 -1.659673138760018041e-01
2.812167581573838393e-01 1.100733453358554714e-01 -2.335336508605168615e-01
3.641390069793123963e-01 1.722583761792929047e-01 -1.043869169970874228e-01
3.321572634386770195e-01 1.462061384003419950e-01 -1.299716267224073629e-01
4.018464632629984434e-01 3.050185533355598833e-01 -1.750464329753463888e-01
2.403667825928627877e-01 1.014907828593065581e-01 -1.807654194050690721e-01
2.735011213948704278e-01 1.358842514578366689e-01 -2.852286735528999362e-01
3.417145074117242665e-01 1.743708092887611416e-01 -2.963359186419573521e-01
3.420669652592008281e-01 1.951881791790427423e-01 -6.323566956789916649e-02
3.390141528015647721e-01 2.710495140730718733e-01 -8.612933630847474653e-02
2.792908865913846794e-01 1.223558456475285494e-01 -1.330770486911686812e-01
1.667687833318795831e-01 1.842108652175579175e-01 -3.593640048961596056e-01
2.078744376933913951e-01 1.367171842190918751e-01 -3.064781432762323510e-01
9.406491048588731807e-02 1.863392976045614713e-01 -2.794824668087354524e-01
2.230664629492445927e-01 1.550415295670705684e-01 -8.696709643931307965e-02
6.580220306496645244e-02 2.379955051058613991e-01 -2.414611614119165917e-01
-1.834252459579585048e-01 -1.306744143143487857e-01 -3.956468558895606114e-01
-1.447586432469201156e-01 -5.857909759607383970e-02 -3.888530489024283332e-01
-1.368499600189304055e-01 -1.785493498552863101e-01 -3.831494127330972166e-01
-1.429733166827208690e-01 -2.008922913634361151e-01 -4.206723267851931736e-01
-1.651728905695106775e-01 -2.534551320539150596e-02 -4.441721617762694474e-01
-2.700177808653999034e-01 -3.507796666516673212e-01 -3.384120040491432335e-01
-2.018651225309218145e-01 -3.470148007231704801e-01 -3.488840411301900590e-01
-1.887418107750519214e-01 -3.100024267464672745e-01 -4.172250771000866054e-01
-3.091301804970386091e-01 -4.639865811099873616e-01 -3.463398125076911360e-01
-3.357470892638028115e-01 -4.555940975557402628e-01 -3.749409443082046822e-01
-1.387615901654999373e-01 -3.909640973931953756e-01 -3.657436392021373162e-01
-9.290255391312443600e-02 -3.772839876807894122e-01 -4.402994886082656212e-01
-1.494665740000671594e-01 6.768490256724137011e-02 -4.795657489550398944e-01
-1.464881988599752161e-01 3.503276654123435585e-02 -4.674059597041314018e-01
-1.138949821992411710e-01 1.879965402800078469e-02 -4.801079096918461353e-01
-1.459765728842875310e-01 1.168109146714410400e-02 -4.713667761527041700e-01
-4.064034138693374820e-01 -4.290043304166100135e-01 -6.773016877696622084e-02
-3.103654593294017938e-01 -4.540872148554665477e-01 -7.541590684746643514e-02
-2.305840693488939719e-01 -4.052957902565146875e-01 -7.963065789774262382e-02
-2.340619443457431226e-01 -4.193167018887418718e-01 -4.326274095936586545e-02
-3.822520729149205265e-01 -2.968826126541775356e-01 3.006281008095236240e-01
-3.590304944413467703e-01 -3.629691260300884070e-01 3.547142458028171297e-01
-2.754903255953545793e-01 -2.848366630086647255e-01 2.853538731283576380e-01
-2.229563919787269644e-01 -4.327394543341604449e-01 9.892978610692662600e-02
-2.768355259064441687e-01 -4.310891296292196917e-01 7.877818655252372126e-02
-1.929953427708896996e-01 -4.197861056615090347e-01 1.256079129317348164e-01
-2.026996929363519828e-01 -4.194240864598289265e-01 3.072885501325010593e-01
-2.424304891131227602e-01 -3.608355991628955373e-01 3.441274230391756506e-01
-2.240905244324061796e-01 -3.442230656520149368e-01 3.244467886631254294e-01
-1.942762944407243619e-01 -2.931625342406140589e-01 1.370246757083738443e-01
-2.493223146830512715e-01 -2.710442863467310559e-01 1.501702777675670286e-01
-1.655544804528811809e-01 -3.688172719170245695e-01 2.633622117920163541e-01
-1.724898386503637693e-01 -4.277613995029797000e-01 2.538258228907969705e-01
1.281334218429739172e-02 -3.083720494090970154e-01 -4.751451524789999659e-01
-1.695362333222854428e-02 -3.804041679036290757e-01 -4.341657278488608718e-01
-2.179014549593707994e-02 -3.364465969656511568e-01 -4.555130249187493430e-01
-4.681571817242421996e-02 -3.614670240132805690e-01 -4.478084643784001062e-01
3.958146549181625340e-01 -2.698997393825779412e-01 -3.649855833191874288e-02
3.855947487159906428e-01 -2.650939527559569853e-01 -6.301000289616220940e-02
3.785022225672419749e-01 -3.004866281335342171e-01 -8.297804071555663075e-02
4.629686263625158449e-01 4.011149327457591007e-01 -1.884598698692983298e-01
4.580732564749206426e-01 4.078619608462378809e-01 -2.455374005078136135e-01
4.690356306855729684e-01 4.712847404818296115e-01 -1.242048989477730903e-01
3.796034445732925366e-01 3.006245129773362779e-01 -1.701594469882668492e-01
3.454313689572772184e-01 4.634140912739602713e-01 -2.383299231741765889e-02
4.898919277667310168e-01 -2.693128423088578249e-02 -2.470448175101055133e-01
-3.444951579371897110e-01 3.123212017174852029e-02 1.541405837203801699e-01
-2.838784916087950250e-01 -1.050454964172579525e-01 1.889724192948365189e-01
-3.490369372636119571e-01 7.329029686593033222e-02 8.637234545443898959e-02
-2.267588425456770751e-01 -1.222968763605539882e-01 4.859022298073873564e-02
-2.332551898058132789e-01 4.610370210994109430e-02 1.548737483023389094e-01
-2.683062673348959870e-01 7.349661776187579876e-02 1.706259776276776163e-01
-2.537625596294603714e-01 3.031358663975085993e-02 1.832450048701231016e-01
-2.874819681095111545e-01 8.745702511333741658e-02 1.314058398242814729e-01
-2.623542270122256603e-01 7.112209414631948112e-02 8.903310367882430465e-02
-2.319863200626100241e-01 -9.347531446293892710e-02 1.041399136022339370e-03
-7.692957535135652725e-02 -2.206434319058775961e-01 -2.637123192113422637e-02
-1.245533184285657069e-01 -2.204136319922866960e-01 -9.143483738907019764e-04
-7.927027470105584006e-02 -1.023621421226559858e-01 -1.156281196829001406e-01
-1.533510786111879631e-01 -9.146826087448815812e-02 -9.428508383447725683e-02
-2.041684858142508163e-01 -9.500751484250770373e-02 -4.065924630630268766e-02
-1.732118419419324540e-01 -1.263253383924088646e-01 -1.491552858432652340e-01
-5.608820309669846488e-02 -1.694194734008880876e-01 -1.767313969228754278e-01
-7.949815839313630061e-02 -1.501675438935138884e-01 -1.538495616469140181e-01
-1.430840867089900326e-01 -1.391170759862431494e-01 -1.801545592369807602e-01
-1.472229055891946803e-01 9.410934958766353775e-03 -2.060451030373958853e-02
-1.260240032823875533e-01 -4.155252281970336220e-02 -1.060100034473219904e-01
-1.481851714955607358e-01 -6.153470158247772298e-02 -9.132560305637411890e-02
-1.716261925307930314e-01 6.109902124351918040e-02 -1.520154607799950770e-02
-2.101124778533741688e-01 1.212672213953243372e-01 -4.749762400701411369e-02
-1.897814894116000017e-01 1.068129056515015191e-01 -2.020803742586940732e-02
-1.857844680642339319e-01 -3.198516979358771717e-02 -1.554902133988564084e-01
-1.352297270933021933e-01 -4.980763580973738766e-03 -1.479669774907353408e-01
-1.564546955089121116e-01 -3.666718446715953525e-03 -1.706829378394449648e-01
-2.537146763547540873e-01 2.211370214695401737e-02 -1.707553467538827641e-01
5.064611106697299719e-02 -1.213162624737496725e-01 -2.701031476510094564e-01
1.224817414217714423e-01 -1.257095198312851159e-01 -2.878771694081097565e-01
1.465060096649255759e-02 -7.410941620284514086e-02 -2.034373203078666259e-01
5.934173977543379108e-02 -1.046625922582874874e-01 -2.144397498004058378e-01
-2.235457586367076838e-02 1.240724866556594877e-02 -2.902837402389462640e-01
1.470642820291857833e-02 1.673330456271726607e-02 -3.225980635251044504e-01
1.323632549495024624e-01 -8.912990686366957516e-02 -2.816534870081944253e-01
1.060794696712515223e-01 -7.297733820776589053e-02 -1.592302210249009753e-01
1.402178283915574419e-01 -6.454613973034796504e-02 -2.060103573698401080e-01
4.155732048686043567e-02 -5.371111050523608849e-02 -1.552015493788342637e-01
5.791955278018232067e-02 -3.187007701319528180e-02 -1.468012300461125630e-01
-6.827658353089095800e-02 4.628956448024179604e-02 -2.850476542099019683e-01
-6.549954009596235804e-02 9.343376641628442503e-02 -2.880817792248778764e-01
-1.033364841742953275e-03 1.007464962061531966e-01 -3.484939242660651249e-01
-2.865151363000332033e-02 1.300576892400461260e-01 -3.323132835934522467e-01
1.918118683956792844e-02 1.381139742505001489e-01 -3.223024066272464072e-01
1.439037836968524997e-01 1.571756146104810181e-01 -2.532852272697742602e-01
1.488368703942605231e-01 1.327894987654907877e-01 -2.026096850917245562e-01
2.701217689919954701e-02 9.253848430595160157e-02 -1.386431381844315525e-01
-4.780751410866936058e-02 5.570138339475536743e-02 -2.324920915028612090e-01
-8.840386417134066255e-02 8.816648710792684973e-02 -2.467461422060744369e-01
9.646308667286937477e-02 1.672339766439353559e-01 -2.540942400378555788e-01
1.076320764021565929e-01 1.563771961293903834e-01 -1.776911975239365282e-01
9.858809345711764399e-03 7.189116324138647429e-02 -1.655153757596304065e-01
2.319391413053759760e-02 1.176114431044782971e-01 -1.455460834870968279e-01
3.548918682154713067e-01 -6.360746825496292611e-02 -1.018264793080440357e-02
2.681131447810408130e-01 2.338028565054518088e-02 -1.255342411485441123e-01
2.926806211042051187e-01 9.495003197570978798e-03 4.050727944534525393e-02
1.460786204302119695e-01 -5.867943455730976338e-02 6.630172640127730485e-03
2.404699698819514619e-01 5.659136926352349023e-02 2.989533372003285588e-02
2.162801498622934915e-01 5.454129948877319001e-02 -2.447595882499748604e-02
1.744018021485953807e-01 4.583157821081879080e-02 1.589015372534209256e-02
1.412650955229983463e-01 -2.858521325953842368e-02 1.853934024113880474e-02
1.276848732259751318e-01 -5.360082711003906486e-02 3.720708025419627168e-02
1.312644549964096796e-01 -8.843819905838307127e-02 4.215072070038419771e-02
1.940438959081620396e-01 -8.683027834331617789e-02 -2.010367673409016731e-01
2.179621779379384283e-01 -9.514482256511459790e-02 -1.664394853218011394e-01
2.221385600481722011e-01 -1.946773058130958356e-01 -1.559906915512723202e-01
2.614484795273427364e-01 -2.238504111420835940e-01 -1.664579378458831971e-01
2.534279406547296776e-01 -3.535348788492737038e-02 -1.852666377713152457e-01
2.760169817751677024e-01 -3.725342453334753307e-02 -1.292601301790544666e-01
2.337526932572843441e-01 -8.543081810480453175e-02 -1.348800148541223765e-01
2.922764157718209521e-01 -5.131191452610366077e-02 -2.381007165353932475e-01
3.724834264669112938e-01 -8.407250669141649868e-02 -2.259383728303712424e-01
3.091997138736735651e-01 -3.003064572904598495e-02 -1.123932401606827641e-01
3.350035611846445271e-01 -2.267702137346805369e-01 -8.069870920029038885e-02
2.858224933155224523e-01 -2.211629011981352533e-01 -8.690128932650459381e-02
3.285871912642768788e-01 -1.270854156207682772e-01 -4.786314372798081834e-02
3.109997631020087749e-01 -1.482646918724893625e-01 -5.644824864373079731e-02
3.043067522605796271e-01 -1.691210084032365724e-01 -1.925320173314529204e-02
2.774311256342717469e-01 -1.777408562987104479e-01 -4.717402860673013121e-02
4.079567655461308062e-01 -3.020881662702288306e-01 9.821365333251862173e-02
3.753981481088271011e-01 -2.700689755005080128e-01 9.300379858356157964e-03
3.480356249531671442e-01 -2.797278081739850153e-01 1.201246077383240629e-01
3.995163316297805634e-01 -3.073216710356125869e-01 -2.731788020038690423e-02
4.473279689901157319e-01 -3.022005378388106234e-01 3.280373084990152038e-02
4.651617755156422507e-01 -3.964349940378411596e-01 1.630257943471865867e-01
4.557110272378551707e-01 -3.587113425649393617e-01 1.564525898287253969e-01
-8.497815421566738692e-03 -3.365030046527835994e-01 -1.400286697299408245e-01
-6.654521924980374981e-02 -3.436640450072674380e-01 -1.526446913056931365e-01
1.657936390443875974e-02 -2.681468343846276636e-01 -1.172397365753467119e-01
-3.375393875692348465e-03 -2.026849984529092152e-01 -1.468502071804768938e-01
5.927578976124377175e-02 -2.575298316958274936e-01 -1.352953990469014378e-01
-1.114306632623767862e-01 -2.287973077070629691e-01 -1.783699225917831921e-01
-7.597863452687250718e-02 -2.027407343067338663e-01 -1.676775383511398265e-01
-1.304511829692378000e-01 -2.245541325326882443e-01 -1.558714602376011504e-01
-3.939729394250124361e-02 -1.995867368421770371e-01 -1.538166821100111215e-01
-3.831094070717843553e-02 -1.918066819454723737e-01 -8.998799504325638576e-02
-6.871991338457515697e-02 -1.951753405036734113e-01 -5.360783540110537759e-02
5.593535234631612924e-02 -2.571524907680136640e-01 -1.466744609899612584e-01
5.161668858884556343e-02 -2.199666188401322720e-01 -1.325878396241875756e-01
4.811778870338111885e-02 -2.268544194089368027e-01 -1.437588090516123407e-01
-4.687626048310999938e-01 -4.158088519075817668e-01 -3.477972127108477363e-01
-4.232310230456206579e-01 -2.361141344400450315e-01 4.672233101318906678e-01
-4.426253813038715790e-01 -2.851267358305754063e-01 4.249146745666274039e-01
-4.112688633595363297e-01 -2.144049967145931213e-01 4.649193369267348719e-01
-4.445726864690390800e-01 -8.798996694898766902e-03 1.753596317775024671e-01
-3.278529478628579991e-02 -1.218051382573694524e-01 4.798615009271679499e-01
-3.693042175906053465e-02 -4.290963571002195942e-02 4.810026895493464960e-01
4.796915997264153408e-02 -1.680451744572305367e-02 4.789219542367917914e-01
8.084070485737554490e-02 8.340956314001701441e-03 2.809230030861248895e-01
5.631520759814848121e-02 2.441332128236067822e-02 3.258023932559628300e-01
2.350211614343876779e-02 -8.189508686308374918e-02 2.899051510703988255e-01
2.143816306316357889e-01 -1.185714120476780292e-01 3.937604904878404533e-01
2.036234329166280166e-01 -1.296039893611468374e-01 4.178494896665523872e-01
2.124529801510190441e-01 -1.556977640075461189e-01 3.791881588895636424e-01
1.415423541707215849e-01 -9.187260504697503105e-02 4.704000832843875934e-01
1.026626045538027859e-01 -3.785704207108123165e-02 4.543087635051344386e-01
8.407545478314265575e-02 -4.538241908796626645e-03 2.609251477749217063e-01
6.738318148497254856e-02 -6.425133414966634204e-02 2.356598582546539922e-01
2.233938286945958904e-02 -7.736292316927216584e-02 2.533794835072599727e-01
7.179058320577865783e-03 -1.466034645389373559e-01 3.333490027047749660e-01
8.394439849103177420e-02 -1.062816890118957192e-01 4.796346204516242495e-01
5.004592092432809392e-02 -8.494478940719256410e-02 4.654351563632457278e-01
3.074524754773776472e-02 -1.482973763409959345e-01 4.669524632600012271e-01
2.804797822508390756e-02 -1.141496705838368209e-01 4.530495938006697254e-01
1.079444258958784375e-01 -2.126729767724178655e-01 2.686202450178439838e-01
8.177772652847767332e-02 -2.604305362519216405e-01 3.373152979216123559e-01
7.281792581580955048e-02 -2.329514272163857869e-01 3.216387673092224175e-01
3.746245268131582207e-01 -2.177663424194117570e-01 4.064668049812910633e-01
2.307070471533008704e-01 -1.989729579052456065e-01 3.625256141128252452e-01
2.656691639827079010e-01 -1.972170396458679253e-01 3.452236706562615276e-01
4.026020934289462616e-01 -3.162616525113464139e-01 4.719080582308021743e-01
1.358433185472017191e-01 -3.526572662354522381e-01 3.942104101637358138e-01
3.841817620171871783e-01 -3.383733223447846772e-01 4.116791509274272953e-01
3.957284077593911653e-01 -2.894259782834461281e-01 3.842814612559428133e-01
2.155589804000776488e-01 -2.536132175752721096e-01 2.555079626347453448e-01
1.237305320678915022e-01 -3.067647258746603600e-01 3.453130297318541819e-01
1.879495528622311395e-01 -2.333921308203028566e-01 3.419429888646520199e-01
1.742532932334688589e-01 -2.510934329200826265e-01 2.979835081545140762e-01
1.560793664665081626e-01 -2.783083216290183626e-01 3.212277774758545146e-01
7.444137082302224040e-02 1.684247215747380899e-01 2.812989019594411833e-01
-8.698311595299121346e-02 1.750562343764239803e-01 2.905911108848241442e-01
-1.033465498963494628e-01 1.733383316836304422e-01 2.569376658054496887e-01
3.133027244578735770e-04 1.661241515351746523e-01 2.652361078558392316e-01
-4.630855938586016241e-02 1.783595107143777503e-01 2.655345722268859787e-01
-9.506086755477853589e-02 1.751974277373035682e-01 2.692168073410487472e-01
2.871149694930566487e-02 1.669739669533565340e-01 2.556567104578473248e-01
-4.757547896233045304e-01 -1.603939077306678895e-01 -2.225973586025156992e-01
-3.843721770134195248e-01 -2.872610304052116703e-01 -1.970316826959997991e-01
-4.276619874066209803e-01 -3.511154738626387495e-01 -1.832417380204896251e-01
-4.127515334725528895e-01 -3.325286828401117223e-01 -5.258006682222930023e-02
-4.816242081826457855e-01 -3.781837259204831603e-01 -2.177154995202094379e-01
-4.741142751877402972e-01 7.569061826135117105e-03 -9.212826512521882227e-02
-3.827623950611234727e-01 5.600617793797741523e-02 -1.392895053593115329e-01
-4.310064661447356449e-01 2.515194764437564748e-02 -2.213876848020392418e-01
-4.774391128818967212e-01 -3.322951431687527768e-02 -1.940918861030714870e-01
-3.628874806718563328e-01 -9.931313964946955619e-02 -2.212954599764341557e-01
-3.166260952403335827e-01 -9.015469730913146240e-02 -2.123167151736131686e-01
-2.901286914163960784e-01 -4.834573229058592575e-02 -1.850031660460201843e-01
-3.051819971578268453e-01 -9.998843505248161678e-02 -1.671022188755525995e-01
-4.365072005290321910e-01 -1.266816616590844546e-01 -2.076412821884829341e-01
-4.781024322109235780e-01 -1.306112395010277094e-01 -1.875420594665575258e-01
-3.470412089623675644e-01 2.080261987633039156e-01 9.630171746026322532e-02
-4.165400416540392392e-01 1.758616318251118305e-01 5.015032522928804942e-02
-1.171443112633109573e-01 1.383377495407171198e-01 -1.056762406529832554e-01
-3.505610462970391861e-02 1.603583665467337160e-01 -1.325645025731273241e-01
-2.190155155181628954e-01 -3.269914742571197741e-01 4.332009340935009667e-01
-1.277865299158212342e-01 -1.853876280922870379e-01 4.322502067438734330e-01
-1.931211348626605262e-01 -1.717429361713890823e-01 4.238147332232850006e-01
-2.184103447455962299e-01 -2.139678463981171674e-01 4.206050127432293118e-01
9.035079488386455956e-03 -3.309059127717902116e-01 4.478888400567687111e-01
-1.138451411855539025e-01 -2.695006967865867242e-01 3.670531201183365178e-01
-1.399153420596636888e-01 -2.177576149207273715e-01 3.613224452573928214e-01
-1.899565200979615176e-01 -2.920989790623420568e-01 3.675209071185199239e-01
-2.012706382416981354e-01 -2.406262780209654784e-01 3.831537400810071659e-01
1.324372649309890106e-02 -3.146897265528652010e-01 4.787676702125026607e-01
-3.666242788169229438e-01 1.214046539475832354e-01 3.434279012720865554e-01
-2.658986683933717288e-01 1.044661464478219004e-01 2.840347156856722344e-01
-3.500385209067030101e-01 1.278355327597613944e-01 3.507539222739419205e-01
-3.584808379412370849e-01 1.264775135165080167e-01 4.694673508005711149e-01
-2.758338699515668901e-01 -7.412015028924695548e-02 3.697032986954170708e-01
-2.321645597980922515e-01 8.925673184811038288e-03 3.032195229246609780e-01
-2.356661121802630099e-01 1.025078908900741714e-01 2.577500735798093356e-01
-2.111339483309114251e-01 1.001074834798310331e-01 2.439327710858044118e-01
-2.085323250819945129e-01 -9.844253771123803731e-02 4.385805105241353807e-01
-1.922134335735152799e-01 -8.377769221748671002e-02 4.245881622678133183e-01
-2.343954899577452289e-01 8.540378764092462771e-02 2.411685459956835476e-01
-2.327549495015484304e-01 6.411087742225607400e-02 2.622663410240564930e-01
-2.121156605149150942e-01 7.913348151036128653e-02 2.518032591453997493e-01
4.360181980603808349e-01 1.477173128447349382e-01 6.282872915590494156e-02
4.164353605825273363e-01 1.434865680634486440e-01 1.298369682209310205e-01
4.100724486053141105e-01 4.489211922754287043e-01 8.738372359947982337e-02
3.811368716221935626e-01 4.606857110122594134e-01 1.260150969311266134e-01
3.645823126172022532e-01 4.717865990075831295e-01 1.417374761940737582e-01
-3.672260259194269350e-01 3.166651992633299773e-01 -4.367977989701419261e-01
-4.476976796857443097e-01 3.317393300509566267e-01 -4.000227489619863630e-01
-3.374376332789970623e-01 2.476949551399660332e-01 -4.805087340484489045e-01
-2.710635278204295839e-01 2.283792881628778360e-01 -4.462404707834251583e-01
-3.539631209163964232e-01 1.940878177501714485e-01 -4.784963121272045039e-01
-3.246550748180851431e-01 1.558814339570557816e-01 -4.483547411399418925e-01
-4.623990031953788549e-01 1.462441607139615130e-01 -2.871689713533519539e-01
-3.618848656811110009e-01 1.244081915765955504e-01 -3.296546598823990037e-01
-4.259266657022962588e-01 1.128352793709815061e-01 -2.846204771489737606e-01
8.231503429512145031e-02 1.729928675785658287e-01 -1.069207666963235825e-01
1.055423575629712007e-01 1.654375120595205084e-01 -1.204055957936703558e-01
1.006065955862538858e-01 1.687128991676676570e-01 -8.749394496784593245e-02
1.672232805169965586e-01 1.582907931104563237e-01 -8.938753385180404909e-02
5.320886231876235245e-02 2.078491526956838253e-01 -9.375236921115229216e-02
2.459453736340031227e-01 2.545957289979356997e-01 2.027705614126999456e-01
2.533146149123538526e-01 3.119992866658839459e-01 2.067629194854305463e-01
2.833043609750294789e-01 1.624329355870285652e-01 6.938344594457867415e-03
2.575667337537984602e-01 1.657113636482019370e-01 -3.362533915234225401e-02
2.876900464341528574e-01 1.967244728209058824e-01 -3.965212582903682864e-02
2.983686729151006634e-01 3.579636557541331365e-01 -4.281177522086181825e-02
2.988038809009747054e-01 2.964675234934297521e-01 -7.568676787709452403e-02
2.778438934371986191e-01 3.549903429355678042e-01 -7.963808530193504376e-02
2.718524216875564670e-01 3.366546800228568115e-01 -8.832096175687993711e-02
4.991067055095997351e-01 -2.170447000637889048e-02 -3.752684132217921631e-01
4.923248767035439122e-01 -1.996478256841099919e-03 -3.436921058090552372e-01
4.164107250455391651e-01 1.635977734207396395e-01 -3.432708650357981783e-01
4.296413337053759940e-01 1.484677974216123963e-01 -2.893685003781878984e-01
4.344526079845116295e-01 2.053975014857608861e-01 -4.418191684741263336e-01
4.620593261065982782e-01 2.275323221459260303e-01 -4.375880326611115145e-01
-4.644960967515169431e-02 -1.891905192221391974e-01 -3.759612963057835100e-01
-8.110401905813091616e-02 -1.754600922085397530e-01 -4.009876208310159118e-01
-8.524766907643571007e-03 -1.496409595639974499e-01 -3.515315620712742284e-01
-4.701771987886655541e-02 -2.240183799731839120e-01 -4.245299227554068522e-01
-9.175005793855248171e-02 -1.995786430490223140e-01 -4.426148458505552163e-01
-3.407676324636935150e-02 -5.587644061612140334e-02 -3.721680058688280890e-01
-7.309637277902288066e-02 -4.225349325376261816e-02 -4.149673847730031007e-01
6.440485043061081050e-02 -1.304112575234456783e-01 -3.365133488062114209e-01
1.001484119291022185e-01 -1.124978144075655384e-01 -3.280486360009191582e-01
5.667678025276058629e-02 -8.124130747085631099e-02 -3.384643758199148422e-01
4.295884046171135305e-03 -2.674021349984655876e-02 -3.773594746175826797e-01
6.182337833844173819e-03 3.306179467955727008e-02 -4.430867550277491351e-01
-6.677309623363000823e-02 1.067359354052298086e-02 -4.666873272911976067e-01
6.934120911521143849e-02 4.104859536590142050e-02 -4.902062661975749580e-01
-9.641266961675822034e-02 -3.889859608689453796e-01 -4.735207770931060267e-01
-3.806854680090204085e-02 -3.791014904869856594e-01 -4.817226427725547211e-01
-2.451160849702487543e-01 -6.642355401601582332e-02 -4.729597386403561754e-01
-2.307669901203812102e-01 -1.228433743470208894e-01 -4.430604511217063890e-01
-2.219238490230854843e-01 -1.769618938900776595e-01 -4.493237857766553267e-01
-3.156679669854200454e-01 -3.475644096405584860e-02 -4.721416685811803959e-01
-3.506270687610041348e-01 -6.939120495861660076e-02 -4.237319253093622118e-01
-4.019189596693369393e-01 -4.318932510739797448e-01 4.083332516952662417e-01
-3.911830133695229916e-01 -4.546064931941293796e-01 4.442414765144362399e-01
-4.207311325848928640e-01 -4.425143144258871786e-01 4.203152371308035429e-01
-3.794280923196684530e-01 -4.255059593091314873e-01 3.327937410089823467e-01
-4.091410292112706015e-01 -4.598303802629397641e-01 2.811086542480882855e-01
9.041870640321024097e-03 -3.845025850498151043e-01 -4.213031896296771661e-01
-1.280813186873150551e-02 -3.590658955652162865e-01 -4.060866574118701666e-01
-3.995690169145011544e-02 -2.444515554177979222e-01 -2.934761109776143906e-01
-8.485131826358413565e-02 -4.163966082942614499e-01 -2.880984777664571950e-01
-9.941809028937034776e-02 -3.891276545650632634e-01 -3.221869411991704069e-01
-1.007508950019970345e-01 -2.798044821083609524e-01 -2.614652269079299485e-01
-1.057112645861776612e-01 -3.910117524417833224e-01 -2.181876448201325314e-01
-1.217657021291281422e-01 -3.478375231746240193e-01 -2.905600580464616778e-01
4.505954232314623997e-02 -2.217143547803520909e-01 -2.602167368142858095e-01
1.139467978920980090e-01 -2.511081338314804512e-01 -2.656640610571442962e-01
5.972457099157590238e-02 -2.350425565922306115e-01 -2.460109681123562875e-01
8.145084584936783390e-02 -3.433565698083111961e-01 -1.863802247199600470e-01
-7.907799896591732880e-02 -2.965907343275679398e-01 -1.994996600537977116e-01
-7.877934415442960914e-02 -3.342890317617590590e-01 -1.922756775576965615e-01
3.396777973837902809e-02 -2.658399364164129586e-01 -1.900832032644306224e-01
5.468525759019732257e-02 -2.981316086490023998e-01 -1.581818898280982211e-01
1.084233854448049886e-02 -3.213191662546818206e-01 -1.620668848621159286e-01
4.425189217454291724e-01 -3.302043307959960372e-01 -2.064965849138132858e-01
4.533733079812096167e-01 -3.281033925972129395e-01 -2.289714029636820691e-01
4.840755982657362622e-01 -3.385556941598051317e-01 -2.517910841762548424e-01
4.543042987048604431e-01 -2.386886294160754374e-01 -2.665026072420981218e-01
4.150638610184609889e-01 -2.558413773928425172e-01 -8.034736647154418210e-02
4.778627734354005674e-01 -2.698599307365818767e-01 -4.485862274628533639e-03
4.187855585491635502e-01 -4.837414202487593240e-01 -4.240634625602290320e-01
4.268381966283549267e-01 -4.459192752241488145e-01 -4.246494715072394732e-01
2.496723677229329696e-01 8.941928620986977147e-03 -3.626785887034335576e-01
2.818743484313831482e-01 9.217988636714612161e-02 -3.021714254604964123e-01
3.968188528324092523e-01 9.903506386587301868e-02 -3.868226758799787612e-01
4.687760887723494418e-01 -2.150108076951060682e-02 -3.939285161073980968e-01
4.577442394474715570e-01 2.837003467833486975e-02 -3.531982711869590119e-01
2.954522670054202105e-01 -9.466545124475886364e-02 -2.773691883055030005e-01
3.318708667495566256e-01 -8.539972984108225307e-02 -2.760032538243742950e-01
3.659542232845034992e-01 -1.393278920786710229e-01 -4.324454845512950563e-01
3.716423112877630941e-01 -2.111490776214029752e-01 -3.857088490529517744e-01
3.271632286785295385e-01 -2.043112776765583782e-01 -4.552494104417038612e-01
3.266928256910076600e-01 -2.556904176827184960e-01 -4.275965529457984027e-01
3.717880586734084170e-01 -2.428090381519161234e-01 -3.159168139054112645e-01
3.002072702270014992e-01 -1.058920674430559039e-01 -4.501033942689246503e-01
3.404631426011712203e-01 -1.114236440913861093e-01 -4.021429553571596038e-01
2.197990555431853232e-01 -1.350343556297027570e-01 -4.760887252624519950e-01
2.524067399705481329e-01 -1.943566887989620906e-01 -4.816998748926573648e-01
2.510162865748754579e-01 -6.672911729147823490e-02 -3.392535684678906205e-01
2.811053738609654018e-01 -1.030902522177956221e-01 -3.041176570050206363e-01
3.163754275131020477e-01 -1.094094269227979671e-01 -2.914995063638574635e-01
3.491826856692961667e-01 -1.762984471832657885e-01 -2.475727470667621610e-01
1.038044008513475946e-01 -1.330205258621048325e-01 -4.052563680828416559e-01
1.259769539139007355e-01 -1.238393570125484455e-01 -4.486487114796899878e-01
1.806992485144155447e-01 -1.015275237573118605e-01 -3.508309050107255023e-01
2.212600269255030339e-01 -1.170920477689187944e-01 -2.552674371096598782e-01
1.204256400081787637e-01 -1.199637842775038155e-01 -3.606622493573007349e-01
1.294094485034980868e-01 -1.094217078696263640e-01 -3.907507898222306597e-01
1.358345865497904148e-01 -1.433278587942273252e-01 -3.190206151255165490e-01
1.563589712053641279e-01 -1.145711897450950312e-01 -2.980173091924936957e-01
1.484849732087256124e-01 -2.193685313209154941e-01 -2.752823579455935810e-01
2.237679941721984478e-01 -1.864785121541144008e-01 -2.502616553539930844e-01
2.598744750706675211e-01 -2.095293807859763269e-01 -2.279303159297400849e-01
4.752273659646882864e-01 -5.208331742278137638e-02 -2.267075167786703205e-01
4.428716749040197409e-01 9.782593769863800331e-03 -1.068102733773917262e-01
4.847856668960589532e-01 -2.078025078106862655e-02 -2.034722331146280871e-01
4.600370974853532635e-01 -3.977668462673239480e-02 -2.117983960786933573e-01
4.847747910699187202e-01 -3.481399814170841461e-02 -2.173099580448388246e-01
4.602208932113241446e-01 2.449823239871575659e-02 -5.115908248276775094e-02
3.904374825344725242e-01 -9.954307964445761880e-02 -1.877872592973356403e-01
3.895613992627005584e-01 -5.958664963033895312e-02 -1.228937746013850085e-01
4.448064629154963034e-01 -3.311453711966463875e-02 -1.444942557070793242e-02
3.906189256014138689e-01 -1.877867787453540716e-01 -1.974561813921982822e-01
4.284488919375321059e-01 -1.782346942041067306e-01 -1.926360834024666291e-01
3.909027654726476286e-01 -6.727946011124537329e-02 -6.188705162998747039e-02
3.561511792053989600e-01 -1.101329498408407798e-01 -8.473052416783760643e-02
3.638061840545725456e-01 -7.039750673299396966e-02 -1.128357629173166593e-01
3.854862227737427816e-01 -1.830679788754618897e-01 -1.288709253657014109e-01
4.170452326857095882e-01 -1.988807463081254390e-01 -1.269660302087263215e-01
1.320857161067085991e-02 -8.882325166903727587e-02 5.120391619094982749e-02
-6.702378592950608560e-02 -2.040943875528884455e-01 4.092704216230826086e-02
-9.128926164280504185e-02 -1.839303768160319985e-01 3.840856267287706856e-03
-5.062357600982850259e-02 -1.327938143763885415e-01 -5.688702462316589520e-02
-7.731714086585439460e-02 -9.157512801608233555e-02 -6.496367277408880703e-02
1.837676702889987079e-02 -6.565215901433338330e-02 1.137992165718277986e-02
-3.792131486409063695e-02 3.247079043664854656e-03 7.259074480865854856e-03
-1.152543869523708353e-01 -2.012461321889905674e-01 4.978097504619639901e-02
-1.222359375569929268e-01 -1.774995061226697923e-01 1.879335684433907500e-02
-1.300426426778041045e-01 -1.477180812020295886e-01 4.055832562845024941e-02
1.468228047495091955e-02 -8.057700382986544840e-02 -1.290521716563970689e-03
-2.663736708206825010e-02 -7.047315032058822093e-02 -2.184494102248728253e-02
-4.580605990319373128e-02 -4.547946165487964931e-02 9.442738966097583009e-02
-7.986415719405298708e-02 -5.791644743689469688e-02 1.008140023210153391e-01
-9.723151395753006077e-02 -1.869873370191290143e-03 8.734563533524943024e-02
-1.236938036143320624e-01 -6.689569163660360682e-03 5.876087118772237161e-02
-7.818101460076162801e-02 2.428751907503794161e-02 4.326288585524290520e-02
-1.481554295703522706e-01 -1.108251738376776624e-01 4.403669078890105892e-02
-1.546624118271602288e-01 -9.650935962118160905e-02 -3.546223055259234078e-03
-1.771235145142402989e-01 -1.024727315122116594e-01 -3.504869566717202373e-02
-1.538119260443588099e-01 -8.047019392252355297e-02 -4.906714454100364470e-02
-1.850850728976535520e-01 -6.326247109918083089e-02 -5.005964671856878712e-02
-1.620664207667275036e-01 -5.361624617912080781e-02 -4.501392543345943825e-02
-1.635883703701175029e-01 -7.126733692332495873e-02 -4.483472527795270141e-02
-1.505956977379628754e-02 -4.839922755862586801e-01 1.260990957724621997e-01
-2.173142559766251536e-02 -4.733185974226267745e-01 1.236721351337460029e-01
-8.180595692991347867e-02 -4.713243542493412708e-01 1.650478040013801384e-01
-8.547730809367805327e-02 -4.751691812788316760e-01 1.416814403282096735e-01
1.189600135626024263e-01 -4.508815090319408525e-01 4.108244894360307820e-02
6.113395965517424285e-02 -4.355837734307552167e-01 1.052386182208009391e-01
8.165764961548521716e-02 -4.164209676309116315e-01 9.506373927657488232e-02
7.439650649819787298e-02 -4.164920817114856622e-01 5.206533455993146015e-02
5.166179363706738248e-02 -4.468352876683687747e-01 1.227111147931811558e-01
1.635232407279779143e-01 -4.145227312337783632e-01 2.367585750202237313e-02
1.555357913202889963e-01 -3.607902068303898147e-01 4.377535852476750755e-02
1.017360704479939454e-01 -3.729794968960966073e-01 9.358096397182807946e-02
2.484145297709914879e-01 -4.467814667754192448e-01 5.621169266741095349e-02
1.829033130195289736e-01 -3.292652677405759620e-01 7.010847595425738488e-02
1.624850350749839356e-01 -2.765026586743734582e-01 1.275612872977732182e-01
1.710815986022757584e-01 -3.401458073061832121e-01 3.108250151936582384e-01
2.093585505195573737e-01 -3.057160355735783486e-01 2.846356198505866630e-01
2.090866994526917877e-01 -2.830474784383238962e-01 1.785491482266228225e-01
2.775875932219258879e-01 -3.117659792318930312e-01 1.364234284263907693e-01
2.912520207252718429e-01 -3.025508005965093505e-01 1.489257242855197283e-01
3.890024048572739979e-01 -3.726970423408823008e-01 1.891210790607885106e-01
1.775201354678603849e-01 -4.765068406858795624e-01 3.490285509279572040e-01
1.726111244466241035e-01 -4.206092176423432138e-01 3.476932105584715771e-01
2.589900837543392953e-01 -4.848604228951705064e-01 3.544396953041422105e-01
3.819665314062115069e-01 -4.583092981836158764e-01 2.727637200338783319e-01
3.988971112528270080e-01 -4.241335820141946544e-01 2.146814660797916607e-01
3.524079657025467327e-01 -4.663638886813125106e-01 3.244203119219735698e-01
2.949113624956008484e-01 -4.236136830986064750e-01 3.455593569395855602e-01
3.122800825246367928e-01 -3.763954302881810654e-01 3.170127625676538163e-01
2.004486561713804682e-01 -4.835676781311386563e-01 3.553063763902825634e-01
2.299581505779340340e-01 -4.447593728472150065e-01 3.469496871885970335e-01
1.434197747113266919e-01 -4.767321683484849193e-01 -3.014741049879075818e-02
1.881237399354214745e-01 -3.466261718685230697e-01 -9.053665439688732275e-02
1.852303155247897737e-01 -4.555634715629117704e-01 -1.234971775742573288e-02
2.732134324650337676e-01 -3.111067937161249297e-01 -1.026527132167577572e-01
2.671232041430747772e-01 -4.793393081636398434e-01 -3.222313487426086559e-02
3.644322135120193762e-01 -3.495181689908496980e-01 -1.108794594317213389e-01
3.730157401822289942e-01 -3.908601317579661338e-01 -1.742672336214205475e-01
3.470118067251030669e-01 -4.031027593483923477e-01 -7.653644855371485867e-02
4.557320077296897476e-01 -4.812943084066735877e-01 -1.666600663947413463e-01
3.959042319958879785e-01 -4.332803350706167511e-01 -1.455471124118846715e-01
3.668487497534851927e-01 -4.473427257504687393e-01 -8.349711709673410254e-02
2.950890467590017718e-01 -4.920595319958190883e-01 -5.384834640257835786e-02
-1.374957911071525984e-01 -2.341757673786347416e-01 -3.533182380460409694e-02
-1.321816804054883887e-01 -2.427774857135864828e-01 -8.202535773570049371e-02
-1.340034707287940385e-01 -2.855111077358489236e-01 -1.109146082706672087e-01
-1.426019708682984000e-01 -2.181064352740106904e-01 -1.333066105761572251e-01
-1.459935376423063536e-01 -2.984078569349719601e-01 -7.561889897109456971e-02
-2.397911266346811898e-01 -3.200040927496164422e-01 -1.009279734721796329e-01
-1.648402881740602677e-01 -2.430619346370468392e-01 -1.620887780651058402e-02
-1.398798929320517193e-01 -2.588052099024588104e-01 -1.894990443359108323e-02
-1.307144335845010219e-01 -2.350981538783830649e-01 -1.031918459691835710e-02
-2.381379427770908275e-01 -2.304549322183440940e-01 -1.980892628090291652e-01
-1.824006907460761218e-01 -2.187388816141137005e-01 -1.985482057794937250e-01
-1.768323215242984248e-01 -1.882825030569768299e-01 -1.545007318301180876e-01
-1.523822905282329332e-01 -1.966575855293299091e-01 -1.612685659301743013e-01
-2.014585186851080012e-01 -1.593849187416628288e-01 -1.291864394640539204e-01
-2.284864689772689583e-01 -1.480929690074677119e-01 -8.977736497466930199e-02
-2.791367975693200276e-01 -2.769387781242876878e-01 -1.555364757587518743e-01
-2.789934004770283082e-01 -3.039288789537841207e-01 -6.075376541286404281e-02
-2.480618995433464813e-01 -1.637228780618108781e-01 -1.391319180449151482e-01
-2.763997737681103128e-01 -1.568372648069474296e-01 -1.014973023546831554e-01
-3.546878738663809538e-01 -1.583792855609281874e-02 4.102313393853859735e-01
-3.822056672340260475e-01 7.980603378410060234e-02 4.094706389686091352e-01
-3.717476861621686335e-01 9.619942865787629860e-02 4.553508996106673257e-01
3.825733817509908985e-02 2.253911627038438503e-01 2.357477855947303635e-01
1.084692001441694559e-01 2.802224905436387359e-01 1.946536501313179679e-01
1.090430660307614152e-01 3.589783079016602985e-01 1.697029001965628670e-01
4.609890370229153926e-03 1.950600960733456513e-01 2.533821700774933072e-01
9.856839449777657358e-02 3.953008505267486261e-01 1.802559013110531794e-01
-1.284438306234212540e-02 1.846117404022993014e-01 2.390598409345210951e-01
-7.225135992824414932e-02 1.873341836349313727e-01 2.405978425731290227e-01
-4.140457499828647525e-01 8.218123667013435552e-02 -7.667251030576799353e-02
-4.385797769796144774e-01 6.186599315775372088e-02 -8.691823862801231759e-02
-4.060911762683573900e-01 8.198287445097088288e-02 -1.051298619483431729e-01
-3.458632096880213114e-01 3.648679551237597740e-02 2.129010979798574843e-02
-2.751317677183991450e-01 2.812876006345592025e-02 1.264662469354924448e-03
-4.486736051773488332e-01 -5.146178303774608803e-02 -3.008983546204975490e-02
-2.606991753953741831e-01 -4.544362065330807832e-02 -2.573993937673579868e-02
-2.590202631994505955e-01 -9.436584967153578696e-02 -1.701801327007348291e-02
-2.477778937889285327e-01 -2.524207670197110148e-02 -5.776595639239402724e-02
-2.485113376078368352e-01 4.074004955251387533e-02 -1.907074450320895426e-02
-2.844088872247815813e-01 6.077601213142456126e-03 -1.316799120465266537e-01
-3.044736577680584033e-01 -1.737571619018822219e-02 -1.524231745638405522e-01
-3.004826126302725942e-01 5.756400006663631164e-02 -1.372486827626024919e-01
-3.350593829367451426e-01 4.321468983265615987e-02 -1.493501521129851073e-01
-4.061188887345437704e-01 1.093859112226602259e-01 -1.524996252002739916e-01
-4.256687101613956803e-01 1.308616008656185437e-01 -2.467999819987812538e-01
-4.643130605767325503e-01 1.762624387264094539e-01 -2.543492605096983050e-01
-3.491193923865894555e-01 1.405807324712436690e-01 -2.642716831604183803e-01
4.749151909944376859e-01 -8.661662507245133924e-02 4.564283749347776142e-01
4.652167220794146685e-01 3.646221559951871583e-01 3.537616808697593290e-02
4.769286579580993002e-01 3.924840397525040658e-01 7.138907846147420078e-02
-2.184882773615538787e-01 4.757795676095914472e-01 -4.602246197923236526e-01
-2.133819274097851215e-01 4.848174413478870681e-01 -3.920613446521513112e-01
-2.856551708700514891e-01 4.689641388296200697e-01 -4.489240938958840577e-01
-2.685256471889006513e-01 4.694411251609249547e-01 -3.912523552225289358e-01
-2.513126151118016960e-01 4.451501534619826672e-01 -3.528814548849830146e-01
-3.229737969571578327e-01 3.627871539956188940e-01 -3.640720422487935259e-01
-1.659390430153836749e-01 4.135190929946680471e-01 -3.665654539392971256e-01
-2.016956576628967102e-01 4.456629730909634213e-01 -3.480817591158639202e-01
-1.930888737944958800e-01 4.500922737447166089e-01 -3.363997466577078876e-01
-1.646819063018425122e-01 3.512231117447380813e-01 -3.417594600898055113e-01
-2.007763208659552878e-01 2.710638443225867888e-01 -3.495458433728808600e-01
-2.471888148367338001e-01 2.539728593286429970e-01 -3.563552844916249018e-01
-4.157426794671785775e-01 3.583160145916085004e-01 -3.002791364015348075e-01
-4.267907280267776993e-01 3.206474043774963922e-01 -2.446101562679083019e-01
-3.614036024017024951e-01 3.700771394121655233e-01 -3.074884763556185452e-01
-3.607497018571614311e-01 3.159644908917769723e-01 -2.299726595462069645e-01
-3.077648692270539277e-01 4.499530932209647727e-01 -2.557259827949874831e-01
-4.664698220396165662e-01 2.843368700581170860e-01 1.341596634259672183e-01
-4.587790305350296638e-01 3.288509264945894128e-01 3.344834049774663698e-01
4.874803047447347493e-01 3.783221294115462485e-01 -4.727711883161353490e-01
4.567324852487892883e-01 4.154523670027034377e-01 -4.652757068324130940e-01
4.641346288808722576e-01 4.638245015572966534e-01 -4.746765212034859682e-01
4.748815672800067444e-01 3.488804821252831645e-01 -4.351028761399451383e-01
4.719123912241304231e-01 4.651297658584567785e-01 -3.806286790497607764e-01
4.080960217524649547e-01 2.526548390686084167e-01 -4.489533101637149803e-01
4.675976807538236857e-01 4.362294488537420412e-01 -3.415604169174408788e-01
3.111356963944039156e-01 2.576885324002313737e-01 -3.623385645089789442e-01
3.984752353759152266e-01 4.110345273603028260e-01 -2.771928025014465669e-01
3.122836088057638348e-01 3.446849327390050788e-01 -2.847269851928619366e-01
2.052412105697624667e-01 2.571135539505290390e-01 -3.844874137252414226e-01
2.092923125301578424e-01 2.886459122630672947e-01 -4.568856926350362002e-01
1.817476637255792671e-01 3.439885681503669357e-01 -3.405112076929498466e-01
2.006049778012612972e-01 3.841930042393701950e-01 -1.145090483701312334e-01
1.967380558314310857e-01 3.672041382792269881e-01 -1.382545984143515594e-01
2.160928919452526353e-01 4.349540856541635470e-01 -9.327119926113461301e-02
2.627925969277548623e-01 4.906077696332736271e-01 -2.916121754434903290e-01
2.556153991763024935e-01 4.708741144479957064e-01 -3.016471133710945662e-01
2.260248331800282229e-01 3.892336581692177333e-01 -2.511676275837960715e-01
2.682183015089963929e-01 4.731337866603004261e-01 -2.710471960000613856e-01
2.640450138573686711e-01 4.470532503966629378e-01 -2.711152371288256813e-01
-4.488322563301203744e-02 -2.005288428519114152e-01 -4.887538515901286851e-01
2.014248642789487169e-03 -2.669186746272379507e-01 -4.862848139635203570e-01
-1.834798803487832503e-02 -2.168934258165602091e-01 -4.636655819045659710e-01
8.763405732817185559e-03 -2.103581908777095444e-01 -4.703609801651795208e-01
-3.223058216977920387e-01 -1.505558895104264772e-01 -3.504101480594725704e-01
-3.520677466983311299e-01 -1.362803094221022859e-01 -4.000606698010202855e-01
-3.277454123218676574e-01 -1.297489735139557565e-01 -4.284883010753026689e-01
-4.018944288787807961e-01 -1.224168859713983953e-01 -4.306319423900974996e-01
-4.223577853230579549e-01 -1.303828520593644236e-01 -4.467590706938742162e-01
-4.581771748334262373e-01 -1.217111244069686432e-01 -4.104700827424191956e-01
-4.710368789950424850e-01 -1.251299011108724935e-01 -4.358106912642378816e-01
-3.429066932250153243e-01 -1.780970679050263850e-01 -3.150910471104246269e-01
-3.309344438370551145e-01 -2.645188495249739535e-01 -2.999950375555824889e-01
-4.560760859501141740e-01 -3.477643929763372110e-01 -3.581272513069465036e-01
-4.728501912618993663e-01 -3.195290633313344619e-01 -2.748305979169522462e-01
-4.548106285037747942e-01 -1.927159963410427501e-01 -2.786982931954562481e-01
-4.328413010950922790e-01 -1.960994869605638402e-01 -2.597711530536707114e-01
-4.271432825910501663e-01 -2.616147186858775453e-01 -2.434688561303470222e-01
-3.037523776943723552e-01 -3.407371773820110361e-01 -3.981745752292940588e-01
-3.297757411526562876e-01 -3.104656242586175119e-01 -3.752801703556655211e-01
-3.391487975827902068e-01 -3.877919849263744556e-01 -4.021466553485262274e-01
-3.765940801285804218e-01 -3.425319336071019904e-01 -3.947008123729724982e-01
-4.437291512164508456e-01 -3.380561966102785809e-01 -4.049405476723150765e-01
-4.678645705929500576e-01 -3.059741810770150727e-01 -4.480064523676057231e-01
4.447752625114642089e-01 -2.355376641141471716e-01 -3.705777025116602230e-01
4.743373782852949305e-01 -2.548391897649683879e-01 -2.817929056265550680e-01
-2.430124652609899627e-02 4.137400929697476193e-01 -4.793073137675921136e-01
1.179927868495835377e-02 4.115171199029329374e-01 -4.618685922064278970e-01
1.662293965944778018e-01 3.777794502821198996e-01 -4.632746700232459047e-01
1.903225846468011018e-01 4.708112403357735953e-01 -3.901517932431387559e-01
1.563282793556771966e-01 4.125612071764189759e-01 -3.968787921181428646e-01
3.936146210858397498e-02 4.210438001869450941e-01 -4.221781442928465022e-01
7.375695916457374046e-02 4.207918532333401185e-01 -3.658408516725216719e-01
5.797331396487116068e-02 4.576958471974459930e-01 -3.813773101136928023e-01
2.065964826158059320e-01 4.883910692859551594e-01 -4.076333971405812218e-01
4.066568611658174515e-01 7.281055422473903249e-02 -4.283824300480635339e-01
4.502470942962189526e-01 -7.835256164722501776e-04 -4.126316124704751398e-01
2.831789439837005262e-01 -2.688906364950668926e-02 -4.477485145345035944e-01
3.054264417447393187e-01 -6.775624676329622398e-02 -4.519369119771500243e-01
4.505905411666897287e-01 -9.871368514298523023e-02 -4.499012542985224572e-01
4.414547304853766452e-01 -4.949659352217801456e-02 -4.166693807158510232e-01
4.061250446690130578e-01 -1.094708227526382527e-01 -4.350719506999149444e-01
3.751224705096554701e-01 -1.038035051077373094e-01 -4.155747556615951854e-01
1.481611728422889407e-01 -2.728144160658881878e-01 -4.179792169924333445e-01
1.900469971085962939e-01 -2.692712701324166402e-01 -4.593344234036187412e-01
1.306231696307829648e-01 -3.147554968808948250e-01 -4.540149765006750160e-01
1.686099736764368195e-01 -3.216616184816209478e-01 -4.758216333011296983e-01
2.385778073317318948e-01 -3.709770546034001359e-01 -4.564833459519253012e-01
5.796182233056645233e-02 -3.742892813009818798e-01 -3.591117749284856719e-01
1.461024089690156347e-01 -2.732940466656434975e-01 -3.288446554507430952e-01
2.988559647584915213e-01 -3.466906709528061459e-01 -4.148105388198214949e-01
2.985288748192378994e-01 -3.071610514915735224e-01 -3.900833536321839379e-01
1.071019880355128795e-01 -2.888493718504301366e-01 -2.646722814284034886e-01
2.324190257351574362e-01 -2.589895463001272713e-01 -2.632489165549158905e-01
2.480118221285013969e-01 -3.228792046741013055e-01 -2.174573263709071447e-01
8.631605381402102095e-02 -3.667761829939583107e-01 -2.317938322140922769e-01
4.852828049040870673e-02 -4.195904225471469018e-01 -3.725067896987046545e-01
3.143688640709034754e-01 -2.879171047964049213e-01 -3.356481389265032478e-01
2.956507268104062724e-01 -4.638969750116597734e-01 -3.691825085827722397e-01
3.242967269091641680e-01 -4.019047332735605771e-01 -3.811907446274798161e-01
3.322455702665310096e-01 -3.351436673804221167e-01 -2.986909376927813220e-01
3.054685338686394802e-01 -3.536370144274321170e-01 -2.778224661432411868e-01
-1.485260710482637914e-01 -4.556567047613408472e-01 4.578479569961100282e-01
-1.560582075399271074e-01 -4.667077031350829186e-01 4.875713718980273503e-01
-1.278293777262863584e-01 -4.501514965725770256e-01 4.768528947919085104e-01
-3.938758049080948870e-02 -4.511474954969616480e-01 4.694476832080997641e-01
-1.785973777735712920e-01 -4.682102233509702893e-01 3.114493216723844271e-01
-9.631379748569450158e-03 -4.416764413052153282e-01 3.980350459669950713e-01
-1.144495427868264942e-01 -4.619945749675039570e-01 2.846758533901336818e-01
4.575669916212618017e-03 -4.562774368000199199e-01 -3.016268511295049914e-01
1.170785117605160214e-01 -3.922416406236057251e-01 -2.276835034092834220e-01
1.450867734992536129e-01 -3.985785224945445071e-01 -2.048902833714895400e-01
9.989223736881129578e-02 -4.385432871163236213e-01 -1.196907686987136454e-01
1.302746354999574641e-01 -4.432411366783091111e-01 -1.000806452463772478e-01
3.794363241366702222e-02 -4.354650645128240738e-01 -3.521814684064779044e-01
4.052927806173457770e-02 -4.422866582782212785e-01 -3.086161129942903703e-01
7.970324733515743443e-02 -4.195741046278249620e-01 -2.878821860844683611e-01
4.878647847642207658e-02 -4.523519282406041064e-01 -3.559872430398415832e-01
1.070569889021217164e-01 -3.947659024596107957e-01 -1.688390892242549179e-01
1.306779554280122768e-01 -4.125094768264385703e-01 -1.729950981842639512e-01
3.990546300183313022e-01 -4.832193410292049407e-01 -4.799230957057403629e-02
4.749230873267869524e-01 -4.943282378636794649e-01 4.417811885389019699e-02
4.870877191595233968e-02 2.214727207305162704e-01 6.945613301215019728e-03
5.633017362800310512e-02 2.581176522401635309e-01 1.281745963544291544e-01
3.431757697998201462e-03 1.554288200544744480e-01 7.958362622823297872e-02
-1.287131221907286335e-03 1.825049938437347252e-01 1.964374615862309603e-01
-6.420588479507612079e-02 1.255970566889475781e-01 1.272621212323131468e-01
-6.090369766780531768e-02 1.437260471724330635e-01 1.865384298521391981e-01
-3.082858467801870284e-02 1.607591052079672400e-01 2.173351287422961853e-01
-6.005956396073407200e-02 1.591652608723134743e-01 2.296572314838912776e-01
1.106109738607619596e-02 4.538213086234211269e-01 -2.101267599643671102e-01
-1.400572875049749255e-01 3.063607072725945124e-01 -2.142045133706234061e-01
-1.180597258818078810e-01 3.401733746040924156e-01 -2.547988598432759377e-01
-1.365457061246000969e-01 2.923772700230419241e-01 -2.494269421283907828e-01
6.170000523396648728e-02 2.370513229535065602e-01 -1.222882230004818799e-01
5.768754894705051955e-02 3.320790568108676344e-01 -2.547742681173086887e-01
4.854240818616380182e-02 3.862687973601410252e-01 -2.868441741379040288e-01
8.834537781304578619e-02 2.537128977361751692e-01 -2.407266800882955915e-01
7.809877797767325602e-02 2.621401506851293028e-01 -1.681571082459427935e-01
1.213341140591451539e-01 3.141347223114102083e-01 -1.671948102384462342e-01
7.437347994720046318e-02 2.770829798255552978e-01 -2.409660070624931594e-01
1.094159815571431882e-01 3.255272253924987869e-01 -2.619795717536461122e-01
-4.372511487796862939e-01 -5.089199221853250854e-02 1.586149897852410784e-01
-4.237602518162839060e-01 -3.075346663215658416e-01 2.421396484129956783e-01
-4.303978440354588320e-01 -7.931772694139815894e-02 1.464386389212459227e-01
-4.017739439744991148e-01 -1.118383468481818355e-01 1.625346014980366127e-01
-4.709813590452348042e-01 -4.166803543393235998e-01 1.515683497237626520e-01
-4.969042025619906378e-01 -4.267113283712247740e-01 1.030430412389542472e-01
-4.460528350277480070e-01 -3.960609680696451362e-01 4.966739265743188442e-02
-4.384185071772571107e-01 -3.789689280561282514e-01 8.000303089636370824e-02
-4.806159849354643687e-01 -4.323154434906784638e-01 9.538135694060347058e-02
-4.763236117903228983e-01 -4.074814515936106551e-01 1.075575211790859020e-01
-3.677657400711253355e-01 3.451208080487488949e-01 4.841419986713471624e-01
1.418383863217717589e-01 1.941757004014734722e-01 4.685219938380218441e-01
1.174353011792865220e-01 2.348202392864341403e-01 4.584692370492650659e-01
-4.637518454320162520e-01 3.327236756228282299e-01 -1.759010684825635940e-01
-4.548080477485702544e-01 3.604451070004768831e-01 -7.419423828738744287e-02
-4.364129295418447962e-01 3.327120929139815719e-01 -1.069956397672990056e-01
-4.525220236567882304e-01 1.280018681755631660e-01 -7.218599383268752001e-02
-4.346286923241363676e-01 1.464517615539976947e-01 -7.985137069767225815e-02
-4.455922125404033762e-01 1.959838936491719308e-01 5.898695972948619221e-02
-4.696846969700798624e-01 2.212284467958864076e-01 8.492197174193938380e-02
-4.514242434479303623e-01 1.761967140656690578e-01 2.986677166750349721e-03
-4.251924202421702437e-01 1.929685727843352683e-01 -3.411182699123872092e-02
2.984896375594729423e-01 2.636426790207542226e-01 4.611569180963628889e-01
4.415220831637644561e-01 4.254843494228337519e-01 4.651314214781532286e-01
3.336415012533122670e-01 1.588022212139722500e-01 4.193037315604163373e-01
2.924903507659524227e-01 1.911005641785772369e-01 4.103425439913159778e-01
2.724298601234270145e-01 4.105456328760558882e-01 4.531663066228036052e-01
4.557949818288384858e-01 4.975583926466727314e-01 3.361836840727747688e-01
3.561574828656878244e-01 1.392905761808353737e-01 3.451364291966609876e-01
3.941988258173420023e-01 1.744561343722257352e-01 2.220848749418807555e-01
4.477688315340251357e-01 2.784915659145366096e-01 2.267207194314215524e-01
2.684368475504008145e-01 1.737819362705404491e-01 2.653793225862433602e-01
3.127982107367865972e-01 1.585618570300615648e-01 2.827967305465118875e-01
3.381653531233050347e-01 1.736895831980163896e-01 2.077870976551264570e-01
2.763681443270398774e-01 3.302198136774680548e-01 2.114604616424496653e-01
3.617565840247409237e-01 4.087876898933833214e-01 1.684733558534838027e-01
2.654339017805001921e-01 3.828975639679583765e-01 2.091007816540846886e-01
3.404450011529323028e-01 4.254141403942198751e-01 1.842076149627393522e-01
2.792363991191708639e-01 2.328476916128793262e-01 2.333871490744472144e-01
2.953878620988932835e-01 1.925367641742665170e-01 2.195157472389339115e-01
2.668716600082583490e-01 1.973685339220961343e-01 2.449507540859898747e-01
-3.332042185170596138e-01 4.832012134794654301e-01 -2.717707619006528574e-01
-1.846149549857724892e-01 2.310885492721070911e-01 -2.881190117977994736e-01
-2.084447762123965431e-01 2.473541431207252617e-01 -3.067032710375197646e-01
-1.738314928141644344e-01 2.660784263170619668e-01 -2.836751483156782494e-01
-1.671002527828853446e-01 2.585145449459798073e-01 -2.172503342604679144e-01
-1.335445712246009498e-01 1.637763451868380626e-01 -1.724100236379353945e-01
-1.621783924950378764e-01 1.115583456566572318e-01 -2.064868660554521618e-01
-1.735230185575180051e-01 1.436936655589128031e-01 -2.416402518431185198e-01
-3.220869958843527447e-01 1.655502367820661513e-01 -2.587794932194903974e-01
-2.649888660283968300e-01 2.316190742423031856e-01 -3.048818965522372970e-01
-3.188850056221008145e-01 2.617970572734640844e-01 -2.391950548234246798e-01
-2.400022073815769319e-01 1.082572936233344024e-01 -2.335795131434806882e-01
-3.147695964192841478e-01 1.357561545763758537e-01 -2.312492562760060932e-01
-3.302977734026660284e-01 1.248354198548691785e-01 -1.638701699985410376e-01
-2.466330117761453555e-01 8.161635758002408481e-02 -1.693738068399044394e-01
-2.071294264879522118e-01 6.931410508991218966e-02 -1.567046626125359055e-01
-2.794098355051040095e-01 8.883314810514769677e-02 -1.495964150146144589e-01
-2.162396689640466718e-01 9.480291805276380712e-02 -1.322104668906914915e-01
-1.828237819332602376e-01 1.395528900009775086e-01 -1.198641950851486865e-01
-2.342079113187909289e-01 1.035048129506337955e-01 -8.721599678427850721e-02
-2.063270730899319505e-01 1.720703216889089004e-01 -4.743870462471588834e-02
-1.949396986128179021e-01 1.905721351997171631e-01 -7.311846395269694376e-02
-2.062811923079379828e-01 1.380716702987836442e-01 -6.588155339996122628e-02
-1.840419391325237020e-01 1.485891488526854265e-01 -8.828581177037544969e-02
-4.320191798288517959e-01 4.405449170210510856e-01 -4.971848997328542907e-02
-4.674230173897642171e-01 4.824930050446590291e-01 -4.983908965540376212e-02
-4.452079602431386895e-01 4.562977487148396349e-01 4.702130979433979258e-02
-3.587999312334430591e-01 4.267612973190947345e-01 1.309983971348130938e-01
-3.358336568743817141e-01 -4.473798634946855035e-01 -4.382540313958206979e-01
-3.207589022650378929e-01 -4.842928334113071331e-01 -4.556319566284148803e-01
-2.651549801506450366e-01 -2.343884141586950465e-01 -4.776654827721423247e-01
-3.312286172301175946e-01 -2.214966580940409824e-01 -4.614208555694688241e-01
-3.251144724685421372e-01 -2.571328857509839749e-01 -4.475864141992536016e-01
-2.527937211054350208e-01 -2.882272700734961335e-01 -4.559315424530802074e-01
-2.883592511708735207e-01 -3.156883959397336903e-01 -4.384392737414863350e-01
-4.591737881794468179e-01 -3.118821248082121605e-03 2.199186384584513321e-01
-3.977287578606787943e-01 -8.079439540394339758e-02 4.117062875569437175e-01
-4.247574008234001330e-01 -1.315085577870528932e-01 4.278125374816619253e-01
-4.314684643434446576e-01 4.934309603912177128e-02 3.793846979439428058e-01
-4.839675707631797552e-01 6.323058776119754032e-02 4.026340312472375671e-01
-4.507544448094967793e-01 7.598545635202032245e-02 3.575331850806792722e-01
-4.288082900346196769e-01 -1.301625208677442969e-01 2.352683726418217658e-01
-4.509158069969728122e-01 -6.143223156903312998e-02 1.820433400914718280e-01
-4.223718552683358163e-01 -1.734483312792148846e-01 4.107256054710393123e-01
-4.853021881566894624e-01 -2.239621455319469046e-01 2.594948333651256878e-01
-4.480325329082252006e-01 -2.141304485044584205e-01 2.592513261397578761e-01
-4.164752287159627087e-01 -2.224302495896701148e-01 3.348644483957502471e-01
-4.367901325357925746e-01 -2.093880698430576337e-01 3.765097770585216774e-01
-3.791332928395020341e-01 -1.471060147702565601e-01 3.307608636019968018e-01
-3.836199176805322741e-01 -1.638491971329131547e-01 3.531101314722649986e-01
6.221956892351017399e-02 4.269758759061467179e-01 1.921197984726952246e-01
-8.215220991064366152e-02 4.713713711894636504e-01 -1.927747219941672030e-01
-1.770478160308179283e-01 4.567735363000050008e-01 -2.283484320532648826e-01
-1.484291606735271274e-01 4.313427929039331254e-01 -2.030208734895171119e-01
-2.740732234253013266e-01 4.635859330248301990e-01 -2.219937556725438410e-01
-4.519542292648297543e-01 -1.200325953482117569e-01 3.774897482885575251e-02
-4.735131361402957206e-01 -1.129213535503886950e-01 1.808792564326826974e-02
-4.552328202712985217e-01 -1.012742936695421037e-01 1.815370768859449896e-02
-3.756660854536569838e-01 -6.525992206276198804e-02 6.652825692213570896e-02
-4.110752250433719612e-01 -8.493641490148937101e-02 8.100708224472240315e-02
-2.932219849074048645e-01 -1.118298860192085131e-01 -6.404944036382151720e-03
-4.696282801333090950e-01 -1.561456959942155998e-01 -2.277400784793689667e-02
-4.670041552317448774e-01 -2.081494171923218561e-01 -6.741443676996431746e-03
-4.371467725415352779e-01 -1.058175387285114621e-01 -4.644276724454479005e-02
-3.427136572452192942e-01 -1.504900484435541252e-01 1.108750315386327207e-01
-4.410733588487831258e-01 -1.447001350643032092e-01 -7.432008283093294310e-02
-2.572020282366953015e-01 -1.995162908598496210e-01 1.067617440096011033e-01
-2.754809811612619619e-01 -1.701726386190473006e-01 1.277140544793607946e-01
-2.722572970756432231e-01 -1.709958175775449785e-01 5.666012344198639167e-02
-2.529918598895757320e-01 -2.370150927185017131e-01 9.703323911977076999e-02
-2.925027974309645229e-01 -2.601212923516295628e-01 1.083114063957436868e-01
-3.212006128867745947e-01 -2.582783634706740106e-01 1.165093523052769253e-01
-3.982127901898890876e-01 -1.627802386863790030e-01 -1.190840842337296812e-01
-4.252395136883461157e-01 -3.032979364456608873e-01 -2.982493417362140284e-02
-4.109316597328380727e-01 -3.167419763724551030e-01 3.846037378830700904e-02
-4.396445181040635197e-01 -2.707394499466367899e-01 -1.338046394331009539e-03
-3.008699836749438861e-01 -2.839306984874611084e-01 8.044766961464673571e-02
-3.725554735250711236e-01 -3.139116500679384747e-01 6.637697978925485853e-02
-3.028614813029775754e-01 -2.458634564242533904e-01 -1.144660189156653483e-02
-2.922849292227965856e-01 -2.888482809631255921e-01 5.529493559751529758e-03
-2.976778794640014825e-01 -1.419461830156323878e-01 -8.905078954619247145e-02
-3.095612496579677186e-01 -1.274223679142778010e-01 -7.278622188574120078e-02
-3.353681352431764351e-01 -1.389546295561673861e-01 -1.187310771323906583e-01
-3.104940063617196988e-01 -1.086235086308662556e-01 -9.270146718007953035e-02
-3.030310730497589589e-01 -2.117828571211052557e-01 -7.125807027073481625e-02
-3.782807074551959303e-01 -2.495439164295408518e-01 -1.046828701173595222e-01
-3.862728496558736069e-01 -3.048812668091848699e-01 -6.082347619065600619e-02
-3.097287521970116808e-01 -2.536504820807733429e-01 -1.118119310403790229e-01
-3.121800851855819348e-01 -2.916594485105345469e-01 -5.103705895315392704e-02
-1.885014488959038115e-01 3.102480280224992892e-01 4.520633758409410841e-01
-2.780725177320775843e-01 4.552143579672375817e-01 3.410151861979737742e-01
-2.776732099063329851e-01 4.148550470880382757e-01 4.311198345919031172e-01
-1.349701218072615061e-01 1.846056572370476379e-01 2.519391154038229108e-01
-1.180917293848888910e-01 2.348036599680166092e-01 2.589912933461694933e-01
-1.771078018370597362e-01 3.082111966486200672e-01 2.074815970296009782e-01
-3.036409394442546872e-01 2.766994038685284263e-01 4.509471339519501298e-01
-3.249298352218890074e-01 3.309808377884294606e-01 4.506391376252300018e-01
-2.236937266846548700e-01 1.788043489668232067e-01 2.557366655745735295e-01
-3.330212840220475590e-01 1.916075735051904760e-01 3.308352073955315165e-01
-3.821188552184899834e-01 2.765789578233214807e-01 2.710578549498890433e-01
-4.108136752184034513e-01 3.407562168633422872e-01 3.004934382126651093e-01
-3.496637023054917637e-01 4.193357915885349008e-01 2.553941108596668452e-01
-3.771484632036515294e-01 2.807329187153546624e-01 1.969728674752898867e-01
-3.397604302340248572e-01 3.576395847983732112e-01 1.666854855064624774e-01
-3.492329705085071012e-01 4.677666203413902157e-01 1.840873295239794094e-01
-3.453167335172379060e-01 4.859523532373583032e-01 2.513476893894030506e-01
-3.169778152460151488e-01 4.991371395757145946e-01 2.900903439193721067e-01
-1.421342043951919626e-02 3.679570176060699138e-01 2.847705465517234025e-01
3.646818030498896052e-02 4.425557647098878888e-01 2.554812187231228493e-01
-7.232199826861616943e-02 4.613438356703665200e-01 2.366607085927227572e-01
-8.445419967964352959e-02 3.340215242463277501e-01 2.888725530360307658e-01
-1.071918927590998910e-01 3.848451894425387043e-01 2.671559422030234110e-01
-1.905089885253554161e-01 4.569793296218803702e-01 4.656779481262370846e-01
-2.230770448419440999e-01 4.491912039131983891e-01 3.353290884498001390e-01
-1.654311981940317644e-01 3.544334085919724209e-01 4.111132174686181751e-01
-2.180878459638317945e-01 4.217188172729848250e-01 4.306819379863385810e-01
-2.667403471312366214e-01 3.083899036223923251e-01 1.638108891751182405e-01
-3.173583202519867363e-01 3.064211486941698093e-01 1.874062075080914769e-01
-2.000105126797062094e-01 3.163021719119566977e-01 1.537493790240473945e-01
-1.972779625571533524e-01 3.546112822458390434e-01 1.107656120001097866e-01
-2.958192611762265334e-01 4.157942468257703750e-01 8.690530237962590387e-02
-2.565679292440582460e-01 4.129995403294727252e-01 8.013283131504586598e-02
-3.271106287828315917e-01 2.431970918504225698e-01 1.128771376384667957e-01
-2.985580927029727882e-01 2.860174312040552613e-01 1.884439505225250777e-01
-3.370182340670999088e-01 2.846373273497628253e-01 1.686384833481084644e-01
-3.076818818488568641e-01 2.237734734533257663e-01 4.095218780210944237e-02
-2.161067539677995475e-01 1.973052466241894121e-01 -5.630321593252518575e-02
-2.167486283669742830e-01 2.072140489419715959e-01 -4.260446369923214655e-02
-1.720050536669618657e-01 2.984816677234298776e-01 8.136031743048011133e-02
-1.472402097705448609e-01 3.213521471154789921e-01 5.778593470631475382e-02
-1.850065672672855377e-01 1.960641431514793809e-01 -3.798475783961322017e-02
-1.634113170078459187e-01 2.481220830848080150e-01 -2.714988019022328281e-02
-1.763276785186997375e-01 2.227287079120513491e-01 -3.687144355442460719e-02
4.309321440337991749e-02 3.193274951782091864e-01 3.901858809754820551e-02
8.298726001837972155e-02 3.719953587418617369e-01 1.002942697358676361e-01
1.455007134572740279e-01 4.009143059744508242e-01 -9.744559489045551137e-02
9.278598946596040842e-02 3.581586775764742381e-01 -1.142942101197961108e-01
7.812012358669348511e-02 4.492682747992200465e-01 1.303942674673237989e-01
-1.571570048932893759e-01 3.239892673322313787e-01 -1.974543704098305208e-01
-1.700445615723990000e-01 3.869896983312331451e-01 -1.768705582551292621e-01
-1.789269415157499765e-01 2.878599760998337143e-01 -1.559721642193456770e-01
-1.939887668249300756e-01 2.459051525294509988e-01 -7.994541192591997358e-02
-1.758779823395322239e-01 2.505296636792767595e-01 -4.487044776009764535e-02
-1.566212067381012041e-01 3.203591009603051765e-01 9.184529203411655879e-03
2.418269140585466714e-01 4.284898937863164115e-01 4.669643512009704622e-01
8.651867666245210975e-02 3.900303536497800594e-01 4.624085229624843030e-01
4.897266009438862311e-02 4.108433638976633495e-01 3.992915010629147776e-01
5.384269940277555677e-02 4.475012972333002326e-01 3.431698471859631061e-01
4.535495214180266244e-01 3.471413954498649423e-01 4.771406027056653842e-01
3.705116256269668784e-01 2.502668235845468270e-01 4.748196592698045171e-01
3.855090488905014712e-01 1.814034288972567743e-01 4.205796822638943611e-01
4.246094580595259349e-01 1.486772288452097857e-01 4.518337410325721781e-01
4.758927931997421479e-01 2.582935894321036208e-01 2.754924526158702425e-01
4.040451972483521947e-01 1.368931007097472230e-01 3.311765525609331462e-01
4.298547661152795074e-01 1.549553235901332537e-01 3.078088382849343274e-01
4.722008651153103420e-01 1.132346208475081689e-01 4.554158400930060080e-01
4.361666748932042648e-01 9.442577463083813571e-02 3.374198864566331224e-01
4.602081634192594084e-01 1.190734510718587519e-01 3.187501695565145288e-01
8.643576064717706231e-02 4.698211255620941551e-01 8.816085142960722321e-02
1.820829753358989278e-01 4.639943022535626960e-01 -7.235901682866266449e-02
1.376688370508007964e-01 4.539930403556096117e-01 -7.275443803956717359e-02
4.747754925955061100e-02 4.618846537404248664e-01 1.620433692603159836e-01
4.802378084094220678e-02 4.632377385006408721e-01 1.188700441207020120e-01
8.579235797169878011e-03 4.675085476830433961e-01 -1.717279801904729453e-01
6.090411174636178870e-02 4.334368870964069309e-01 -1.475033092584224770e-01
-7.887461931496134171e-02 4.704858719372151388e-01 -1.547676577913516816e-01
-1.930893160603851938e-02 4.540793131380247427e-01 7.641302367117734640e-02
-1.177451901952890068e-01 4.736647225218313384e-01 -6.122130029642874893e-02
-2.930649466583635232e-01 4.366680936754493980e-01 -1.777647754371873279e-01
-2.155600659670261487e-01 3.872464872755651544e-01 -1.410166254580608736e-01
-3.980262214391543929e-01 3.394187480740001317e-01 -9.979259462148620807e-02
-3.424190121940330345e-01 3.207417142588716574e-01 -1.991035957432363279e-01
-3.039955126660211504e-01 2.937422354549065751e-01 -1.912098830668199634e-01
-2.277056366277020738e-01 3.191674354135221048e-01 -1.404575436410260558e-01
-2.297401023832366940e-01 2.806418604809546302e-01 -8.192250284828993256e-02
-3.758426311515741247e-01 4.095996256743477115e-01 -6.908726893642472278e-02
-3.191399294159839028e-01 4.587318521668215521e-01 -1.090824938112422010e-01
-2.958137696616548462e-01 3.879381521833253910e-01 -9.116495107585359525e-03
-2.475650674666315665e-01 4.314244340291331081e-01 -4.889091531854668909e-02
-2.327560392415877477e-01 4.137732831061939898e-01 -5.659687740318529448e-02
-2.483159777619434461e-01 4.200604225016891236e-01 2.544659978310277737e-03
-2.230326448590463639e-01 3.761597131014335349e-01 -1.508135584925056165e-02
-3.449913111401713972e-01 2.670898563456489128e-01 -5.976598606459885415e-02
-3.166194165887461498e-01 2.623214667334884398e-01 -3.362872544842798739e-02
-3.053410988480252386e-01 2.138185379526518493e-01 -9.377161487476635970e-02
-2.630417074489468932e-01 2.277782973070843209e-01 -7.515851622622350681e-02
-1.281186448429885161e-01 2.550856868743177075e-01 -7.310922077088108373e-02
-1.370113965124424016e-01 3.203302250937458684e-01 -1.613051128779817711e-01
5.122037970209647462e-02 2.717608769240496547e-01 -8.433189402731909590e-02
3.641902636785020186e-02 2.428338335374488344e-01 -6.524013898443456472e-02
-4.099037360434563265e-02 2.501948777318964146e-01 -5.317800812308846881e-02
2.697036104661123396e-02 2.460132950397766194e-01 -4.239818788356598811e-02
2.491238160101668514e-02 2.908184263724576946e-01 -1.993964575589250721e-02
5.510912514937826856e-02 3.009659652927260121e-01 -7.868173496434725800e-02
-1.086787068677108337e-01 3.349742521044792865e-01 1.163455118092690532e-02
-1.325634472414750908e-01 4.071408336276671758e-01 -1.220264077880310050e-01
-7.971925848520489133e-02 3.364742207033007415e-01 1.874487298790981915e-02
-7.716467773253179660e-03 3.146823930570551986e-01 7.475205902811007767e-03
-4.895845600726668467e-02 3.957712099508106651e-01 1.882252270950165139e-03
-1.222574956477519847e-01 4.254457019314858424e-01 -6.600826096445241986e-02
-1.008963683868062816e-01 4.539422074375251137e-01 -1.257010076823273370e-01
-6.199850871070353153e-02 4.588137018738587258e-01 -1.193356809708802091e-01
-9.615692653136306833e-02 4.632894683499368393e-01 -7.831260069597360818e-02
-9.900375547143096255e-02 4.594476555527853834e-01 -8.608531222290269347e-02
4.912084635722001047e-01 -3.396099651586529933e-01 5.000000000000000000e-01
4.876981252204564687e-01 -3.636855372197705383e-01 5.000000000000000000e-01
5.000000000000000000e-01 -3.366963964606179971e-01 4.703421209052831009e-01
-4.921442030319893579e-01 -5.000000000000000000e-01 5.245829856606470248e-02
-1.080662934293308008e-01 -5.000000000000000000e-01 -6.560504544134890259e-02
-5.000000000000000000e-01 9.928810145638539142e-03 -3.281768598933358927e-01
-5.000000000000000000e-01 -8.642324001724217830e-03 -2.393430392243946214e-01
4.627037067142630300e-01 -3.935252089209567705e-01 5.000000000000000000e-01
4.428480330819755117e-01 -5.000000000000000000e-01 3.877865364276516513e-01
2.110481243401057250e-01 -1.254500059766774089e-01 5.000000000000000000e-01
2.851002501495379371e-01 -2.185941266389125615e-02 5.000000000000000000e-01
1.043544038023270643e-01 -8.532039891624865202e-02 5.000000000000000000e-01
3.407231342464200896e-01 -2.116839826421290927e-01 5.000000000000000000e-01
3.790286834133349547e-01 -3.309698181817461449e-01 5.000000000000000000e-01
5.595101221634886553e-03 -2.921611669193135974e-01 5.000000000000000000e-01
1.363973834098247684e-02 -1.877804110783659608e-01 5.000000000000000000e-01
-3.982721619611483133e-02 -1.750982520584300484e-01 5.000000000000000000e-01
-5.551066032120541283e-02 -1.907695416748682316e-01 5.000000000000000000e-01
1.568604908025318101e-01 -3.354771716395525960e-01 5.000000000000000000e-01
1.190112862222837686e-02 -3.200503275294478978e-01 5.000000000000000000e-01
-1.504593710481649527e-01 7.928378247985609639e-02 5.000000000000000000e-01
-3.163453326425519352e-01 2.581496310245469661e-01 -5.000000000000000000e-01
-3.697236590976647475e-01 3.475253880959708330e-01 -5.000000000000000000e-01
-5.000000000000000000e-01 2.284083737277903536e-01 -4.254434888340069554e-01
-3.373277713618967333e-01 1.170732956120438401e-01 -5.000000000000000000e-01
5.000000000000000000e-01 2.284083737277902704e-01 -4.254434888340069554e-01
-3.906756138320300886e-01 -2.397526905177360945e-01 5.000000000000000000e-01
-4.241502078085038208e-01 -2.496748264276619500e-01 5.000000000000000000e-01
-5.000000000000000000e-01 -3.366963964606179971e-01 4.703421209052829899e-01
-3.147355496582554535e-01 -5.000000000000000000e-01 -2.410126619795738001e-01
-3.010522128172742340e-01 -5.000000000000000000e-01 -2.107181294747308975e-01
-2.041948402549585984e-01 -5.000000000000000000e-01 -3.779555835101344741e-01
5.000000000000000000e-01 -1.520362391684488557e-01 -2.084566914454655806e-01
5.000000000000000000e-01 2.041742313741697901e-01 -2.144273969068528629e-01
5.000000000000000000e-01 -8.642324001724321914e-03 -2.393430392243945937e-01
5.000000000000000000e-01 9.928810145638608531e-03 -3.281768598933358372e-01
5.000000000000000000e-01 -3.960041739378637460e-01 1.615912595388989126e-01
2.504516450119248505e-01 -5.000000000000000000e-01 3.430364385598630994e-01
-5.000000000000000000e-01 -3.415439420061963660e-01 -2.452533545388737579e-01
-5.000000000000000000e-01 -4.695125759597476578e-01 -1.832659553700446420e-01
-4.886464466661303296e-01 -5.000000000000000000e-01 -3.414672880874713989e-01
-3.667694341843477090e-01 -5.000000000000000000e-01 2.720809911005068193e-01
5.000000000000000000e-01 4.860020278654796355e-01 -9.972155336556876026e-02
4.466773494076817785e-01 5.000000000000000000e-01 -9.132423052644458861e-02
3.051014775606435969e-01 5.000000000000000000e-01 -4.569678949145727920e-02
-2.501178066948214762e-01 -2.260084851119698035e-01 5.000000000000000000e-01
-3.373277713618967333e-01 1.170732956120438123e-01 5.000000000000000000e-01
-2.249391541521405524e-01 -6.913812896307038047e-02 5.000000000000000000e-01
-4.038699363599072834e-02 -8.875945900541217654e-03 5.000000000000000000e-01
-3.854418301075077657e-01 -2.249266963805506836e-01 5.000000000000000000e-01
4.708822399927229396e-01 -9.879319902393828012e-02 5.000000000000000000e-01
5.000000000000000000e-01 3.511589488747657861e-01 2.380447620491852462e-02
5.000000000000000000e-01 4.323488644258426938e-01 -2.939125561495533057e-01
5.000000000000000000e-01 -3.723916147613507976e-01 7.870396346990504721e-02
5.000000000000000000e-01 -4.031156470042462359e-01 1.334488067818479229e-01
5.000000000000000000e-01 3.675907087623336844e-01 9.016088241301289941e-02
-3.501513620666000803e-01 4.916901252700817682e-01 -5.000000000000000000e-01
-3.204627602620755411e-01 5.000000000000000000e-01 -4.661442941244703930e-01
-1.552435539115469276e-01 2.759410356791945351e-01 -5.000000000000000000e-01
5.000000000000000000e-01 4.268548033615238713e-01 -4.776613271240084946e-01
4.408189817404781774e-01 5.000000000000000000e-01 -4.267296500144446836e-01
3.008769263771399194e-01 5.000000000000000000e-01 -4.838493299414570181e-02
2.689286945226398995e-01 5.000000000000000000e-01 -3.160465645829644288e-01
-4.038699363599070058e-02 -8.875945900541217654e-03 -5.000000000000000000e-01
-3.982721619611481745e-02 -1.750982520584301039e-01 -5.000000000000000000e-01
1.043544038023270643e-01 -8.532039891624865202e-02 -5.000000000000000000e-01
1.363973834098247684e-02 -1.877804110783659886e-01 -5.000000000000000000e-01
-2.249391541521405247e-01 -6.913812896307039435e-02 -5.000000000000000000e-01
-5.551066032120532262e-02 -1.907695416748682316e-01 -5.000000000000000000e-01
5.595101221634882216e-03 -2.921611669193134864e-01 -5.000000000000000000e-01
-5.000000000000000000e-01 -1.520362391684488834e-01 -2.084566914454656084e-01
-5.000000000000000000e-01 -3.331497897319233292e-01 -2.538761136894551185e-01
4.627037067142630855e-01 -3.935252089209567705e-01 -5.000000000000000000e-01
4.408189817404781774e-01 -5.000000000000000000e-01 -4.267296500144445726e-01
2.578574922489402788e-01 2.657317599016908449e-01 -5.000000000000000000e-01
9.585761120935694379e-02 3.819420445968391697e-01 -5.000000000000000000e-01
4.810571749718310919e-01 3.733618649475134443e-01 -5.000000000000000000e-01
4.626831403976288670e-01 4.491560543155641017e-01 -5.000000000000000000e-01
3.760190313573096854e-01 2.467717249945052538e-01 -5.000000000000000000e-01
5.000000000000000000e-01 -3.415439420061963660e-01 -2.452533545388737579e-01
5.000000000000000000e-01 -3.331497897319233292e-01 -2.538761136894551185e-01
4.708822399927229396e-01 -9.879319902393828012e-02 -5.000000000000000000e-01
2.851002501495379926e-01 -2.185941266389127696e-02 -5.000000000000000000e-01
4.290340460054181682e-01 1.510434203090939287e-01 -5.000000000000000000e-01
2.110481243401057527e-01 -1.254500059766774089e-01 -5.000000000000000000e-01
3.407231342464200896e-01 -2.116839826421291204e-01 -5.000000000000000000e-01
1.568604908025317823e-01 -3.354771716395525960e-01 -5.000000000000000000e-01
1.190112862222838033e-02 -3.200503275294478978e-01 -5.000000000000000000e-01
3.790286834133349547e-01 -3.309698181817461449e-01 -5.000000000000000000e-01
8.848125514894567001e-02 -5.000000000000000000e-01 9.046297333241871963e-02
2.500086415910480198e-01 -5.000000000000000000e-01 3.377928654546867859e-01
-1.702832406171998769e-01 -5.000000000000000000e-01 4.898833427211827796e-01
-1.890325372074586410e-02 -5.000000000000000000e-01 4.951698633863899079e-01
-9.867327614777020306e-02 -5.000000000000000000e-01 2.607531990292075719e-01
-1.279122452174192293e-01 -4.192468118687607825e-01 5.000000000000000000e-01
-6.072933205411878976e-02 -5.000000000000000000e-01 1.699200787766318999e-01
2.689286945226398995e-01 -5.000000000000000000e-01 -3.160465645829644843e-01
5.000000000000000000e-01 -4.695125759597476578e-01 -1.832659553700446697e-01
3.008769263771399749e-01 -5.000000000000000000e-01 -4.838493299414567406e-02
-1.018568991939210466e-01 -5.000000000000000000e-01 -1.928322979106399382e-01
5.392071006568550928e-02 -5.000000000000000000e-01 -3.683857409480141287e-01
4.466773494076817785e-01 -5.000000000000000000e-01 -9.132423052644458861e-02
5.000000000000000000e-01 -4.661999480216925673e-01 7.222925562897770935e-02
3.051014775606436524e-01 -5.000000000000000000e-01 -4.569678949145725838e-02
-5.000000000000000000e-01 9.766737200842762201e-02 4.512525376501532182e-01
-5.000000000000000000e-01 -4.661999480216926783e-01 7.222925562897768159e-02
-5.000000000000000000e-01 -3.723916147613507421e-01 7.870396346990504721e-02
-5.000000000000000000e-01 -4.031156470042462359e-01 1.334488067818480062e-01
-5.000000000000000000e-01 -3.960041739378637460e-01 1.615912595388988848e-01
-2.036536716223403820e-01 -5.000000000000000000e-01 -1.225743056136371044e-02
-5.000000000000000000e-01 3.511589488747658416e-01 2.380447620491862870e-02
-5.000000000000000000e-01 2.041742313741697901e-01 -2.144273969068528629e-01
4.789738767760286509e-01 5.000000000000000000e-01 3.293852953647646298e-01
5.000000000000000000e-01 2.799283303634774733e-01 1.593144147114822495e-01
5.392071006568548153e-02 5.000000000000000000e-01 -3.683857409480141287e-01
-2.041948402549585984e-01 5.000000000000000000e-01 -3.779555835101344741e-01
-5.000000000000000000e-01 4.268548033615238158e-01 -4.776613271240084946e-01
-5.000000000000000000e-01 2.799283303634774178e-01 1.593144147114822495e-01
-5.000000000000000000e-01 3.675907087623336844e-01 9.016088241301284389e-02
-4.921442030319894134e-01 5.000000000000000000e-01 5.245829856606474412e-02
-5.000000000000000000e-01 4.860020278654796355e-01 -9.972155336556869087e-02
-1.504593710481650082e-01 7.928378247985609639e-02 -5.000000000000000000e-01
-3.204627602620754856e-01 -5.000000000000000000e-01 -4.661442941244703375e-01
-1.279122452174192015e-01 -4.192468118687608380e-01 -5.000000000000000000e-01
-3.906756138320302552e-01 -2.397526905177360668e-01 -5.000000000000000000e-01
-3.854418301075078213e-01 -2.249266963805506558e-01 -5.000000000000000000e-01
-2.501178066948214762e-01 -2.260084851119698313e-01 -5.000000000000000000e-01
-4.241502078085037652e-01 -2.496748264276618667e-01 -5.000000000000000000e-01
-5.000000000000000000e-01 3.205125622826563575e-02 4.095800831279238219e-01
-5.000000000000000000e-01 1.008243797659144070e-01 3.384445080804054928e-01
-5.000000000000000000e-01 9.031926149970503914e-02 4.259652273058298633e-01
-1.018568991939209911e-01 5.000000000000000000e-01 -1.928322979106398549e-01
-3.163453326425518797e-01 2.581496310245470216e-01 5.000000000000000000e-01
-1.552435539115469276e-01 2.759410356791945351e-01 5.000000000000000000e-01
-3.697236590976647475e-01 3.475253880959708330e-01 5.000000000000000000e-01
-3.147355496582555090e-01 5.000000000000000000e-01 -2.410126619795738556e-01
-3.010522128172741785e-01 5.000000000000000000e-01 -2.107181294747309253e-01
-3.667694341843476535e-01 5.000000000000000000e-01 2.720809911005068193e-01
2.500086415910480753e-01 5.000000000000000000e-01 3.377928654546867304e-01
2.504516450119249060e-01 5.000000000000000000e-01 3.430364385598630994e-01
9.585761120935701318e-02 3.819420445968391697e-01 5.000000000000000000e-01
2.578574922489402788e-01 2.657317599016908449e-01 5.000000000000000000e-01
4.626831403976288670e-01 4.491560543155641572e-01 5.000000000000000000e-01
4.428480330819755117e-01 5.000000000000000000e-01 3.877865364276516513e-01
3.760190313573097409e-01 2.467717249945052538e-01 5.000000000000000000e-01
4.810571749718311474e-01 3.733618649475133888e-01 5.000000000000000000e-01
4.290340460054181682e-01 1.510434203090938454e-01 5.000000000000000000e-01
5.000000000000000000e-01 9.766737200842755262e-02 4.512525376501532182e-01
5.000000000000000000e-01 9.031926149970498363e-02 4.259652273058298633e-01
5.000000000000000000e-01 1.008243797659143792e-01 3.384445080804054928e-01
5.000000000000000000e-01 3.205125622826536513e-02 4.095800831279239329e-01
-9.867327614777023082e-02 5.000000000000000000e-01 2.607531990292075164e-01
-1.702832406171999047e-01 5.000000000000000000e-01 4.898833427211827796e-01
-6.072933205411878976e-02 5.000000000000000000e-01 1.699200787766318721e-01
8.848125514894564225e-02 5.000000000000000000e-01 9.046297333241869187e-02
-1.080662934293307731e-01 5.000000000000000000e-01 -6.560504544134901361e-02
-2.036536716223403820e-01 5.000000000000000000e-01 -1.225743056136368442e-02
