-1.443855749393175847e-01 4.598602814715627152e-01 -3.005110054454995239e-01
2.614073320219029162e-01 2.992706661753340436e-01 -1.907817877502798742e-01
-2.862212088311683611e-01 4.181345040932463730e-01 -1.574494217711373267e-01
8.487700663762766384e-02 -2.349220777248856307e-01 -2.475079981866830092e-01
1.218148533372593600e-01 1.066418213123101338e-01 1.518439259700697097e-01
1.036604894418979711e-01 1.758103883006943424e-01 2.034623615805607189e-02
8.504619633022840464e-02 -1.886608426681350009e-02 8.938043256334675390e-02
8.149363928407825364e-02 6.442708939104505039e-02 1.176934080418711170e-01
8.304970368257424615e-03 -3.245848850614888731e-02 7.505133574563734034e-02
3.525125428864077370e-02 6.889221916019241942e-02 1.269661560834089986e-01
8.697229395350118686e-02 1.778120625335477267e-01 -1.659247744614653769e-03
-2.648068623902483099e-02 9.229117277848085388e-02 8.891398219002777381e-02
4.292902081887155219e-02 3.165778445878933978e-01 -3.065188593811170037e-01
2.649532477324825219e-01 4.147037044655162430e-01 -1.641699273907226142e-01
-1.080844615507305095e-01 4.821385478901235033e-01 -2.754308653840263355e-01
-8.663628446480449441e-04 4.378511583602135437e-01 -2.215962626173526018e-01
3.854191759635205439e-01 2.466861954837437365e-01 -1.928662044959699451e-01
3.569823512286128264e-01 2.609945168470206300e-01 -1.553153420909279270e-01
4.540121995628080276e-01 1.839509572216662114e-01 2.382400873238035149e-02
4.202602500367919047e-01 1.933092602077628452e-01 2.711720258756732116e-02
4.017739662967115821e-01 2.165347957334796680e-01 9.499556131430135497e-02
3.447547656481667611e-01 1.991410859348337892e-01 9.751484035632930480e-02
2.125132782726070653e-03 -3.272644788996354470e-01 -2.734921952619065455e-01
-2.071707239657231969e-01 -1.301584605962197161e-01 -4.704101067976952932e-01
9.250346975766703117e-02 -2.330628339141400940e-01 -9.021308356107668458e-02
1.852002187624219864e-01 -3.340376344582817736e-01 1.502617050353710071e-01
1.533592129090669554e-01 -2.738323965475590871e-01 1.662157515892884185e-01
5.981560235857601160e-02 -2.319178393900324653e-01 -6.086462877141884942e-02
1.290156384299037673e-01 -2.766765766025988116e-01 1.270604429087707488e-01
5.567027740502973610e-02 -1.153764462415989150e-01 7.759672943838377690e-02
9.917478942329412822e-03 -3.759709239735442576e-01 -2.979683364668138656e-01
6.671468348167208795e-02 -3.733011507484066405e-01 -3.314962993573856709e-01
4.749365178147593736e-02 -4.180530147761017390e-01 -2.848324465251570459e-01
4.094297979668307108e-02 -4.755091809474983888e-01 -2.775677252984316001e-01
-2.008589004063121020e-01 3.511845619249795436e-01 -3.059011965849802728e-01
-9.963496086363848869e-02 3.294621456270220849e-01 -2.498777129206998238e-01
1.461859484933566294e-02 2.687608266389312495e-01 -3.009925494748568187e-01
-5.216995082711818610e-02 4.255198415535477729e-01 -4.590971015813943845e-01
-1.049669412368372523e-01 3.034016048189197012e-01 -4.257890441760925349e-01
-9.567488854443806368e-02 2.720282207842994460e-01 -4.488736003886739101e-01
-1.941398833095004106e-01 3.556112445232975650e-01 -3.601915786707934330e-01
-1.587022879319686941e-01 4.614796206188767069e-01 -3.378758307722946053e-01
-1.810915309026375486e-01 4.245969764868460228e-01 -3.180812576825313709e-01
-2.275943671381719657e-01 4.183276374802326059e-01 -3.457275929726890684e-01
-2.022818254315942033e-01 3.797099042464356367e-01 -3.140058493596444289e-01
-2.006932014724690239e-01 2.179142506706404081e-01 3.139476528317505788e-02
-1.379791308009346573e-01 3.142729540887240769e-01 -2.100161182933902027e-01
1.481286153180874088e-01 -1.036570448185827054e-01 1.895596465859601953e-01
1.734602270598885609e-01 -3.868331984358545916e-02 1.416427190517968726e-01
1.314294074634410336e-01 -7.928569777151855957e-02 1.502040589536570991e-01
1.711710655901582112e-01 -2.221650266785277772e-01 1.422080836418352090e-01
2.730757699962769181e-01 -1.083601522308304775e-02 7.450508009747647264e-02
9.870130124513108727e-02 -8.047292782334633521e-02 6.960636103075795722e-02
8.951355877396145744e-02 -1.049364868693966613e-01 9.102530503258324246e-02
1.188615212891423190e-01 -1.918522354748306846e-01 1.016683632938469306e-01
2.828868686665634846e-01 -4.625984206702081492e-02 -2.691206511918183691e-02
3.447767342889138664e-01 -8.841464640046155232e-02 1.037813578995403496e-01
3.496450218296066614e-01 -1.178518555579538551e-01 1.274353882257622250e-01
8.498609387805644566e-02 -1.136066743841358390e-01 7.446691988309248056e-02
-1.640007959242996971e-01 5.365286374996624391e-02 8.370711099321227755e-02
-9.017668658805667870e-02 5.138079526546655840e-02 5.478221997466893589e-02
-5.268683681911872502e-02 -1.382135673302364344e-02 3.166534183286644211e-02
9.707903766635096743e-02 2.390720045489642676e-01 -3.176153064010014265e-02
9.222649454558420890e-02 1.721788112572143481e-01 -4.606771796987497655e-03
1.161605482671572570e-01 1.873701496179589199e-01 2.212422112386520229e-02
9.444149460529949192e-02 2.140424717436069380e-01 1.627540615672125497e-03
9.306214423344517928e-02 1.532671742250155955e-01 -4.709219527472863209e-02
1.831357041354752524e-01 2.430835815181242587e-01 -1.640633175110472464e-01
1.338181961105395501e-01 2.099771528932330433e-01 -1.682584621182159901e-01
1.346347469547226339e-01 2.418082917026651291e-01 -1.324728808944896086e-01
3.753167054432635652e-01 2.089195993511383243e-01 -1.205700807243395428e-01
4.075782116036533731e-01 1.846777844632182808e-01 -8.391510986691190152e-03
2.520056526929419505e-01 1.405171449646570592e-01 1.063915829722500567e-01
2.795504994484273587e-01 9.546806755020301183e-02 6.341400001090764793e-02
3.393988112552416281e-01 1.690746273820361856e-01 7.563224906213603105e-02
4.417250925158262564e-01 1.345510694116768546e-01 -1.197910307465341606e-01
4.274202270196361675e-01 1.554241091741463687e-01 -5.548345623523517206e-02
-1.720049154268893377e-01 -1.135145230518103399e-01 -4.013674393761378911e-01
-1.244375832750922173e-01 -1.081788020426986963e-01 -4.000340591991770611e-01
-1.607185664303120709e-01 -2.747460272795040209e-02 -3.287348186891327906e-01
-4.352113336225502636e-03 3.148175398870351263e-03 -4.496746841427105568e-01
-1.259954736053527369e-01 -8.973711068395359702e-02 -4.334424119468673342e-01
3.659618981054539866e-01 4.209358725504360188e-01 -5.632339802933592626e-02
3.884903720716403885e-01 3.222394074069185876e-01 -9.242461931346436510e-02
4.344445659254635439e-01 2.125938467478381555e-01 3.829769269659855091e-02
4.195706239097612977e-01 2.563083163099644235e-01 8.935645060637428805e-02
4.465644008627928097e-01 3.223098175764215756e-01 1.228513788146625429e-01
2.659694484353081201e-01 2.012850186004384312e-01 1.383392839248191730e-01
1.908111669221018158e-01 1.712627142025923976e-01 1.168734079627139072e-01
1.672253467624651158e-01 1.429505792131435804e-01 1.453978257711387723e-01
1.611479791586142574e-01 1.974173549969725217e-01 8.699730385481289907e-02
4.461103545766984535e-01 4.810647637002876675e-01 -4.777126662759971776e-01
1.983291930135615833e-01 -3.927271839762974115e-01 1.194431242849370023e-01
1.515079284107446189e-01 -4.570213975824267694e-01 1.212120152467075496e-01
9.244205970551186424e-02 -3.554570036501754626e-01 6.035664902842580865e-02
4.130064565363240903e-02 -4.496070394555150562e-01 -6.736629526785281596e-02
9.056387801899594414e-02 -4.742727212648452095e-01 -6.014350337257837881e-02
1.102400271920631891e-01 -4.409004623327926753e-01 -2.937004232354768068e-02
1.212921779852568216e-01 -4.373634547242655768e-01 4.932523256626093755e-02
1.130676967229122254e-01 -4.833053831070818762e-01 6.580003176640411566e-02
1.071253266967793494e-01 -4.830286902894990186e-01 8.502774638403887142e-02
1.250146629638677342e-01 -4.727642926767858245e-01 8.217764568517954560e-02
1.450487878761279048e-01 -5.894611298476527469e-03 -2.519280002240612548e-01
2.226665023701014101e-01 -7.254967975527935528e-03 -3.557506953065802668e-01
3.298256449900872633e-01 -4.744141040811217236e-02 -1.029530287970908398e-01
3.293828209480038072e-01 8.509662172596488619e-03 -8.472429648825284543e-02
4.271361692184865166e-01 6.952377282630031741e-02 -1.931065556584631582e-01
4.388916472674128100e-01 7.929244768594298498e-02 -1.155746459527231679e-01
3.951385224196641288e-01 6.180615160134892566e-02 -1.175744980319029520e-01
4.568215447285637887e-01 1.114357496671308650e-01 -2.192362899163261825e-01
4.388141543932530531e-01 1.079505292369270369e-01 -1.301597023204245640e-01
4.263560206807159858e-01 9.744299509365518530e-02 -1.524360295864340131e-01
4.672545408319677684e-01 1.260141477013139999e-01 -1.490943253561832771e-01
4.611595196683647702e-01 1.313259830857062271e-01 -1.848248481182709901e-01
2.441408902833618888e-01 -4.296205048796451764e-02 -3.846391623628275802e-01
-2.585570988993797226e-01 -2.450501685490361348e-01 -4.562051643703582404e-01
-2.155918118313625009e-01 -2.270697446646082196e-01 -4.608297801540126581e-01
-1.558103879129337510e-01 -4.470149043029751357e-01 -4.617851734698185662e-01
-4.332338326341027002e-01 3.849280267524381460e-01 -2.413793872704995402e-01
-3.105632285143620774e-01 4.966050934774372122e-02 -4.126864328775919355e-01
-3.020412217686051504e-01 -5.826066771381809006e-02 -3.961500851992310612e-01
-2.459351044543643394e-01 -1.129043508697177151e-01 -4.584584512204790130e-01
-2.817296393592264581e-01 -1.593685216421011352e-01 -4.634811407478637846e-01
-2.239665170800351490e-01 3.198829071764605070e-01 -3.651501946970799883e-01
-1.717475426546710426e-01 2.786295225730950342e-01 -4.391539014426092957e-01
-4.064804717647723664e-01 1.434435759516148046e-01 -3.473203750352473751e-01
-1.916868430545407009e-01 1.457268598845115337e-01 -4.148240606028870125e-01
-2.333571926592434564e-01 1.108712541788757222e-01 -4.386733549676011257e-01
-2.208797307457922299e-01 1.088395942997901766e-01 -3.667812114892307629e-01
-2.618817838548748167e-01 9.790589975250500732e-02 -4.066081443956219843e-01
1.681346261941617237e-02 3.450493647908249306e-01 1.760858855468045436e-01
8.394478906157806786e-02 2.864662222391821111e-01 3.342525064581030464e-02
1.225950790010691821e-01 3.191420734322905073e-01 3.847168650967230236e-02
1.304421036000641410e-01 4.266756001589648295e-01 4.921142952553450578e-02
-2.739129877098328003e-01 1.505889038760891974e-01 2.191147905586811329e-02
-2.719201190901431864e-01 1.847983823812539284e-01 -1.332145998786199263e-02
-2.224758997250364245e-01 8.236948230701596207e-02 -3.126911501344789915e-03
-2.125667539705193010e-01 3.813529598998271347e-02 -2.257072205205655491e-02
-4.385473095134649335e-01 9.604462285137871369e-02 -3.386051629464782442e-01
-2.115685964940266783e-01 1.232179703523872752e-02 -8.946040856739237435e-02
-2.140964207639227679e-01 1.413627134737064500e-02 -4.359493699378431258e-02
-1.963614455411348270e-01 7.722413870304247092e-03 -4.167115824253753847e-02
-6.018946589244985462e-02 3.754516347131767184e-02 -5.237509756530273064e-02
-9.429603871034307472e-02 6.296800039888207634e-02 -3.374738452047642417e-02
-1.414156482821710969e-01 5.399249396458384587e-02 -5.524222906802224442e-02
-1.263710106227303731e-01 -9.223316799451627968e-02 -3.020205200901555087e-01
8.254432401334300951e-02 -1.681313233792101347e-01 -2.872990978238853521e-01
4.590957977277659863e-02 -2.145605787273159870e-01 -2.834542202020301493e-01
-2.940380567227034517e-02 -2.128148926866318402e-01 -2.769036875769430583e-01
-9.269367275808440554e-02 -1.142984906028598341e-01 -3.901134966003355631e-01
-7.262190501295219536e-02 -1.907718260307335323e-01 -3.830133053010042476e-01
8.764267689280050289e-02 -1.265272564762054130e-01 3.536134749772498753e-02
5.804926727939550141e-02 -1.934748070323147329e-01 -5.980535610472711983e-02
1.005732114092612178e-01 -9.307307139886707159e-02 3.269966586928740870e-02
1.079081914724736163e-01 -2.134559692070885639e-01 -4.009114211521976057e-02
1.136669335411340243e-01 -1.898959596957585649e-01 2.498654497512600714e-02
2.669483486083829016e-01 -8.805299795934337648e-02 -4.895085531473533647e-02
1.974771890269918229e-01 -1.679329253736038668e-02 -1.508074360170753581e-01
2.566077603134209184e-01 -5.373692326046479451e-02 -1.209934343959634950e-01
2.497017280094673275e-01 -1.311206303777419369e-01 -1.625979859860584853e-01
1.371949792679102165e-01 1.282614354734061372e-02 -2.070101834610962588e-01
1.616832944551652440e-01 6.704800205767410398e-03 -2.042423905215977609e-01
-4.608056991717833853e-03 -1.525334498490876489e-01 -3.814415681065014829e-01
-3.717255398272604344e-02 -1.666898715576201617e-01 -3.979805586220871438e-01
-2.355840883768535801e-02 -7.016576656595684136e-02 -4.323679284688255464e-01
-2.535671258049502358e-02 -8.791954548476078879e-02 -3.862990621773964572e-01
-7.232626485710542952e-02 -1.044998051266413097e-01 -4.332181579320955600e-01
-6.537280663584052465e-02 -1.259398196328927189e-01 -4.023030054665658883e-01
-1.938987621913520476e-01 -1.101014599304017683e-01 -4.849394927580668591e-01
-1.547898294322471169e-01 -8.413089355081426746e-02 -4.599534232282666557e-01
-2.283453404710919787e-01 -9.487581191989853668e-02 -4.798891361822969492e-01
-7.939074378108587626e-02 1.424058491368593131e-02 -4.706650474319838962e-01
-1.227519464441459429e-01 -1.442541633933704624e-02 -4.544739464230040382e-01
-9.597197174404259457e-02 8.052830563998189528e-02 -4.687237659591031447e-01
-1.456121732266710822e-01 4.957734760302334731e-02 -4.596759871330078351e-01
4.023741226176479890e-01 3.884677027891685341e-01 1.578963629880752451e-01
3.090082350728417526e-01 4.440384418367269714e-01 2.493784305346627150e-01
3.438364005093464404e-01 4.355695506960147179e-01 7.969662665817736635e-02
3.086399873164890062e-01 4.171608972049405395e-01 1.094167186573881401e-01
3.643188050675353340e-01 3.796618482991298005e-01 1.150523990486346515e-01
3.246978186815478451e-01 3.874205686763801393e-01 1.471986117407518835e-01
-2.394937210321509968e-01 4.701022385146412241e-01 -1.025399843276997569e-01
5.716442781262893319e-02 4.506928592987398674e-01 -4.269639530914116632e-01
9.431993054691584222e-02 4.092500452295119162e-01 -3.571776737348710262e-01
6.625198103876810130e-02 4.687675890107543264e-01 -2.869734356875514036e-01
2.365114221894742685e-01 4.548299243817841564e-01 -1.965328381623103748e-01
-4.161282400681650118e-01 3.424160926961204443e-01 -1.896819892943202301e-02
-4.171785064142415900e-01 4.137779425936549127e-01 8.885570237981427200e-02
2.805315027502497741e-02 2.761301421644628551e-01 2.779829318495339874e-01
1.069914588426072594e-01 4.393310052863083626e-01 3.978624455318181541e-01
9.272165616426829293e-02 1.384553008500752358e-01 2.622463374337825615e-01
1.060136815110564734e-01 1.364011804044332754e-01 2.710737158345529751e-01
2.245182248905015776e-01 3.148290437539625342e-01 3.915755275071546859e-01
4.207386423399531172e-01 -3.548831737494456684e-01 4.526167781120222222e-01
2.324526203117359135e-01 -3.880826161058323343e-01 -1.462696406481925337e-01
2.301524844796585256e-01 -4.287721413744154386e-01 -2.199857249704648410e-01
4.015930394059000763e-01 -4.618315830805417854e-01 -1.088132009252495841e-01
2.770884880612534684e-01 -4.622435188467347023e-01 -2.036176328776011235e-01
4.117961581002786975e-01 -4.932995296931698692e-01 -6.050011747732887690e-02
4.207174369761353394e-01 -4.759611288128324791e-01 2.632469587795916235e-02
4.596312181224931348e-01 -4.664965073909310145e-01 4.962383857755885835e-02
4.731635455559793924e-01 -9.748310897422585164e-02 4.069498124351449142e-02
3.873894805484755510e-01 -7.384232322238304391e-02 -8.529451865789154652e-02
3.972074822491612478e-01 -6.861770324911130314e-02 -1.408587386435443123e-01
4.003380770014411949e-01 -1.997256518743557863e-02 -1.086876325904014701e-01
4.695338544089313060e-01 -1.772831614364960007e-02 -7.729334659580716638e-02
2.645565659039423867e-01 -1.504684898501569001e-01 -2.062384502363069083e-01
1.686879696177276122e-01 -8.998067251876296080e-02 -2.674839314641499488e-01
2.471864950136885841e-01 -8.122584646045109824e-02 -3.818246739871299922e-01
3.782059522345466163e-01 -2.160493901612668133e-01 -4.024993470548460794e-01
2.751623597524944231e-01 -6.448226697358569459e-02 -3.587178082604385865e-01
3.621357920338071357e-01 -3.078531188408865082e-01 -3.285461439699027264e-01
1.210573584619131920e-01 -2.403197774562129962e-01 -2.735998821896267752e-01
1.385816398511392766e-01 -3.285645532724426054e-01 -3.048118543834233418e-01
3.825892528916630675e-01 -1.194913055748938191e-01 -3.907015272796296457e-01
4.050327161878204407e-01 -1.846221176485516313e-01 -3.853583302085029083e-01
2.080148449469354788e-01 -3.487789912693046168e-01 -2.531803299204354873e-01
2.690018301408383938e-01 -3.591545262212781364e-01 -3.034899443230707483e-01
-6.965966546587255837e-02 -3.544055514908227567e-01 -3.792544515122310278e-01
-7.398272413085091315e-02 -2.542248473115042429e-01 -2.939342422228131690e-01
-9.902081930937280119e-02 -2.304080979329711232e-01 -3.522816839425787494e-01
-1.114349529041278181e-01 -2.825689018073519465e-01 -4.051365491002855146e-01
-3.974391912801485127e-02 -3.143707160682113200e-01 -2.572720593723877291e-01
-4.949707247913062713e-02 -3.503345428858945509e-01 -3.229505684699162105e-01
-1.564160595805973997e-01 -2.418175996323434496e-01 -3.474507564603941945e-01
-1.686275013020769598e-01 -2.669176810289738966e-01 -4.006435480928032256e-01
-2.284449416324980664e-01 1.392916596017211850e-01 -2.626977604524045606e-01
-2.486855234137424486e-01 1.397131092927258456e-01 -3.109448278316840897e-01
-2.679192057692451612e-01 2.967223531710256879e-01 -2.985919114758431303e-01
-3.842614683634245631e-01 1.357954707027902996e-01 -2.948313614263929905e-01
-2.421693936083555709e-01 3.281448653027029261e-01 -2.552916798756282302e-01
-2.074652640356230704e-01 3.162443852396497612e-01 -2.120072685642842014e-01
-2.963255720589428321e-01 2.055375275387806011e-01 -5.077153773034744078e-02
-3.945641430802512839e-01 3.122486772660481580e-01 -2.270470613226674983e-01
-3.660693170640351157e-01 2.850257644169806870e-01 -2.843579481188687752e-01
-3.311789324362789388e-01 3.557037718016741179e-01 -1.601779589435222140e-01
-2.835115075120726580e-01 3.634202365371746457e-01 -1.713752320009767627e-01
-2.480762676552167589e-01 3.294611158784697125e-01 -1.243506138770456154e-01
-3.522906312378578653e-01 2.811811509833339606e-01 -6.396114026924061557e-02
-3.070686047343512137e-01 2.628399564615772621e-01 -5.995438868621858625e-02
-4.427949022837885384e-01 4.171994793716465866e-01 -2.078703848161681522e-01
-3.500032619938221456e-01 4.469894112665274144e-01 -1.576674326397189962e-01
-4.466193954418498091e-01 4.194519762279554365e-01 -1.698974883233264899e-01
-4.693391835902041564e-01 4.442228956782404703e-01 -1.514505272643924538e-01
-3.765266492262041020e-01 4.190447204639745071e-01 -1.636886775754832768e-01
-4.336387102891457457e-01 4.153703182398232885e-01 -1.237536102248366493e-01
-4.162794448854144624e-01 4.499639857395648090e-01 -1.270655136274268238e-01
-4.736868972271088274e-01 4.013148477380557022e-01 -3.026382569176833126e-01
-4.762111679583699297e-01 4.407637157031075725e-01 -2.762058992696891369e-01
-1.782674085120131424e-01 4.784073460821502977e-01 -5.219458800957382794e-02
-1.601931803326186454e-01 1.425888872276852293e-01 -1.002879479835590559e-01
-1.161092989080428767e-01 1.934283603457288003e-01 -5.956176909188242580e-02
-6.874367985384700896e-02 2.535215526693453403e-01 -1.048961465040153945e-01
-1.038461949997086936e-01 2.576685689098872634e-01 -1.885978336040029235e-01
2.449087037073320247e-02 1.356716231517802462e-01 -3.708784485976117373e-02
-7.674336926839875339e-02 7.988180019239933538e-02 -6.881210699781541151e-02
-1.419657762551703450e-01 9.642199270221682439e-02 -1.096306891067319739e-01
-1.594683462039737931e-01 2.020763096402745651e-01 -1.950605971764525215e-01
-1.748870666847077704e-01 1.718522198796549050e-01 -1.621801344084351226e-01
7.612120219074465510e-02 1.526790558021865196e-01 -4.345615047797837110e-02
6.845980532923168216e-02 1.795442879295938432e-01 -6.880967460216602660e-02
-3.798325362247369219e-02 6.017258431768290200e-02 -7.584885743697915295e-02
-1.577157344354857271e-01 8.220345185749851347e-02 -1.956386842660813030e-01
-1.745515480464346625e-01 1.564966730993440636e-01 -2.259618023487381666e-01
-2.055544352958356136e-01 1.304988540961017074e-01 -1.890794514706134466e-01
5.486493552236915150e-02 8.189364563353274118e-02 -1.042796646230678137e-01
8.143484206786560931e-02 9.789460438563787892e-02 -8.845987871476411468e-02
9.337409609061778082e-02 1.716964300487028583e-01 -1.858970828338695203e-01
4.223760293119528386e-01 4.634869594536223936e-01 -4.732071704887860775e-01
-4.046838949547993391e-01 2.153407484337764577e-02 -4.127232057638309248e-01
-4.511998461502196300e-01 4.227478455931406309e-02 -3.801859838298795591e-01
-4.466330642282353436e-01 1.198573998791096877e-02 -4.616823671374062910e-01
-3.670763889588478102e-01 -8.088888914899380889e-02 -3.797859065852599025e-01
-3.574009269299538993e-01 -1.060900837509748951e-01 -3.406104123629917213e-01
-3.617624285802252260e-01 -1.405834064873633105e-01 -4.134330462522946004e-01
-3.702724324190350691e-01 -1.937333362863132846e-01 -3.881920185994072181e-01
-4.879559254813898850e-01 7.584659377061780949e-02 -4.400620369489937067e-01
-4.870895966681864642e-01 4.984728306216460597e-02 -4.669917757081303855e-01
1.171138978801713193e-01 4.577134630786957037e-01 3.800011987566090932e-01
1.149532159889644911e-01 4.447262325411457384e-01 4.150860235458762593e-01
-6.549020060641030927e-02 4.881086914433687696e-01 3.217937798740171385e-01
1.693843950954848632e-02 4.720854761631178564e-01 4.707987303328022843e-01
4.681652692965800333e-01 4.276049803671601590e-01 3.847270824784832510e-01
4.844996434493175630e-01 3.097608507575516645e-01 3.982675753908219152e-01
4.585909930844158100e-01 3.520699096736425449e-01 4.009800854006330684e-01
4.122078641460426018e-01 3.169959807526996909e-01 4.553997496925608068e-01
-2.819551417463672105e-01 8.347277059625081430e-02 -6.741459286920176153e-02
-3.143462202190965282e-01 1.283708367312355325e-01 -1.029923007696222637e-01
-3.354815242855767043e-01 1.083077873790864037e-01 -1.981197930736739721e-01
-3.130110652929793402e-02 1.807505112456866958e-02 -1.346322541315798649e-01
1.704207062261449412e-02 -1.310133879818814184e-01 -2.297554608653598063e-01
8.315982054752950325e-02 2.676748826174139145e-04 -1.305871278151743420e-01
5.276559531101707168e-02 3.879109855888206171e-02 -1.269341214377388838e-01
-9.596012685393896791e-02 -1.055813167804528357e-01 -2.539925281764412457e-01
1.119159304807493399e-01 2.518616524061254719e-02 -1.805204518202486730e-01
7.716390126368102842e-02 6.979734587321408112e-02 -1.397212326917210701e-01
8.104019829089677274e-02 -9.415894906542790488e-02 -2.586974334890197458e-01
1.037332647070609432e-01 -2.903967895069483295e-03 -2.334915071570817791e-01
1.187369289574571746e-01 2.212813188601338993e-02 -2.235130834097704688e-01
1.355129922983436264e-01 1.092365477967422761e-02 -2.333141254516178653e-01
6.416695135235371550e-02 -1.324762236085599842e-01 1.681588695908144138e-02
6.875654829443469951e-02 -1.647740515464841127e-01 -1.594216213170214502e-02
3.578957204301180806e-03 -1.017918773238564722e-01 8.260761509614661380e-02
4.976117794039666004e-02 -1.061653213930619510e-01 6.836243599900559964e-02
-5.261068998700078880e-02 -1.180679620758854492e-01 1.356399336046203441e-01
3.570026736801022033e-02 -1.387584017194195829e-01 7.807590768162570027e-02
3.657845930484025510e-01 -1.090197606373647515e-01 1.722354330461392524e-01
3.760393640317848951e-01 -8.327911023989825745e-02 2.502778619973318186e-01
4.125003409621903483e-01 -1.189177863586139833e-01 2.348760226905986792e-01
3.741486634594156091e-01 -8.936328610125912619e-02 1.287411050506802879e-01
3.818220579243057911e-01 1.686858871961935402e-01 1.236291220995290180e-01
3.780285110856407282e-01 1.470434967418350336e-01 2.045579973434148713e-01
4.644307751417540708e-01 -6.146131847690360084e-02 7.417280835715120424e-02
4.312996886558904674e-01 1.911181298469843970e-01 9.853340371734270464e-02
4.724094024726807617e-01 1.424963387517066138e-01 7.433538406442043167e-02
3.715864089190002439e-01 -6.384722900726162720e-02 3.264697200895893547e-01
4.162180463042480794e-01 -1.749684525045163419e-01 2.872985534386315321e-01
4.331481024169522298e-01 -1.318617905688475866e-01 2.753145635665328328e-01
-8.243170118823693604e-02 -2.857502931659932077e-01 -4.649288491943334156e-01
-3.702458485816828571e-01 4.683131593442974028e-01 1.103940277505651990e-01
-4.162078882849649664e-01 4.794873975804791466e-01 2.895567299495621638e-02
-4.265544754282296069e-01 4.694732563132466563e-01 9.700440484612884995e-02
-4.649716117819778227e-01 4.939195953967401853e-01 1.156506232192989064e-01
1.265446297983754964e-01 9.767207368183379590e-02 -4.794578101907242540e-01
1.535659847501966713e-01 1.024511387032896320e-01 -4.408870323122921486e-01
2.355738452553615969e-01 2.085178291572298975e-02 -4.048536625355340091e-01
2.444455492065300828e-01 -3.300515551263340924e-03 -4.135640451238095650e-01
4.082137173801184682e-01 1.644234213028755165e-01 -3.499380180094247561e-01
4.681574222293578558e-01 1.799638693766767716e-01 -4.006081540596777013e-01
3.840912587387044219e-01 -2.468207059400504694e-02 -4.627998577090021159e-01
4.708262376594744558e-01 2.299294301336368418e-01 -4.493060017725831190e-01
-1.130214467461730099e-01 -2.516591333315749135e-01 -2.494874435390846690e-01
-1.583802950651472530e-01 -2.239917106094189148e-01 -2.921039382572370724e-01
-2.381818414431740305e-01 -2.174948227105493459e-01 -2.926415260322966505e-01
-3.552077488846909770e-01 -6.797944620642110136e-02 -7.398359918717975492e-02
-6.665075162507284878e-02 -2.468492839273738193e-01 1.963015491137214130e-01
-8.936043939413604309e-02 -2.203178980580287050e-01 1.570795648224494190e-01
-8.344922798762946514e-02 1.094759401461181392e-01 1.556373695589077233e-01
-2.234996472258678757e-01 1.951887707901241997e-01 1.139148262013406215e-01
-2.176795636675732393e-02 1.074891720999459205e-01 1.850302254534002822e-01
-6.684922949878588372e-02 6.483209447712885709e-02 1.976315219747629692e-01
4.429329702779741598e-03 1.126537268007593989e-01 2.235073458998685925e-01
-2.190381168691997726e-01 9.399466102242948207e-02 1.252366366983129198e-01
-2.697762240273933187e-01 1.447981415539514316e-01 1.099588632137606659e-01
-2.584197986079421749e-01 1.237079221189533174e-01 1.213986516511341152e-01
-8.507718563227596731e-02 2.924070985656878063e-01 2.475056575251217417e-01
2.250548971764435718e-02 2.454343419870943510e-01 2.957997464749911321e-01
3.751220264387991610e-01 1.038036230025492362e-01 3.266446672100234427e-01
3.613650055061971567e-01 5.864390431850694668e-03 3.637018952566635210e-01
4.858172984957189744e-01 1.603391663323810723e-01 3.747406618423226310e-01
4.774329705027823834e-01 2.503924153499497707e-01 4.344756215041336023e-01
4.303711609646917458e-01 2.778926395345593936e-01 4.566609647610230249e-01
4.283527334747343485e-01 1.145360554794322555e-01 3.510015660950552285e-01
4.223412262649448579e-01 3.936103785260408605e-02 3.956065702474919066e-01
4.491920954938264376e-01 1.659555102580403257e-02 4.775829746442992740e-01
-4.752274541959558563e-01 2.404253962613334406e-01 2.361991039577552298e-01
1.113299383712290924e-01 4.266506033292428168e-01 4.349608356522165487e-01
6.819311985331544257e-02 4.442035862574860161e-01 4.719750022846167514e-01
1.163721919460846688e-01 4.160875143400201703e-01 4.119214511691891567e-01
1.677072367608804238e-01 3.691844930251734769e-01 4.086116436313582678e-01
6.325109811176393704e-02 2.299382453706562690e-01 3.359347763079874594e-01
2.038308046135308901e-02 2.444547826710731231e-01 3.533128978662659070e-01
1.856342738570946338e-01 2.585282176610715354e-01 3.796101503140398847e-01
1.857642839569988158e-01 1.819574914665612331e-01 3.995874190477148868e-01
1.650932765786998213e-01 1.931156550187846932e-01 3.666064560505409298e-01
1.686046188816403280e-01 1.660630834693332947e-01 3.729944510362168675e-01
1.292349935752723500e-01 -4.678952718720177928e-01 2.707484976827745360e-01
1.783861721107951048e-01 -4.386134308697419160e-01 2.147409239925570923e-01
2.005512356693808507e-01 -3.269451116006621971e-01 1.804830798231914224e-01
1.459675463174060495e-01 -2.870689507986715072e-01 1.928667855545371512e-01
3.297253303473634545e-01 -3.280707284384630218e-01 3.034004009049985351e-01
3.439451428013904910e-01 -3.569964425733995750e-01 3.170926497843447045e-01
3.292949273469113480e-01 -3.570560423384140369e-01 4.158322697072055485e-01
-2.232837049628429160e-01 -4.582333471458194252e-01 4.620824201666432485e-01
2.496813146581305654e-01 -4.641024708959761713e-01 2.565485472745789308e-01
3.151131733044809646e-01 -4.355008315353068871e-01 3.194769107336294933e-01
3.176601178507504342e-01 -4.056287831930973087e-01 4.342057333557683974e-01
2.297795999274536705e-01 -4.196186382268987103e-01 4.975231579546236516e-01
4.876952982499962452e-01 1.761019331700683366e-01 3.954660828890276258e-01
4.999202283717563700e-01 2.201387385326139534e-01 4.472652326803447376e-01
3.594198540809641629e-01 -2.525877991823981539e-01 1.241762852987219473e-01
3.577764767467631613e-01 -1.645351074089855259e-01 1.116407894284010272e-01
3.380139231553638823e-01 -1.286114775276178679e-01 -1.872073590344298585e-02
3.918920247551204161e-01 -1.224211018602732598e-01 -2.436924700509942102e-02
3.666635151616940980e-01 -1.362235011296684395e-01 7.672697738729990224e-02
4.405074113059685992e-01 -1.320931425901130940e-01 3.779395552630641919e-02
2.986885213814798323e-01 -4.639466584977404162e-01 -2.511481479542222450e-01
2.928994108735720747e-01 -4.205607057707420604e-01 -3.182947496229949769e-01
3.294208228429239549e-01 -4.613187668950106124e-01 -4.125725932124358342e-01
4.260298706211422815e-01 -3.710641366099838856e-01 -3.924465950795149594e-01
4.077121046744575650e-01 -3.448661812909266100e-01 -3.358602385730398709e-01
4.620514454955805261e-01 -3.761355224181078816e-01 -2.595677399865664037e-01
4.457161484001022078e-01 -4.448729169632291702e-01 -1.710703553311111458e-01
4.520560337351633429e-01 -4.588855821392957557e-01 -2.069994943545551136e-01
4.586859683887734018e-01 -1.970527461471525965e-01 2.930866584856268720e-01
4.340144328299372356e-01 -2.699726284691252309e-01 2.204907437082726795e-01
4.281871680024694760e-01 -2.709294892875838690e-01 2.535138812031596522e-01
4.442218784923983033e-01 -2.240197601143329442e-01 2.537845043871242989e-01
1.992416603123122743e-01 -2.737338438479579583e-01 -1.432654543919154033e-01
2.247641519961722512e-01 -2.762368602701569809e-01 -1.882170391040899060e-01
2.548740432434407621e-01 -2.271904386614000959e-01 -1.738110327786577813e-01
2.759580336209778717e-01 -2.628820554086785943e-01 -1.681495701008800525e-01
2.233290920898934051e-01 -3.290705396090300439e-01 -1.711274593717222736e-01
2.294255742464146042e-01 -3.004323921849430534e-01 -1.933185374753640107e-01
2.448042226225840556e-01 -2.031470794905124166e-01 -1.093190377588363904e-01
1.852263717105651630e-01 -2.380628657846397822e-01 -1.040909303632734373e-01
3.397315451141459941e-01 -2.672622437518826222e-01 -9.517103879188662519e-02
2.493635959414685910e-01 -1.541318423599282728e-01 -5.980470001919932499e-02
1.819205800355681302e-01 -2.076718671424672424e-01 -9.353887917817960487e-03
3.106701309304069070e-01 -1.890031921557275563e-01 -2.701149243171819397e-02
2.712196571892591113e-01 -3.705990628876162929e-01 -1.219916084461862421e-01
2.175011814215541128e-01 -2.468466185356291143e-01 9.635373696878782313e-02
3.045195960160166915e-01 -2.107549588545883923e-01 6.776435484942175402e-02
2.634670614707810277e-01 -3.770371521757018840e-01 7.603192239571136823e-02
2.392497645379904614e-01 -3.057910581370146264e-01 1.214927648000794225e-01
3.303872122258585953e-01 -2.669072272095888154e-01 8.794561260778163692e-02
-2.297969077582809883e-01 -2.988367966238638651e-01 -3.832982752683712913e-01
-2.683973085143745441e-01 -2.883217732944548528e-01 -3.390444044424173464e-01
-2.663551531981572240e-01 -2.763455031053383415e-01 -4.351642419229738157e-01
-3.274399613090075989e-01 -2.468657567809968423e-01 -3.970224405804888002e-01
-2.437983359650311432e-01 -4.666787613814541436e-01 -4.841461987131018829e-01
-1.995743386148555731e-01 -4.412825739225873511e-01 -4.225522640139518504e-01
-1.990260520385262466e-01 -3.935799296113000056e-01 -3.902288264913502114e-01
3.883765534536428032e-01 -4.580896981824983394e-01 -4.589523009734841619e-01
4.187269410449913631e-01 -4.350142078159773829e-01 -4.499878052851569721e-01
-4.369964057432471627e-01 4.777078898725215517e-01 -3.181622075315513887e-01
-1.766393128400505774e-01 4.729506512490915804e-01 -2.719824668879712581e-02
-1.956316737366667058e-01 3.899248011382065449e-01 -5.002371951597655436e-02
-3.601293341510405921e-01 4.321504095508696408e-01 1.244803849831100789e-01
-3.269104520492036592e-01 4.540717569985606161e-01 1.207906125460521535e-01
-2.310425454125933920e-01 2.783811598078162475e-01 1.790631162286127759e-02
-2.441935658453520397e-01 3.025134219417176529e-01 -9.531617154580084017e-03
-1.132466288477747829e-01 3.211722665550559297e-01 9.321513138501988371e-02
-2.023008014263215915e-01 2.443390759965713144e-01 1.415832378428890925e-01
-1.210230988031525401e-01 3.523217551386925162e-01 1.754656096245111874e-01
-1.334049293003026215e-01 4.402404313080129916e-01 1.638606403896810670e-01
-2.103938111732529259e-01 2.135925568334470226e-01 6.826290258187719950e-02
-2.079113476336230393e-01 2.265495864092625655e-01 1.001474983963099308e-01
-2.064609500871616432e-01 2.489048835500959622e-01 1.032720319103426765e-01
1.117872965670100027e-01 4.838241391470668451e-01 -1.154276414374770382e-01
8.243380907046991835e-02 4.734225461703030491e-01 -1.587449080864788975e-01
1.103992982341076012e-01 4.844561062393996642e-01 1.320210567179637244e-02
2.596804582809376927e-02 4.313557634384186379e-01 -1.963953267827129867e-01
1.285801844204794708e-01 4.286534951810131444e-01 -6.130978826773506030e-02
1.198644752688278053e-01 4.101829534572132285e-01 3.479903965524094173e-03
1.083895684668187143e-01 3.567500487644965079e-01 -8.529062447693462612e-02
7.887401864331075596e-02 3.128612457950775139e-01 -2.700027776627011294e-02
9.408451324716933517e-02 3.156904111206456087e-01 6.237624809489269659e-03
-3.876556114840194051e-02 3.997935424211817579e-01 -1.977963012034888168e-01
-4.707435328307651989e-02 4.298342428414709260e-01 -2.174137285505708950e-01
-2.549292025890913943e-02 4.202031043552705292e-01 -2.025622533920944102e-01
-1.526666016388609770e-01 4.609525854506434372e-01 -2.320255150399295335e-02
-1.282026385078152975e-01 4.611846451639834421e-01 1.669618419455117658e-02
-9.440608023721552833e-02 3.493406698434254332e-01 -1.380140856193534937e-01
-7.117354571184032752e-02 3.086803938880018916e-01 -1.015629044813088633e-01
-1.466480496459143246e-01 3.961331983711196547e-01 -4.197153317685890089e-02
-1.658527471923092467e-01 3.609768231729174048e-01 -1.262974587147416665e-02
-1.236407473327606615e-01 3.854883790188596837e-01 -6.455487944372910805e-03
-1.658970726270651008e-01 1.246500195105006703e-01 -2.438605339445261699e-01
-1.865303786638507211e-01 9.779224850874795871e-02 -2.651574623504507344e-01
-1.882530583539731572e-01 5.020357098171019522e-02 -2.703641801599315775e-01
-1.856469683276245619e-01 9.854764202185954669e-02 -3.247221625799933120e-01
-1.596643681130060777e-01 3.358320929097583646e-02 -2.342659174700074121e-01
-1.552150149803336598e-01 8.100581488755402571e-02 -2.315465410166120952e-01
-4.791735708386646309e-02 2.017610440471753475e-01 -4.201365874242795062e-01
2.031210506333473026e-02 2.214187400726414512e-01 -2.880974083705483690e-01
-1.944407890482985346e-02 2.148879953737721782e-01 -2.442203019881761805e-01
-1.519724425430492576e-01 2.026538483215690328e-02 -3.373739124674477452e-01
-1.816056395501182696e-01 3.202453848681315746e-02 -3.155931727461047109e-01
-1.170717717283042969e-01 7.226430800865613069e-02 -4.004225756737624931e-01
-1.516484062020801715e-01 1.349650938520835231e-01 -3.950175706607158554e-01
-1.037924127635488220e-01 7.964120174455809054e-03 -2.009627433841433553e-01
-7.293932450953986846e-02 4.263662153672228422e-02 -1.821684698615891607e-01
-8.683262577055096687e-02 -6.960828752244134672e-03 -3.033419451241320952e-01
-5.162576297913255147e-02 -2.504248249858669409e-02 -2.930821792260123182e-01
-6.901833953720108716e-02 9.572370472342583980e-02 -4.528139359439232736e-01
-6.756325587241984731e-03 1.452597362871368702e-01 -4.540022462809057413e-01
2.946921856176193052e-02 3.594290704481117871e-02 -4.258269742783415412e-01
6.166640653081192913e-02 1.054620512504888252e-01 -4.462734481936312392e-01
1.171624823871825344e-01 1.027590695478641236e-01 -3.751271278607768989e-01
7.531703553409638263e-02 1.638506446728787425e-01 -2.259718935047169419e-01
-4.199198992607698633e-03 -1.680026795913330817e-02 -3.369673809700769462e-01
2.532685125222286504e-02 -1.285744798084926394e-02 -2.778861145867213001e-01
1.116097420222375569e-01 2.168955082693148351e-02 -2.634566080056061077e-01
9.453442437617992633e-02 1.900323070583491425e-01 -2.834491554205555430e-01
9.865457775156670495e-02 1.972929353146035680e-01 -2.567047992845861160e-01
6.675416662491696906e-02 2.173127227775048242e-01 -2.838483129075088929e-01
1.005412395022030891e-01 1.104641233618889329e-01 -2.179732291465363292e-01
1.221917978274722899e-01 4.799614304362982697e-02 -2.402800377696222844e-01
5.298729537879326434e-02 7.100442044012304776e-02 -1.711288937543707367e-01
-4.855432807125904804e-02 3.866566384385546340e-01 -4.831580202333466967e-01
-4.098223993059645770e-02 4.232035140779605298e-01 -4.771431567218088476e-01
-4.288912881908307773e-01 2.705691304376960371e-01 -4.552548740874691746e-01
-4.040234508951550119e-01 3.337328963457608655e-01 -3.975887201693693029e-01
-4.613338803208917316e-01 3.996851062870228621e-01 -3.490777984628899988e-01
-4.431467684354624681e-01 4.540971020079037079e-01 -3.605023792683080264e-01
-3.391761377750167061e-01 3.696376202912010078e-01 -4.241990916010369705e-01
-4.037223675923697352e-01 -1.807063703441080527e-01 -3.931843734894307496e-01
-3.597952308059108595e-01 -2.700600067193387743e-01 -3.803122579973964856e-01
-4.974859038175174497e-01 -2.338983241006364344e-01 -4.937573040382559619e-01
1.111016208187010079e-01 4.805927943295971172e-01 3.956174900111512072e-01
1.209197752260131042e-01 4.871072276837029591e-01 3.593139367721531197e-01
4.323109607550278954e-01 4.520520887562558543e-01 3.182681290648319283e-01
3.974597764315016546e-01 4.357000847579942104e-01 2.812773692905635725e-01
3.798470824820719960e-01 4.379493446796658973e-01 2.260484265004825966e-01
3.666783447232990767e-01 4.501367575188670589e-01 2.611111168928346715e-01
5.417040710467584813e-02 4.775743650777345972e-01 1.549401106027032404e-01
-3.156251539193227762e-02 -2.247382917386278600e-01 -4.451025890400822638e-01
-5.095031439064024587e-02 -2.652722968328589115e-01 -4.699148129240169336e-01
-3.672507701870764141e-02 -2.303257986281079250e-01 -4.822566047314989501e-01
2.170274633256500108e-01 -2.703992856087417129e-01 -4.808085354560605040e-01
3.076366218754984783e-02 -1.741164917260933642e-01 -4.044427593461135673e-01
-5.047583804848079780e-02 -3.022126865348312430e-01 -4.769897668730764262e-01
-4.110056525303299596e-02 -3.598484870260579283e-01 -4.886948362879426910e-01
1.790582386321808994e-01 -3.391336953805053622e-01 -4.700599500797951746e-01
2.185157753548019333e-01 -2.285727317025285366e-01 -4.425836723297812969e-01
1.870596321136263895e-01 -1.637875198223852080e-01 -4.186452059469008002e-01
3.664748125363412323e-02 -3.915970047448193436e-01 -4.136992150391671230e-01
5.179051547235977160e-02 -4.045045737489270099e-01 -4.694587052600803223e-01
-3.407734035469581202e-02 -3.665370575309862544e-01 -4.604435641020604986e-01
-2.394263023142127050e-02 -3.650691574090546565e-01 -4.934770401246800220e-01
1.664217642805960462e-01 -2.933517952239827475e-01 -3.268288637105215555e-01
1.880204097506964211e-01 -3.122986236992613129e-01 -3.770205598952316994e-01
8.531611487568611929e-02 -1.843486122768445423e-01 -3.337878920740282029e-01
1.405988050503151066e-01 -1.685691724424525084e-01 -3.432220973106745454e-01
1.364409908246513592e-01 -2.205349992653146685e-01 -3.160920310058739080e-01
1.700353084056360486e-01 1.389572451495003635e-01 -4.274049672064467731e-01
1.577124533900075842e-01 2.353528089909019960e-01 -3.153330217106410926e-01
1.684872426283864910e-01 3.849404525460511928e-01 -3.700826432700600743e-01
3.417155782812925091e-01 2.831567210780203125e-01 -2.824929192528043420e-01
3.645314842635215546e-01 2.159069497028290596e-01 -3.596097682247187399e-01
2.515464807692610605e-01 3.184511934808449407e-01 -2.636929555307644946e-01
2.532428141458739623e-01 4.028133897248953321e-01 -2.914808857862440927e-01
2.918272113266794920e-01 4.402490688480910075e-01 -3.338223457929137550e-01
2.937324175420601979e-01 4.512528960937824407e-01 -3.837496509117924726e-01
4.062882471302713405e-01 3.833043165998740176e-01 -3.509495163459055433e-01
4.303266011517553613e-01 2.756854052882297679e-01 -4.367411525863054145e-01
4.238362650256748965e-01 3.730365600964773432e-01 -3.943540773184617265e-01
4.024791104291993715e-01 4.074455033070787380e-01 -4.386135778565858345e-01
-2.736472406676232483e-01 2.383613821394061638e-01 4.592841167393236224e-01
-1.249189652042755477e-01 2.740304613626016184e-01 3.704965993749068098e-01
-2.352827998798142084e-01 2.382397081456272547e-01 3.552041232799722503e-01
-1.214715954282728910e-01 3.152501741696632220e-01 2.751969200002145066e-01
-2.774017105819971962e-01 2.396439336002932075e-01 2.353319105961832469e-01
-2.296200507255905798e-01 2.809974584758886951e-01 1.847404343878400468e-01
-1.777741809862491973e-01 4.177168111321848953e-01 2.074844455240163754e-01
-2.899153921529784017e-01 4.139411039143839899e-01 1.780888309071522457e-01
-1.224223459411221404e-01 3.039462794751437991e-01 2.179077640992317655e-01
-1.485705073482218030e-01 3.456908668298209752e-01 2.115197952962374894e-01
-1.709555470043009895e-01 2.835681894487771526e-01 1.899962963064401877e-01
-3.299695998188202362e-01 3.061616395020143599e-01 2.230043904978391833e-01
-3.097946717676444139e-01 3.541290838182762912e-01 1.974419355369986528e-01
-1.330769484447145157e-01 4.497778016854755978e-01 3.121884460731215172e-01
-1.796105202375187226e-01 4.756611770250112059e-01 2.843435744332121207e-01
-3.203689560126410374e-01 4.519942567236081010e-01 2.652712993756314308e-01
-2.348992207976260127e-01 4.541505535391038295e-01 4.146853963971101065e-01
-2.616677044547297548e-01 2.849914708952394626e-01 4.721528063590842983e-01
-2.322369043604176342e-01 3.145198837912968060e-01 4.450394257000116482e-01
-1.756471020925796100e-01 4.100619674185987384e-01 4.169177727208485673e-01
-1.665183560173148503e-01 3.341540564618899478e-01 4.388111292521924556e-01
-1.152497484121999538e-01 3.044905331814985461e-01 4.698090058011132886e-01
-3.053105109215393242e-01 -6.403744832942118159e-02 -7.516702247453663221e-02
-1.843797839865641275e-01 -2.608546306702604067e-02 -5.327050371581817934e-02
-2.190723396491953689e-01 -7.502850995373297818e-03 -5.780617396470059954e-02
-2.277968362280135273e-01 -1.878441468470588502e-03 -9.334813282386654476e-02
-2.638200598524317320e-01 2.141355149671389166e-03 -8.798499650494293056e-02
-2.428623152646147421e-01 -2.906030946985131980e-01 -2.106393937281418050e-01
-1.419396584487496171e-01 -4.743450823477199374e-01 -1.214071299774895085e-01
-1.283925960100583685e-01 -4.924683216004728803e-01 -6.746273690990227390e-02
-1.060751079828740756e-01 -4.624668163263984111e-01 -7.535820872456662489e-02
-3.702801625742841440e-01 -2.246438619113601265e-01 -1.638677728188498162e-01
-4.001055035462902643e-01 1.371103490065638253e-01 2.256837226535851060e-01
-2.831888517669319816e-01 -8.092042941516902621e-02 8.634823479891241826e-02
-3.253703904120312518e-01 -7.011603501977203834e-02 8.440476907860870737e-02
-3.026615669307738954e-01 1.114823352048966570e-01 1.410680396373081569e-01
-3.738438489675847132e-01 1.233162389321917768e-01 1.878968529963205569e-01
-1.437390369142127200e-01 -4.751816579038153354e-01 1.042097209716637135e-01
-9.540373525718329195e-02 -4.734155892727271997e-01 1.304038930282653275e-01
-8.044491850707805036e-02 -4.814439589136232378e-01 1.729205518566599709e-01
-2.161121177749328881e-01 -4.824628895110067983e-01 3.136675436498957970e-01
-4.684340098279820008e-01 -2.037262879428106133e-01 -3.498168744677740416e-02
-4.627422343395041771e-01 -1.918869055514738908e-01 -1.073014132296107141e-02
-4.477526630931553120e-01 -1.721847532240570189e-01 -6.887277465669865151e-02
-4.389120025047013596e-01 -1.595440846384342526e-01 -3.986550677183060831e-02
3.118195408007816694e-01 -6.396478511015464552e-02 3.751599219316298361e-01
3.317732021860351210e-01 -3.844677087767835871e-03 4.031232497584191776e-01
3.564000857094145602e-01 -1.517168119733975085e-01 3.755943904832325098e-01
1.327723350845428085e-01 -1.415710934701127910e-01 4.679627003677664931e-01
4.414927263359008647e-01 -1.528991655119764925e-01 4.737169769823123544e-01
3.944467276960495483e-01 -1.636721385420196462e-02 4.800375936950683209e-01
2.978526129397537359e-01 -2.306701193524219873e-01 3.835195712146320934e-01
3.024080281832298156e-01 -2.739589653250839585e-01 4.379148580692071580e-01
-3.680027062087473655e-01 2.837445093584156086e-01 4.722485437801773878e-01
-3.377309267357158640e-01 4.280212507487330953e-01 3.603000520588149347e-01
-3.376047591019245009e-01 4.045914901150573506e-01 3.692505911098254989e-01
-4.253608528020287882e-01 4.753815494431545829e-01 3.552814104417139629e-01
-4.318586607669707700e-01 4.631706258619581740e-01 3.688238072738475593e-01
-4.715060177408207376e-01 4.609975204831598949e-01 3.647971615630671849e-01
-3.198031280942321142e-01 3.156933206584629503e-01 4.840939956842434388e-01
-3.056918433764088117e-01 4.229242331611466899e-01 4.330374686877110912e-01
-3.225901339400805146e-01 3.682582355856775513e-01 4.248574955736231784e-01
-5.095718527110289220e-02 1.277273327456771024e-01 3.678982765807120581e-01
2.139976384117686301e-02 1.746356335484410549e-01 3.540306459114043736e-01
7.515921625542007489e-02 1.822680915613180408e-01 3.319572018852379736e-01
-1.163397871579458648e-01 5.325535002628940806e-02 4.156936197257430909e-01
8.743622799573348703e-02 1.579385498410881272e-01 2.947664514170128536e-01
7.566642036900078638e-02 1.882785930928321250e-01 3.122442202249244292e-01
7.311919951925383021e-02 1.503754922926392734e-01 2.896781869126194287e-01
1.028656644923095220e-01 1.467875549148775771e-01 3.070921688189607313e-01
1.170166772191219701e-01 1.624696790467655694e-01 3.253801656241618878e-01
1.678170709196027399e-01 1.597822631834976415e-01 3.589174634044241530e-01
1.072164099126099168e-01 1.020402186407146777e-01 2.925969162496537268e-01
1.970396594928975620e-01 2.381973590016505521e-02 4.067699204382908551e-01
1.816334961153822092e-01 2.895059376162849307e-02 4.560752915971756916e-01
2.287120662213923405e-02 -3.814710104343754793e-02 3.372917267846364253e-01
1.113078965562025735e-01 -4.773108793567359953e-01 -2.265611803270329294e-01
1.848996957759469484e-01 -4.737508554374290082e-01 -1.987301098346145323e-01
3.623124710660695080e-01 -4.366383628163499897e-01 3.052768144722856625e-01
3.815696528924433228e-01 -3.630166225146673753e-01 3.050845643474019431e-01
4.390879577487654117e-01 -3.268188156215242057e-01 2.672009148794978195e-01
8.872659755242937041e-02 -4.084547018903625926e-01 4.778297393371146451e-01
-4.707321673874609314e-02 -4.137593032805587656e-01 4.975182811164950425e-01
5.843462493357043375e-02 -4.547212708722608854e-01 2.918177916021581497e-01
-1.226560558333495976e-01 -4.769142135149364581e-01 2.875170591997409097e-01
4.498115391675565622e-01 -1.106234445349283946e-01 -1.433903728494176355e-01
4.083341711127867479e-01 -9.005296414599577026e-02 -1.598982697463073588e-01
3.742248663147033638e-01 -1.401650120426622959e-01 -2.508634929671436642e-01
4.265634952441254568e-01 -3.381968935278093641e-02 -2.266568836944621024e-01
3.753688946604699650e-01 -2.250909623488150380e-01 -2.205178515821404617e-01
4.127605252449655926e-01 -2.150975331337951213e-01 -2.641240083919710879e-01
3.819637090975329108e-01 -1.044800839960738359e-01 -2.981679115306795080e-01
3.967508128060902028e-01 -1.317620457918210197e-01 -3.454659687481007602e-01
4.033533335073896109e-01 -1.675730838308386872e-01 -3.400155757024934666e-01
4.695677770909313375e-01 -4.186390476711022157e-01 4.223723602429416829e-02
4.393074129056567245e-01 -2.597408346484157415e-01 1.344326141318878676e-01
4.121758405796572267e-01 -4.305487432201993148e-01 3.167668237809660031e-02
4.750119304836123990e-01 -2.977685004592070528e-01 1.585096303342344859e-01
3.630198686716032963e-01 -3.761297421478085323e-01 1.324410985982402145e-02
3.451743174563348671e-01 -3.326390230733332620e-01 4.568835309922471277e-02
4.647164020156012709e-01 -1.860200549954446614e-01 3.185568798948741620e-02
3.971897287266337728e-01 -3.996901128291393546e-01 -8.359885781752737777e-02
3.705475273277631376e-01 -3.700513410582987328e-01 -5.460512462429827768e-02
3.789581007439098426e-01 -3.122510555573612123e-01 -6.707737119476436805e-02
4.008148797771326488e-01 -2.843298294331815801e-01 -8.103171738486875109e-02
4.198058707724829919e-01 -2.326148322326268003e-01 -4.688082420359291902e-01
4.465501272295770985e-01 -2.050929931498909620e-01 -4.621254188674377983e-01
-3.322020411488377789e-01 4.839226141365839950e-01 -4.631213392805768603e-01
-3.432746991246567458e-01 4.655189535531463196e-01 -4.207686270221256963e-01
-3.954531159020628350e-01 4.852678026820878010e-01 -3.999341309336112982e-01
-2.723328115144285078e-01 4.782880482870991434e-01 -3.706643231409715855e-01
-4.255029885459016281e-01 -1.725607961735434182e-01 -2.120809376449449557e-01
-4.523480055525735954e-01 -2.262113092623460608e-01 -2.467161260365703379e-01
-4.248875975402441885e-01 -1.625101614181796161e-01 -3.313302114578583479e-01
-3.759046302101343162e-01 -1.115625702636690586e-01 -2.564086820695350988e-01
-4.029581191880267088e-01 -1.030337128609149638e-01 -3.207525202087385119e-01
-4.637088981097338691e-01 -4.849974416749322503e-01 4.848652095848622889e-01
-4.318656130672640647e-01 -4.673048942169547582e-01 4.375956528674485035e-01
-2.363136634712295625e-01 4.422534669554114423e-02 4.790938579941307895e-01
-2.597598766015834504e-01 7.799073708693292362e-02 4.677941494227474406e-01
-1.704601291418506304e-01 -6.141305630965541995e-02 -1.760623837129585700e-01
-2.026571216262152697e-01 -1.719990254015283382e-01 -2.767201207706606603e-01
-1.502518481235088355e-01 -1.469712185347558653e-01 -2.468372501415607712e-01
-2.905321282523394832e-01 -1.234228272814253125e-01 -3.034158586109186873e-01
-2.521983909566165027e-01 -1.700145393022292339e-01 -2.706139029965798914e-01
-2.056679095820319048e-01 5.607681477217053845e-03 -2.623273918163947505e-01
-1.926211054276478207e-01 -4.276870157934544239e-03 -2.021877664289369603e-01
-2.036296403963581414e-01 -2.502169076648661644e-02 -1.732173494131559466e-01
-3.168294599784818311e-01 -1.104542205753577533e-01 -2.556471484460375310e-01
-2.777214079747374331e-01 -1.643345585866336778e-01 -2.181868025908783870e-01
-2.534343929402081974e-01 -1.291767291515160399e-01 -1.417473398215392255e-01
-1.772514602108663795e-01 -1.068520184699058989e-01 -3.318318140954053530e-01
-2.319213315118843211e-01 -5.503768724353276520e-02 -3.423393281453190329e-01
-1.839298713153596498e-01 -5.857664443207323546e-02 -3.206246803841087400e-01
-1.877915118622361379e-01 -6.865690169160533485e-03 -3.170887820184611350e-01
-2.700356349394491540e-01 -2.066134732691929377e-02 -2.233001727223165034e-01
-2.686297185455679415e-01 -1.691896424712741737e-02 -1.839429228003484906e-01
-3.091863203405216809e-01 -4.889415581276361500e-02 -2.336377201308736939e-01
-2.824774521275461581e-01 -5.775455102530594603e-02 -1.588005498316045205e-01
-2.503200220516366703e-01 -1.665092192308820218e-01 -1.431843417222450343e-01
-2.938436361037035094e-01 -9.691527493338002175e-02 -6.009975480510790224e-02
-3.435852954140672932e-01 -1.556931051842582736e-01 -6.344927777563803828e-02
-3.351294162476377569e-01 -1.716384009088366414e-01 2.962538104338987774e-03
-2.846147046817487647e-01 -2.027072316013101561e-01 -1.737871312121311018e-01
-3.317898889750514058e-01 -2.219993164707667888e-01 -1.319470526312148673e-01
-3.349751233459031807e-01 -1.203470011402991424e-01 -4.796172534164037243e-02
-3.272376957696647715e-01 -1.056914167931841952e-01 -8.040034418511463055e-03
-2.636772057461044816e-01 -9.375589259788201513e-02 1.026314964093973103e-02
-2.466311163282919050e-01 -6.723524364213355475e-02 -4.029747709454943594e-02
-2.545934522299857505e-01 -2.519002982284752057e-01 -1.690789009262226306e-01
-3.054426584061008532e-01 -2.734589280112111886e-01 -1.403830272924656841e-01
4.155934154531352315e-02 -2.203147218472967517e-01 -4.873096862949103519e-02
-1.132610388142761132e-01 -4.096023101133804412e-01 -8.716533098326061102e-02
-2.152239790800941077e-01 -2.735204473753837795e-01 -1.251117304496460747e-01
-1.045252768880414011e-02 -3.621960601015465908e-01 -1.186379088944018723e-01
2.742485391841281012e-02 -3.928357081647855242e-01 -7.019508106275457182e-02
-9.060728664194975246e-02 -3.410318643262458815e-01 -1.893451132527514125e-01
-1.188987360617229094e-01 -3.713908336407503730e-01 -1.567848151260080036e-01
-1.223230175895941574e-01 -2.355074537698546300e-01 -1.269406683761203636e-01
-1.205010112892406782e-01 -2.695785736674911615e-01 -1.742811668165762939e-01
-1.563280623318843987e-01 -3.032991779682684963e-01 -1.668826665751113603e-01
4.534405137567867894e-02 -3.068982088827632015e-01 -5.843435400018805181e-02
3.882585004060090661e-02 -2.669858383390580903e-01 -4.506619160129275020e-02
5.054458339655262811e-02 -3.751672546819047604e-01 -4.414922850734218779e-02
3.125989930398778011e-02 -3.043343432918043656e-01 2.094648122790507966e-04
-3.845031501385686168e-01 -3.247340266636645767e-01 -3.143055255927224567e-01
-4.314288654435845527e-01 -2.968598353585130689e-01 -2.225132729552557753e-01
-4.181441544591627535e-01 -3.655698911205083057e-01 -3.313974186401603128e-01
-3.940877895546049392e-01 -2.876049271420952347e-01 -1.773422492561056441e-01
-3.263600336588970974e-01 -3.229671844603166364e-01 -1.666393452761301408e-01
-4.241217140069566960e-01 -3.498881732914044251e-01 -1.434563951051426312e-01
-3.958860574585516545e-01 -4.565269276415386823e-01 -3.578655635491868048e-01
-4.763457449596669724e-01 -3.129339640319343530e-01 -2.304330628404981929e-01
-4.670139983744162615e-01 -3.933082628983328166e-01 -2.972809350551887664e-01
-1.997551506942525090e-01 -1.413954791093858798e-01 1.122835807644055606e-01
-2.524834202754899226e-01 -1.377046781541758358e-01 1.020847441182819032e-01
-2.065495603457209728e-01 9.936821879098879651e-02 1.532200512343323551e-01
-2.498579655229668239e-01 -1.797104529217956881e-01 1.505431694820999478e-01
-1.233537732166403167e-01 5.833778525807276766e-02 1.904139891053138189e-01
-2.503234781749393290e-01 1.124475986068810829e-01 1.446154797958955351e-01
-2.779612214205412490e-01 1.092487304090069417e-01 1.349126410598767423e-01
-2.565392142349727234e-01 9.979383435178873496e-02 1.463280844882233478e-01
-1.719580768939243942e-01 -1.987944332909828138e-01 1.444037803657009233e-01
-1.026569182946745346e-01 -1.481806170825185343e-01 1.488789101226630218e-01
-1.249464505251492025e-01 -1.687423277018912926e-01 1.860758983644281439e-01
-1.022662168402705546e-01 -1.578246280144741248e-02 2.063980705768259094e-01
-7.103400894803604815e-02 -1.040413953213996795e-01 1.897029767584938742e-01
-8.972471839428611262e-02 -8.773916194693590076e-02 2.713315129120618119e-01
-6.236847386940197469e-02 -1.243659428611626344e-01 2.344436085114302015e-01
-9.568060660635747949e-02 -1.574233078112291795e-01 2.202221771193797750e-01
-4.606928548747416530e-01 -1.812210092489981161e-01 4.676882669858012931e-01
-4.170438562124727522e-01 -7.476818837635067216e-02 4.719241552173044085e-01
-4.228514317499388331e-01 -1.193129734678005788e-01 4.607996599843158791e-01
-2.432620224955465982e-01 -1.514026013570689277e-01 2.454135508157517243e-01
-3.848703571245651323e-01 -8.165202280573394256e-02 3.999927968114324606e-01
-3.874944569549087503e-01 -1.379463491840141887e-01 4.197089481511166453e-01
-2.373294366087325691e-01 -3.035615464680746500e-01 1.366584378237926667e-01
-1.458869656020665151e-01 -2.557949686425183833e-01 1.365196362567096811e-01
-1.980024079090870193e-01 -2.531812647251126536e-01 1.163190175160031536e-01
-1.278689876870676978e-01 -3.080664498884728708e-01 1.582479420252057567e-01
-1.653837649472347238e-01 -3.359899980395987806e-01 1.702289228397649845e-01
-8.925221930962445871e-02 -3.418559086458491936e-01 1.105998789731405807e-01
-1.209338544407865534e-01 -3.864084084213968429e-01 1.345646935883277329e-01
-8.252135938802990234e-02 -3.204431843276863145e-01 2.570953377755135633e-02
-1.053293717954103814e-01 -2.858193948209092339e-01 4.072085478702568151e-02
-1.356881437055935669e-01 -3.790771781543884056e-01 -4.635411108966505656e-02
-1.742366207729298122e-01 -4.634496276361307898e-01 -9.360399669421211322e-03
-1.734829960175366392e-01 -4.721315541477322797e-01 5.449305587965296710e-02
-1.834684150651037515e-01 -3.036860425594413715e-01 -4.923809318580878169e-02
-2.787635492914076196e-01 -2.724031076429737075e-01 -2.465731346471763258e-02
-2.853317663322409992e-01 -2.950435710316469673e-01 -6.806318500884123157e-02
-3.664769399924127091e-01 -5.704090708795343800e-02 -4.999277782382727242e-02
-3.812430420788388008e-01 -6.612753465950800547e-02 -7.208663320160538235e-02
-3.416652248690805194e-01 8.603014739080067086e-02 1.070553630231543818e-01
-4.022884334549521879e-01 8.181238870795334850e-02 1.286977927569959990e-01
-3.493370333301210606e-01 4.398688130589772927e-03 7.462134175209980680e-02
-4.236024603048292314e-01 2.008561427366414159e-02 1.130402827362134294e-01
-3.704401510179269885e-01 1.892007611518102816e-01 -6.778133873371947060e-02
-3.293380757452656349e-01 1.614593238150799914e-01 -3.080699652949736231e-02
-3.412797796433438280e-01 1.832397504710510661e-01 -7.300629702419693390e-02
-3.199676146412292477e-01 1.050071342586563761e-01 -4.406408533532520794e-02
-3.604263096660933474e-01 1.421058713221654557e-01 -8.973383320057345958e-02
-4.677657031890624650e-01 -7.617456218367147161e-03 7.160502802845548909e-02
-4.765171655190665323e-01 -4.490793742530251043e-02 1.694653287090710364e-02
6.503717379708882917e-02 -3.243093304314483838e-01 4.318152934141160082e-01
4.552469698132908249e-01 -3.490916781272021541e-01 -1.037504962592987329e-01
4.742308762307469450e-01 -3.808715029215709591e-01 -1.729930739191128386e-01
4.239081005523744894e-01 -2.221879730353984450e-01 -1.915769478619132049e-01
4.250342425773728228e-01 -2.871174130729179375e-01 -1.045808216464524099e-01
4.421802256463801539e-01 -1.674539742864864511e-01 -1.383695612359485405e-01
4.449626063346137639e-01 -2.499601980045113581e-01 -2.354435450811618036e-01
4.167078533038431898e-01 -1.786794443769917640e-01 -7.552801696452990377e-02
4.301434754741148558e-01 -2.575977055720782283e-01 -7.934814054146879791e-02
4.505759615089397485e-01 -2.159347571749905825e-01 -5.067057716754523600e-02
-3.766959265883731978e-01 -4.547395603771676731e-01 -4.827746708476802762e-01
-3.995034510118035675e-01 -4.722506993065115899e-01 -4.772087826975728864e-01
-3.872916604072457192e-01 -3.023923163251076573e-01 -4.360438969430333600e-01
-4.135235440842833787e-01 -3.362421863653012877e-01 -3.945938100501101831e-01
-4.793081976897994867e-01 -2.260305518629766586e-01 -4.831508656968476756e-01
4.425244324861872247e-01 -3.293155443653244530e-01 -4.311154830770508872e-01
4.391741668310351621e-01 -2.742676858586708954e-01 -4.683592705477362395e-01
4.277254846150313483e-01 -3.817810853253353343e-01 -4.678769026443815315e-01
-4.842052495453131877e-01 1.601166870539764697e-01 2.835880030848401123e-01
-4.323096696767367852e-01 1.490231357435883308e-01 2.555069160362136715e-01
-4.410071966710162883e-01 -6.686102099469068416e-02 3.091063679190241276e-01
-4.634432236858239129e-01 1.819622176523371659e-01 2.317496848912947716e-01
-4.360846841701064847e-01 1.456436120069696805e-01 2.199889644103250885e-01
-4.594003940468670000e-01 1.492493770623818383e-01 2.104618556249631400e-01
-4.257738944836513828e-01 -4.050249371562226336e-02 2.689912194163898707e-01
-4.271382234827175162e-01 -6.758022523697410078e-02 2.761195165642088001e-01
-4.248979089973469736e-01 -7.547523581267344406e-02 2.580479757571617072e-01
-1.608976819371336908e-01 -4.690316122743019150e-02 -7.728554263522119383e-02
-1.146842550955645412e-01 -3.484144707890449860e-02 -8.662825893668764377e-02
-1.083378292758165884e-01 -7.098587548526916202e-02 -7.307140244625631720e-02
-1.791887864402565700e-01 -5.236881808531063109e-02 -5.784715275641241772e-02
-1.699771600267075689e-01 -5.852925041217388324e-02 -1.610541558806887208e-01
-2.045386318685925575e-01 -9.223916662408553069e-02 -4.194543970171410452e-02
-1.845535460369047975e-01 -8.845424610424114376e-02 -1.680550596478250502e-01
-2.184879606054786760e-01 -1.396336243198969818e-01 -1.003176986909689872e-01
-1.760026303712133866e-01 -1.611191500596979298e-01 -1.102202702561385778e-01
-1.565668632783416558e-01 -1.164498623066083649e-01 -1.740832283261551927e-01
-1.496650033171676719e-01 -1.318587390535862491e-01 -1.545770865230058910e-01
-2.002680644744203042e-01 -1.225872458770308621e-01 -1.600187866666728242e-01
-8.219722826601945365e-02 -6.663658722559741288e-02 -3.141357077252755065e-02
-8.648722719291560002e-02 -7.666335229570211962e-02 6.878194420845359230e-03
-6.156009795121178407e-02 -1.173058592916072368e-01 4.107461916799332036e-02
-1.460240491701765009e-01 -9.155384033154365109e-02 -5.215641905350350965e-02
-1.416747040196839336e-01 -7.016941632716393318e-02 5.417669478174426401e-02
-1.664523796380784348e-01 -7.189469178624423307e-02 -4.319392106753261462e-02
-1.849250188893645785e-01 -1.472801946154357888e-01 -6.275470520698489540e-02
-1.929585489959822764e-01 -1.118251497155541424e-01 6.445666534210665877e-02
-2.058015182746708582e-01 -1.153181662401368962e-01 -3.090847816268079210e-02
-1.623800734946069246e-01 -1.403864337573085541e-01 1.218133579316058590e-01
-1.252443399029027349e-01 -1.441710229124787968e-01 1.081120153878379619e-01
-1.556746340243606030e-01 -1.600895990940634506e-01 1.208823332037941428e-01
-2.225775351052564910e-01 -1.360915482902269047e-01 1.973363596854381743e-02
-1.326504478868208714e-01 -2.424958243708693062e-01 -6.298963823566147008e-03
-1.892119032165938686e-01 -2.565981430676487207e-01 -1.336829150772136064e-02
-1.667833906332369109e-01 -1.870844665468982537e-01 -8.593759994009075864e-02
-1.350807365994104725e-01 -2.204033426632951154e-01 -9.405272367795167177e-02
-1.816086607757970428e-01 -2.326126608344098179e-01 -9.763727363031372841e-02
-1.790365602635174413e-01 -2.344121577132458056e-01 5.190934734091581793e-02
-1.994226132842600585e-01 -2.328459267809402100e-01 1.325029464026012543e-02
-3.580240254700731706e-01 -4.601841550750357945e-01 -3.113595612123403744e-01
-3.264211395132018412e-01 -3.685302740840443736e-01 -2.930870734676009337e-01
-3.077332825495623925e-01 -3.615480770920460052e-01 -2.024329766308421985e-01
-2.775380599061902376e-01 -3.358022159496311665e-01 -2.897997130394042720e-01
-2.436374062368127924e-01 -3.390809771962245422e-01 -2.196267507500520300e-01
-2.149620317193988717e-01 -3.954405112601768191e-01 -3.551127383127075099e-01
-2.168639113871969892e-01 -4.684162132042156146e-01 -3.726902433319709829e-01
-1.628812202917233332e-01 -4.585056814484703147e-01 -1.734343771278305246e-01
-1.506343200406713156e-01 -4.065480757885790997e-01 -2.175758396363461633e-01
-1.218322336686791796e-01 -4.766360643249846762e-01 -2.721574725700683928e-01
-1.142844088036020778e-01 -4.226052900159057435e-01 -2.746766917458338675e-01
-2.814938740160166653e-01 7.878280817986613171e-02 1.963748087832394296e-01
-3.528528763256104095e-01 -1.852492245470764576e-02 2.892184379889053414e-01
-2.644198102353935154e-01 -6.276874576444868570e-02 2.860252871827683729e-01
-3.437346484722189066e-01 1.247678394259689044e-01 3.641619201953194551e-01
-3.601128614402168693e-01 1.349460137388436565e-01 2.273052751606120248e-01
-3.622241814119330772e-01 8.580590160296494573e-02 2.342170364299809848e-01
-3.096309248088541799e-01 1.610918237149674970e-01 2.092909056079967633e-01
-3.167560310061904305e-01 1.065878338775931161e-01 1.881385356539928277e-01
-3.267539842811091333e-01 7.291892297466509576e-02 4.176373622249733297e-01
-3.259117623587908796e-01 -3.308007533807999501e-02 3.937162470451742724e-01
-1.942870472665802206e-01 3.893845049809643855e-02 2.493647113481562982e-01
-2.461748550252174372e-01 1.497441019694274733e-01 3.520349294013477848e-01
-2.843355689043630119e-01 1.425441439052564374e-01 4.083675471981284555e-01
-2.828837427865891208e-01 9.927610840005719750e-02 4.468670946622750328e-01
-2.314633333975054941e-01 3.952083642558205240e-02 4.378765302540055249e-01
-1.528163033977971985e-01 9.731169567978224799e-02 3.684674951581852764e-01
-1.654556816269701358e-01 4.641658199357419357e-02 4.209078234064715374e-01
-4.258817591652809820e-01 -2.206467158793578021e-01 6.898710178753400535e-02
-4.463813347623071248e-01 -1.032169567384599862e-01 2.487937064341289861e-01
-4.546830798657615080e-01 -1.289813347583170788e-01 2.650702240496887185e-01
-4.241620820209642262e-01 -7.337838519836932527e-02 1.405859066652025147e-01
-4.309019939082717188e-01 -9.568717665989233401e-02 2.274417361905030910e-01
-4.724221844553225247e-01 -1.817350618188491307e-01 3.514564249190064299e-02
-3.835135268592498869e-01 -2.104731249027940732e-01 9.257867815687456647e-02
-3.648850152705708227e-01 -1.745236230885596762e-01 1.485580607943411680e-01
-3.111685581543397472e-01 -2.980832505321019399e-01 1.749388958751202372e-01
-3.047241765531009672e-01 -2.400559724354016933e-01 1.682446730982024297e-01
-3.161777078773210237e-01 -2.137845048691973115e-01 2.175931459045924443e-01
-2.986510977490192675e-01 -3.497364968266050700e-01 2.818448844773814854e-01
-3.563121250951473695e-01 -2.165581298779567787e-01 1.525210050391099526e-01
-3.683744028031030182e-01 -1.972692138218428148e-01 1.966259441822782450e-01
-3.660731123680316945e-01 -2.633355112791637143e-01 1.271022727737468883e-01
-3.106845848122695153e-01 -3.187902292358992806e-01 3.390097551338648318e-01
-3.170279335622070982e-01 -2.755099026980816768e-01 3.619387130460882673e-01
-4.313503836344894093e-01 -2.830969555179115305e-01 1.158163942419040693e-01
-4.559190352607297436e-01 -1.605281143879400407e-01 2.518119073622294701e-01
-3.699548906112963276e-01 -3.371843966053630903e-01 4.041765152339744094e-01
-4.391745191526533199e-01 -2.879838063573583185e-01 4.166985780137377748e-01
-4.595008149353766447e-01 -2.144690956204241827e-01 3.962764788130465066e-01
-4.268044826169165584e-01 -2.065718856919796509e-01 3.588074362451383892e-01
-4.295183527026709691e-01 -3.899958944477033840e-01 3.931281120039312182e-01
-4.669213038259786286e-01 -3.437317584986837593e-01 3.883100597290936040e-01
-2.402609030743616814e-01 -4.763481196433308473e-01 4.090592143932074432e-02
-1.791435228240263189e-01 -4.837345786858345820e-01 -2.377667470886327128e-02
-3.415665154973681616e-01 -4.645265581352590600e-01 -1.005880769617869680e-01
-3.092438258623001479e-01 -4.857037362798182212e-01 -1.382256055164634012e-01
-1.887518906388567508e-01 -4.883377819337199055e-01 -3.580187867158689946e-02
-4.551472603506707126e-01 8.322410678798093653e-02 -2.721151695277573834e-01
-4.096817476475104747e-01 -5.945173160139428925e-02 -8.207026259377186994e-02
-4.421915530157812246e-01 1.630027638268601586e-01 -2.032081165854712212e-01
-4.341543431378842577e-01 1.443971884757673796e-01 -1.580014322512545699e-01
-4.294737477946667381e-01 1.348146109804963522e-01 -1.867094220018512274e-01
-4.264996794342026387e-01 1.266022056697943543e-01 -2.424421358685586447e-01
-4.028539277411355979e-01 1.060883031782215297e-01 -1.997637903017822902e-01
-4.499708896996295615e-01 3.822317923267065654e-03 -3.104404772630598996e-01
-4.564944983788664645e-01 -4.535037740503908288e-02 -3.077481952678508548e-01
-4.603963227603205532e-01 -1.783835687037662807e-02 -2.807033860180080942e-01
-3.769246562317984384e-01 -3.765753106390929555e-02 -2.289221649859647101e-01
-4.016278177683847428e-01 -7.422633310501344783e-02 -2.515324945911180943e-01
-4.668406648297134809e-01 -1.425475218163245184e-01 -1.028152705821716029e-01
-4.269132609827873681e-01 -1.369985064239626349e-01 -1.940516893843090562e-01
-4.767447140009122286e-01 -1.245309862800901279e-01 -1.336323938899446617e-01
-4.293416868280883203e-01 -1.153312200292779810e-01 -7.197206848549607405e-02
-4.044983529718297888e-01 -7.288745561996512468e-02 -6.259405893600795967e-02
-4.579863090666581038e-01 -7.554290598507000520e-02 -4.174957853483634435e-02
1.517835545366557071e-01 4.306405230315035193e-01 4.710435148684223305e-01
1.075590723563521339e-01 4.874025208722491120e-01 4.652854852641664651e-01
1.090555996274854278e-01 4.656878964242270880e-01 4.679023943754816450e-01
8.371649343102088858e-02 4.648839441789022198e-01 4.766140567441571330e-01
4.754602927016332581e-02 -6.837361014078119359e-02 4.629242734932812464e-01
8.032042119071949871e-05 -8.902321179485932212e-02 4.344087135499134500e-01
-3.088191466976405453e-01 -1.475606261710969702e-01 4.289370334043491328e-01
-2.763754518477009592e-01 -2.413686152896036274e-01 3.845991323146086271e-01
-2.256691932162590841e-01 -5.909022244046403805e-02 4.250553227344266438e-01
-2.802220375387795559e-01 -8.406222894318439443e-02 3.918214711546835760e-01
-2.446592941128196141e-01 -3.072937165266299009e-01 3.973935568216167002e-01
-2.673940125114940836e-01 -3.106437237908885596e-01 4.197337822186562595e-01
-2.643995105877622320e-01 -2.988452079505635739e-01 3.816082772969136006e-01
-1.255378687813326899e-01 -2.329953714756001770e-01 4.659455119007832602e-01
-2.849667237516983476e-01 -3.665097676312046859e-01 4.865701622997412046e-01
-3.475097248419745100e-01 -3.803431819094057476e-01 4.791434156324233529e-01
-6.666087424508528037e-02 -3.330963532136658745e-01 4.373729730889178713e-01
-1.288974673682822536e-01 -3.757335949987509194e-01 4.239956556764234441e-01
-1.981806026634005680e-01 -3.002124248794771910e-01 3.832830609928077337e-01
-1.279561688850237855e-01 -2.715616851415969535e-01 4.221060340865207539e-01
-1.476169988493335195e-01 -2.594137803053388480e-01 3.901785200017650612e-01
-1.766432022298808913e-01 -3.966820874078655912e-01 3.991240817758499593e-01
-2.174199458079748570e-01 -3.273811829209961055e-01 3.627179799908778479e-01
-1.284194210236813127e-01 -4.552913539604305226e-01 2.982936387112615217e-01
-1.506715556391548527e-01 -3.759200456403120061e-01 2.040568255845452428e-01
-8.386415394499964482e-02 -2.167487776075274764e-01 3.348678859285459386e-01
2.960501946336679957e-02 -4.107713489140882857e-01 3.189934768553315814e-01
3.065116054898565229e-02 -3.415355544820677380e-01 3.885225101935272929e-01
-1.953343449467981052e-01 -4.219542929757665872e-01 3.295257863011102351e-01
-2.074322229182482547e-01 -3.840770006440481499e-01 2.934418269353047948e-01
-1.195937937476507090e-01 -4.390049455865618344e-01 2.215937388360726956e-01
-4.567725763057581961e-02 -4.232893962395520848e-01 2.823263781493138835e-01
-1.105711845351047135e-01 -4.442153993003145063e-01 2.768644265194001863e-01
-5.728222938457441099e-02 -2.883216388613299430e-01 2.183087455621317285e-01
-1.198213546761572323e-01 -8.242814693052684383e-02 -1.430789758312361881e-01
-8.135963483161123833e-02 -5.406660348215518164e-02 -1.431451927933908852e-01
-1.269658423647665180e-01 -6.092669334395316161e-02 -1.378042601638736764e-01
-7.961400296457499248e-02 -7.773084051991401011e-02 -7.636106756299418374e-02
-6.286425081129458359e-02 -1.462870673263585164e-01 -1.958295326221282384e-01
-1.023425334144259791e-01 -2.120139162908398212e-01 -1.622079819313236582e-01
-1.211473679065594722e-01 -1.515455509717135163e-01 -1.897951104805367106e-01
-4.064813934256985423e-02 -3.200204285572832985e-02 -1.064279879872131740e-01
-9.727712127257377717e-02 -4.597868971631903501e-02 -1.043363106445663602e-01
3.539082582448691006e-02 -7.754150740582896328e-02 -9.052584672401507715e-02
-1.027194923803358556e-01 -2.123802149883090851e-01 -2.207119121891658320e-01
-1.105765627855355704e-01 -1.564943430146233938e-01 -2.056215918265954790e-01
-7.083100751352902624e-02 -1.890398333438578771e-01 -2.262111139886983369e-01
-2.432397052901538043e-02 -1.426660772777019748e-01 -2.114769957920830390e-01
-4.965663304512912130e-02 -1.699373137658778399e-01 -2.236206413282519623e-01
3.698557000709901815e-02 -1.534224825219594190e-01 -1.099378621976089265e-01
1.595056827894337365e-02 -1.396248409692306958e-01 -1.735693749778152162e-01
4.372174570251266545e-02 -1.060223629325736938e-01 -1.190149206699325501e-01
3.110062057121234375e-02 -1.623600692698614900e-01 -4.839401518558574672e-02
3.532179507646222849e-02 -1.264948215422842803e-01 -4.046794845758971276e-02
1.159327098307735490e-02 -2.015959348554996755e-01 -6.720170241311650139e-02
-8.012232375996239386e-02 -2.177639801475815262e-01 -9.485117752926185142e-02
-2.463745820669344805e-02 -1.288464187157279950e-01 -1.688437546413046331e-02
-6.664455265703700393e-02 -1.058274932657452538e-01 -5.162322599535197620e-02
-6.490560418947936838e-02 -1.947467164666842887e-01 -5.764604526560257458e-02
-9.000688659578774675e-02 -1.885607235643600998e-01 -7.076963169566605205e-02
-4.734935990634278058e-01 -3.490898084889803576e-01 3.534297110216642612e-01
-4.346680050343718626e-01 -3.927479615791237832e-01 3.587333359416940426e-01
-3.757345853939542124e-01 -4.695128765791132253e-01 2.653477884152554145e-01
-3.602845371293135757e-01 -4.151154932929483343e-01 2.857998651053478278e-01
-1.641824035226868705e-01 -6.079225367698326554e-02 3.044547567937979649e-01
-1.318233033715851821e-01 -9.590113952735405956e-02 2.924824078013146256e-01
-1.638335449755233819e-01 -2.925399179948592887e-02 3.777154088261036047e-01
-1.966800637721322076e-01 -7.818706599807495605e-02 4.088768373827825764e-01
-2.084078904232146978e-01 -1.101537916923010507e-01 3.272546012890963918e-01
-2.235106153626682801e-01 -1.117234032681496542e-01 3.435637209870323616e-01
-1.233928083382934138e-01 -1.325070079651756161e-01 3.015868758064793598e-01
-1.971998919375876347e-01 -1.307392368082948286e-01 2.889335283335599525e-01
-1.983093200416040092e-01 -1.634722536360094514e-01 3.387216986609160041e-01
-9.661371767112907072e-02 -1.164354629252503832e-02 3.996048764406454068e-01
-3.953296359948473004e-02 -4.672178765497777414e-02 3.848179284250694554e-01
-1.060306410321109477e-01 -1.983390492531937888e-01 3.591181955434574191e-01
-1.293934031802963514e-01 -2.044303387205749778e-01 3.757241110450367794e-01
-9.010801205375842948e-02 -4.676680616000594704e-02 4.271232662246629008e-01
-3.660939528313209013e-02 -6.766398602085177405e-02 4.168098002103660105e-01
-1.069671543918278567e-01 -1.105901792823177354e-01 4.451093547360115976e-01
-1.606719494564614603e-01 -1.195780908019866695e-01 4.668512804667884764e-01
-4.049419395804608468e-02 -1.173535739979555820e-01 4.419410655013105704e-01
-5.781661254425301405e-02 -1.695712278708006171e-01 4.268002863927822799e-01
-7.412739681503881239e-02 -1.285859761573991400e-01 4.585784972502536805e-01
-8.515994553732177119e-02 -1.706779888090105279e-01 4.652531855240941705e-01
-1.262652123550275507e-01 -1.712205478149435023e-01 4.373605390382388491e-01
-8.548323490770171063e-02 -2.097656413397566422e-01 2.605395976451787554e-01
-8.348705451286873858e-02 -2.378217773644010768e-01 2.577335213227600064e-01
-8.361762157128835304e-02 -2.282931518798648474e-01 2.945106412802746543e-01
-3.689750564204389432e-02 -2.518481700076586338e-01 3.461936563584431803e-01
4.820294336823874315e-02 -3.017259397350994798e-01 3.444260432307285624e-01
1.265223179020696642e-01 -2.066272454609083264e-01 3.028649298839476978e-01
1.841457502680923092e-02 -1.745778802903528437e-01 4.191487678238246528e-01
8.320941091437542014e-02 -2.789637544417358228e-01 2.558660023631899594e-01
1.991257561616849303e-02 -2.953423464537722753e-01 2.350883773077665773e-01
4.336477905818073714e-02 -2.990936039188948903e-01 2.646767895682742844e-01
1.612463794436199138e-01 -1.576018535189634417e-01 3.695387594655735186e-01
1.001629347539244042e-01 -2.210224221465973693e-01 4.318103625459502881e-01
8.019468353490623314e-02 -1.775365072160817737e-01 4.465599767092396366e-01
1.484715832675311542e-01 -7.927872506204058922e-02 2.964645299387247968e-01
-5.133867301891527693e-03 -9.452597732248899098e-02 2.951616350618832540e-01
4.777371817222963307e-02 -4.974754006174542803e-02 3.402841383021871779e-01
1.449181589604039977e-01 -1.873025322800484782e-01 4.257934426572932418e-01
1.392784863045357369e-01 -1.428138658622444268e-01 4.468047840575188334e-01
5.880330074438717275e-02 -8.788591927967062678e-02 4.093455489599093222e-01
1.275056635034671204e-01 -5.106854479942389557e-02 3.381667035959672329e-01
1.246978647701717235e-01 -8.382856928439265734e-03 3.582614866315245727e-01
1.743995420848222233e-01 -5.944622052748906038e-02 3.689147156648166503e-01
1.541851017422892767e-01 -1.597921855733058089e-02 3.775148733210410001e-01
1.328107890244697442e-01 -1.072826524469834425e-01 4.348350900869664137e-01
1.069786296518689811e-01 -6.449166186328575412e-02 4.338313728057469065e-01
1.581302115869631930e-01 -3.841392373732450266e-02 4.214144222489674130e-01
-4.776566671963413113e-01 -4.764810287876171113e-01 1.211523863222760955e-01
-4.288445021887878905e-01 -4.703739884331997190e-01 1.468807959924950390e-01
-4.746850000009602555e-01 -3.393364299688709784e-01 1.466560912172230058e-01
-4.681490967721538277e-01 -3.742352538142190710e-01 1.558857211240603224e-01
-4.335417536251787163e-01 -3.115732735515338581e-01 1.418524608450129898e-01
-3.314558496216981620e-01 -4.483320523879386621e-01 -6.593587791768229511e-02
-2.912377703757703107e-01 -4.503008141785626028e-01 4.727990600297788532e-02
-4.296256561759411174e-01 -3.327870978705543270e-01 -1.026173246548583440e-01
-4.631022978945016910e-01 -3.408075038217779351e-01 -8.521142774579176793e-02
-4.488136984892722725e-01 -3.149457604250583409e-01 -5.992293405671311746e-02
-4.034694601687897064e-01 -3.870261748330141582e-01 1.509996036773234573e-01
-3.585206735002981482e-01 -4.065380437011458792e-01 -1.134320380005258838e-01
-3.875909650695497088e-01 -3.699068554285510624e-01 -1.225666163846111795e-01
-3.598809258230708519e-01 -3.476403315032182140e-01 -1.187463041047795292e-01
-2.850856525105068262e-01 -3.518129920166874758e-01 -2.711225988913073398e-02
-2.714198017379284567e-01 -4.507884639678579886e-01 -1.303186200656934399e-02
-2.944139038580565471e-01 -2.940134472114628861e-01 9.226574262927957071e-02
-3.144438354758968268e-01 -3.438721202948534783e-01 1.176545065064558138e-01
-3.551371349093093710e-01 -3.214013548372935958e-01 1.332114682056427801e-01
-3.367041851580279688e-01 -3.353468478426379074e-01 1.353955431534538956e-01
-1.767746797156027616e-01 -1.210016239143008598e-01 -5.000000000000000000e-01
-2.339282294415811758e-01 -1.044916446807317156e-01 -5.000000000000000000e-01
-1.277812014854636524e-01 -1.097862103525422406e-01 -5.000000000000000000e-01
-2.350711076579336811e-01 -6.207757011583216883e-02 -5.000000000000000000e-01
-2.088550893605581327e-01 7.740694265627502679e-02 -5.000000000000000000e-01
-9.777009596606030251e-02 1.532826157887809577e-02 -5.000000000000000000e-01
-1.184332575468562271e-01 7.002062929622911158e-02 -5.000000000000000000e-01
-7.195703260109080623e-02 -4.104501503646542093e-01 -5.000000000000000000e-01
-2.130545144000197677e-01 -4.528136344490646392e-01 -5.000000000000000000e-01
-4.349249533781310295e-01 -1.454747363461355442e-02 -5.000000000000000000e-01
-5.000000000000000000e-01 4.620376806117505730e-02 -4.907869879455962203e-01
-4.944230169840391209e-01 6.432035250542435245e-02 -5.000000000000000000e-01
5.000000000000000000e-01 -1.284161735333165522e-01 2.476389508011984375e-01
5.000000000000000000e-01 -4.142213836390398057e-02 8.567613763199111165e-02
5.000000000000000000e-01 -2.881083876009359404e-02 7.856676923482537600e-02
5.000000000000000000e-01 2.835997618061744663e-02 7.766724459625094779e-02
5.000000000000000000e-01 1.418467693415466357e-01 1.004693438668169958e-01
-1.772017625622033798e-01 -2.347827808644753211e-01 -5.000000000000000000e-01
4.859984434166405576e-01 5.000000000000000000e-01 -4.942381504050870067e-01
4.174964399636543200e-01 5.000000000000000000e-01 -4.726065391443915464e-01
5.000000000000000000e-01 1.297263254790783360e-01 -1.715763031180088383e-01
5.000000000000000000e-01 1.318057822539004942e-01 -1.894302866952367881e-01
5.000000000000000000e-01 1.882814983909556206e-01 5.675029047505521923e-03
5.000000000000000000e-01 2.691512021849691849e-01 1.379024339565569982e-02
3.927650936872901788e-01 5.000000000000000000e-01 -8.248417979129887834e-02
3.916313466950673283e-01 5.000000000000000000e-01 4.037375168815145882e-02
5.000000000000000000e-01 3.639918664389523717e-01 1.115367116773152700e-01
5.000000000000000000e-01 4.924156008241556970e-01 1.110819257748516392e-01
5.000000000000000000e-01 -3.886733636275521708e-02 3.273592981009878500e-01
5.000000000000000000e-01 -1.405640317197932865e-01 2.608233594438137404e-01
-4.746552237848112310e-01 5.000000000000000000e-01 5.486948514435363577e-02
-5.000000000000000000e-01 3.639918664389523162e-01 1.115367116773153117e-01
-5.000000000000000000e-01 4.924156008241556970e-01 1.110819257748516115e-01
-5.000000000000000000e-01 2.691512021849691294e-01 1.379024339565571716e-02
-5.000000000000000000e-01 4.597934217648233512e-01 -1.481024118427481662e-01
5.000000000000000000e-01 -4.195586058927662509e-02 7.319349656208784527e-04
5.000000000000000000e-01 -3.224709741369966021e-02 -7.400278135506561938e-02
5.000000000000000000e-01 -4.511696387895538368e-02 6.007379143595760473e-03
3.916313466950673838e-01 -5.000000000000000000e-01 4.037375168815143106e-02
3.927650936872902343e-01 -5.000000000000000000e-01 -8.248417979129886446e-02
3.968809727611281590e-01 -5.000000000000000000e-01 -8.486216812391611519e-02
5.000000000000000000e-01 -4.911050296225177303e-01 6.610660595049620836e-02
2.995848412020559182e-01 -5.000000000000000000e-01 -2.830906629086479831e-01
4.815054219440939587e-01 -5.000000000000000000e-01 -2.339967403246200062e-01
4.095223983681364199e-01 -5.000000000000000000e-01 -4.732197556009448691e-01
5.000000000000000000e-01 -3.754489180531463410e-01 -2.836804729178591389e-01
4.174964399636542645e-01 -5.000000000000000000e-01 -4.726065391443916019e-01
3.638877195908228335e-01 -4.436623331856515140e-01 -5.000000000000000000e-01
-3.922845074461361881e-01 5.000000000000000000e-01 -5.809949691658412851e-03
-3.624154425178229277e-01 5.000000000000000000e-01 8.939270799738124884e-02
-3.314775868790162949e-01 5.000000000000000000e-01 -1.395993496024009461e-01
-2.577853371994560105e-01 5.000000000000000000e-01 -1.189792202886200551e-01
-3.688973047909715475e-01 5.000000000000000000e-01 -1.175308122147489115e-01
-2.734770734962584937e-01 5.000000000000000000e-01 6.732510526511814586e-02
-1.689218328412777914e-01 5.000000000000000000e-01 -3.363040696878231289e-02
-1.691365227139858263e-01 5.000000000000000000e-01 -3.266241521541477649e-02
1.047763292330899793e-01 5.000000000000000000e-01 -9.281932588503197246e-02
-1.563610651603897783e-01 5.000000000000000000e-01 -4.824078433191462956e-02
4.346994116227829302e-02 5.000000000000000000e-01 -2.903428103415880424e-01
7.013963559530178582e-02 5.000000000000000000e-01 -2.567799220421387307e-01
3.950465161409492942e-02 5.000000000000000000e-01 -2.901912705368723810e-01
9.546878381891468757e-02 5.000000000000000000e-01 -1.622086386320630014e-01
-1.169957063415340559e-01 5.000000000000000000e-01 -2.768398288054605971e-01
4.340026234339082467e-02 5.000000000000000000e-01 -2.909725238456910557e-01
-1.579348350590043804e-01 5.000000000000000000e-01 -4.737256250030800336e-02
-1.274648869555807251e-01 5.000000000000000000e-01 -2.818700849273750864e-01
-2.236619886370779242e-01 5.000000000000000000e-01 -1.265882600248747214e-01
-8.684652495381753323e-02 3.307450376332909947e-01 -5.000000000000000000e-01
-6.626735013649538708e-02 4.280704164545873214e-01 -5.000000000000000000e-01
-9.499509523121900390e-02 3.141615209968160460e-01 -5.000000000000000000e-01
5.897581957568743746e-03 1.577072094677101355e-01 -5.000000000000000000e-01
-2.488394998450199069e-01 8.970865813795048105e-02 -5.000000000000000000e-01
-2.223929858883308686e-01 2.849989332270445597e-01 -5.000000000000000000e-01
-3.744575855387519692e-01 2.894875351679498943e-01 -5.000000000000000000e-01
-5.000000000000000000e-01 2.545244111480692850e-01 -4.778914247155647832e-01
-5.000000000000000000e-01 1.262248139017112247e-01 -4.101311498237996123e-01
-5.000000000000000000e-01 4.037409919660194246e-01 -3.674679986852920077e-01
-4.456694496496626523e-01 5.000000000000000000e-01 -3.228873160554402988e-01
-5.000000000000000000e-01 4.101229313510078023e-01 -3.053953973709964687e-01
-5.000000000000000000e-01 4.741796398297556392e-01 -2.509513428904026067e-01
5.000000000000000000e-01 4.562768506474428887e-01 3.576400781628028547e-01
3.874364123430851792e-01 5.000000000000000000e-01 3.127684420377258578e-01
4.994041282513139723e-01 5.000000000000000000e-01 1.295817782483346670e-01
5.000000000000000000e-01 3.299916218593015316e-01 3.661560441980054037e-01
5.000000000000000000e-01 2.579989105418770134e-01 1.927845604584388917e-01
5.000000000000000000e-01 4.441246624924063968e-01 3.697493593327318973e-01
5.000000000000000000e-01 1.545811477573672821e-01 3.178709540257935173e-01
7.875638032413720402e-02 5.000000000000000000e-01 1.826958888209714582e-01
-2.984361609840849305e-02 5.000000000000000000e-01 1.488837114043721765e-01
1.010322468801404527e-01 5.000000000000000000e-01 9.410047580017960600e-02
-1.360947544329033643e-01 5.000000000000000000e-01 7.210155298262256596e-02
1.122918037903811311e-01 5.000000000000000000e-01 7.022103312615743387e-02
-1.384062609445540493e-01 5.000000000000000000e-01 1.167612346065180495e-01
1.142583503870207434e-01 5.000000000000000000e-01 7.528748496668200008e-02
4.459714011600945938e-03 -2.151189203247931836e-01 -5.000000000000000000e-01
1.133908228019404052e-01 -1.443638506852201187e-01 -5.000000000000000000e-01
7.936147953240044184e-02 -4.185216872427650059e-01 -5.000000000000000000e-01
1.961245590381701098e-01 -2.497088244760848341e-01 -5.000000000000000000e-01
1.084835985652746748e-01 -4.024201258020809746e-01 -5.000000000000000000e-01
1.546736876532092686e-01 -1.427064666262694015e-01 -5.000000000000000000e-01
-9.959131282798951157e-02 -1.254307902979124312e-01 -5.000000000000000000e-01
-6.714247126601842475e-02 -2.063598430096897363e-01 -5.000000000000000000e-01
-1.004277071258836973e-01 -2.549593533495690956e-01 -5.000000000000000000e-01
-6.385130072621343633e-02 -4.037254319072061115e-01 -5.000000000000000000e-01
7.630719424242154991e-02 -4.370238328105368608e-01 -5.000000000000000000e-01
-2.795887198290580855e-02 -3.614129524967977236e-01 -5.000000000000000000e-01
1.645898237776718398e-01 7.889749942275972594e-02 -5.000000000000000000e-01
2.022157290586698297e-01 1.825664345693851082e-02 -5.000000000000000000e-01
3.825793047699208721e-02 -3.632076760516870367e-02 -5.000000000000000000e-01
3.493720118701913735e-02 -6.295656786957151696e-02 -5.000000000000000000e-01
-2.918533526524126342e-01 -3.303527579931176961e-01 -5.000000000000000000e-01
-2.456600721852164049e-01 -4.343023702656260143e-01 -5.000000000000000000e-01
-2.329250586053842609e-01 -4.501985412343868509e-01 -5.000000000000000000e-01
1.543175002624297965e-01 1.144554422296377993e-01 -5.000000000000000000e-01
-4.917144987007318613e-01 5.000000000000000000e-01 1.104327265902806110e-01
-5.000000000000000000e-01 4.827123297167341121e-01 -1.734675972487357554e-01
1.730632032749352678e-01 1.509219874677984741e-01 -5.000000000000000000e-01
4.250002662721956703e-01 2.943119334136864995e-01 -5.000000000000000000e-01
1.575067931026533363e-01 4.341206060159976676e-01 -5.000000000000000000e-01
1.582212681686823441e-01 4.344363180318056017e-01 -5.000000000000000000e-01
4.051391209354343048e-01 3.536433078391440499e-01 -5.000000000000000000e-01
7.483847501081523912e-02 4.757564647390570833e-01 -5.000000000000000000e-01
1.982864022155596817e-01 5.000000000000000000e-01 -1.912968818031761942e-01
1.459459656697066343e-01 5.000000000000000000e-01 -1.472423616908676847e-01
5.000000000000000000e-01 4.037409919660194246e-01 -3.674679986852919522e-01
5.000000000000000000e-01 2.545244111480693405e-01 -4.778914247155647832e-01
5.000000000000000000e-01 4.101229313510078023e-01 -3.053953973709964131e-01
5.000000000000000000e-01 1.120051214385971300e-01 -2.287525293128019888e-01
2.474963465182405398e-01 5.000000000000000000e-01 -2.052976766580885126e-01
2.995848412020559182e-01 5.000000000000000000e-01 -2.830906629086479276e-01
4.095223983681364199e-01 5.000000000000000000e-01 -4.732197556009448691e-01
2.580720308770779181e-01 5.000000000000000000e-01 2.637278422294628277e-01
1.192449562154284937e-01 5.000000000000000000e-01 3.424950589540202706e-01
-8.884924879416677967e-02 5.000000000000000000e-01 3.127187529003079280e-01
-1.487886439797029559e-01 5.000000000000000000e-01 2.777463292488324131e-01
-3.541585397168970362e-01 5.000000000000000000e-01 2.711533456871746961e-01
-2.088882133362956750e-01 5.000000000000000000e-01 3.137987928382046654e-01
-4.067652051056871998e-03 5.000000000000000000e-01 4.888788040552541903e-01
-2.132143289360915739e-01 5.000000000000000000e-01 3.185652571823837098e-01
-6.626735013649537320e-02 4.280704164545873214e-01 5.000000000000000000e-01
-2.302699401660629197e-01 5.000000000000000000e-01 4.528943550403643492e-01
-8.684652495381764425e-02 3.307450376332907171e-01 5.000000000000000000e-01
1.122918037903811450e-01 -5.000000000000000000e-01 7.022103312615746162e-02
1.142583503870207712e-01 -5.000000000000000000e-01 7.528748496668201395e-02
1.010322468801404527e-01 -5.000000000000000000e-01 9.410047580017959212e-02
-2.984361609840865959e-02 -5.000000000000000000e-01 1.488837114043722043e-01
-1.360947544329033920e-01 -5.000000000000000000e-01 7.210155298262274637e-02
-1.384062609445540493e-01 -5.000000000000000000e-01 1.167612346065179940e-01
-2.132143289360916294e-01 -5.000000000000000000e-01 3.185652571823838208e-01
-2.088882133362955362e-01 -5.000000000000000000e-01 3.137987928382046099e-01
-5.000000000000000000e-01 5.186380746047403179e-02 -4.721152925127830580e-01
5.000000000000000000e-01 -1.953192167850950622e-01 3.131227400554756346e-01
5.000000000000000000e-01 -1.671876044252864901e-01 2.653728067687524117e-01
5.000000000000000000e-01 -1.918476833787129687e-01 4.903590881179370475e-01
4.266424283981209986e-01 -3.214944134476531712e-01 5.000000000000000000e-01
4.217181318015321700e-01 -3.692823203775176810e-01 5.000000000000000000e-01
3.638877195908227780e-01 -4.436623331856515140e-01 5.000000000000000000e-01
3.761471160880981990e-01 -2.504459184693071938e-01 5.000000000000000000e-01
-3.918493709604145558e-01 5.000000000000000000e-01 3.086344022862503866e-01
-5.000000000000000000e-01 4.562768506474429442e-01 3.576400781628028547e-01
-5.000000000000000000e-01 4.441246624924063968e-01 3.697493593327319528e-01
-5.000000000000000000e-01 2.579989105418770690e-01 1.927845604584388362e-01
-5.000000000000000000e-01 3.299916218593017536e-01 3.661560441980056813e-01
-4.336481695229399969e-01 5.000000000000000000e-01 3.833430208032905795e-01
-4.321636947834657794e-01 5.000000000000000000e-01 3.955640175378922208e-01
-2.223929858883308686e-01 2.849989332270445042e-01 5.000000000000000000e-01
-3.744575855387519692e-01 2.894875351679498943e-01 5.000000000000000000e-01
-9.499509523121897614e-02 3.141615209968160460e-01 5.000000000000000000e-01
-3.241287390356196174e-01 4.764690864595818587e-01 5.000000000000000000e-01
7.013963559530181358e-02 -5.000000000000000000e-01 -2.567799220421386752e-01
1.982864022155596262e-01 -5.000000000000000000e-01 -1.912968818031761664e-01
9.546878381891472920e-02 -5.000000000000000000e-01 -1.622086386320629459e-01
1.459459656697066343e-01 -5.000000000000000000e-01 -1.472423616908676847e-01
2.474963465182405953e-01 -5.000000000000000000e-01 -2.052976766580885126e-01
4.340026234339081773e-02 -5.000000000000000000e-01 -2.909725238456911112e-01
4.346994116227829302e-02 -5.000000000000000000e-01 -2.903428103415880979e-01
4.862469613846644445e-01 -5.000000000000000000e-01 -1.782313719084364367e-01
-1.563610651603901669e-01 -5.000000000000000000e-01 -4.824078433191433812e-02
1.047763292330899654e-01 -5.000000000000000000e-01 -9.281932588503193082e-02
4.430850877116377928e-01 -1.792283911941858765e-01 5.000000000000000000e-01
5.000000000000000000e-01 -3.447660436089815539e-01 4.157747811100778179e-01
5.000000000000000000e-01 -3.486425176047884822e-01 3.551748338473995625e-01
5.000000000000000000e-01 -3.489056560343678504e-01 3.555456595679696852e-01
3.963922764175679680e-01 -1.844417508933429706e-02 5.000000000000000000e-01
4.875528886430445241e-01 3.597989666505634065e-02 5.000000000000000000e-01
7.875638032413719014e-02 -5.000000000000000000e-01 1.826958888209714860e-01
1.192449562154284798e-01 -5.000000000000000000e-01 3.424950589540203261e-01
2.580720308770779181e-01 -5.000000000000000000e-01 2.637278422294628277e-01
5.000000000000000000e-01 1.579424310044027224e-01 3.958904602070075218e-01
5.000000000000000000e-01 2.508048103290187458e-01 4.665476261316488515e-01
5.000000000000000000e-01 1.369700493676132835e-01 4.197529381313646613e-01
5.000000000000000000e-01 5.186380746047403179e-02 -4.721152925127830580e-01
5.000000000000000000e-01 1.262248139017112247e-01 -4.101311498237996123e-01
5.000000000000000000e-01 -3.200237301128876222e-02 -2.700050854594471250e-01
5.000000000000000000e-01 -3.207814833555805434e-01 1.510318894094459519e-01
5.000000000000000000e-01 -3.442603026784864517e-01 1.718168309457426268e-01
5.000000000000000000e-01 -3.775645384194026288e-01 1.140737824482551399e-01
5.000000000000000000e-01 -1.489751022611747189e-01 2.932048979896955884e-02
5.000000000000000000e-01 -1.976679177163068457e-01 2.161344737013304318e-02
5.000000000000000000e-01 -2.975556868790463216e-01 1.509176214097570634e-01
3.874364123430851237e-01 -5.000000000000000000e-01 3.127684420377258023e-01
-3.241287390356196174e-01 4.764690864595818587e-01 -5.000000000000000000e-01
-3.157030443448137214e-01 5.000000000000000000e-01 -4.848022897322446512e-01
-1.835366265536266805e-01 5.000000000000000000e-01 -3.562963645758872033e-01
-2.408858027753536524e-01 5.000000000000000000e-01 -3.692916794290702631e-01
-4.244813637545375995e-01 5.000000000000000000e-01 -3.317087408721702269e-01
-3.900549258163363842e-01 5.000000000000000000e-01 -3.786144497759716399e-01
-2.930558026341015254e-01 5.000000000000000000e-01 -3.491216742321897049e-01
4.341750374641573651e-01 4.639715674358453890e-01 -5.000000000000000000e-01
-5.000000000000000000e-01 2.508048103290188013e-01 4.665476261316488515e-01
-5.000000000000000000e-01 -3.754489180531463410e-01 -2.836804729178591944e-01
-4.456694496496626523e-01 -5.000000000000000000e-01 -3.228873160554402988e-01
-5.000000000000000000e-01 -3.294546261434809775e-01 -2.324572178579532578e-01
-5.000000000000000000e-01 -3.361724962657373639e-01 -2.356923820875951037e-01
4.341750374641573651e-01 4.639715674358453890e-01 5.000000000000000000e-01
5.000000000000000000e-01 -3.393860357448719167e-01 -9.142867898180587205e-02
5.000000000000000000e-01 -3.620693239704428912e-01 -1.644951551017657665e-01
5.000000000000000000e-01 -2.190284925178882236e-01 -4.363147626176770016e-02
5.000000000000000000e-01 -3.294546261434810885e-01 -2.324572178579532578e-01
5.000000000000000000e-01 -1.565960241631298711e-01 -1.375115589421185003e-01
5.000000000000000000e-01 -2.417154083556101452e-01 -2.433751337613506427e-01
5.000000000000000000e-01 -3.679934886877866407e-01 -3.677637862121540396e-02
5.000000000000000000e-01 -3.361724962657373084e-01 -2.356923820875950482e-01
5.000000000000000000e-01 -1.213159403587071167e-01 -1.398452025872841953e-01
-3.829382947607558596e-01 -4.711495222025839369e-01 -5.000000000000000000e-01
-4.400544030938510209e-01 -4.765886802332026662e-01 -5.000000000000000000e-01
-3.636349316287589284e-01 -4.338497682122031684e-01 -5.000000000000000000e-01
-5.000000000000000000e-01 -3.315092546532481532e-01 -4.137556689774703478e-01
-3.469215759968299340e-01 -3.470110049753575288e-01 -5.000000000000000000e-01
-4.845455059294434541e-01 -2.362391007181800784e-01 -5.000000000000000000e-01
-5.000000000000000000e-01 -2.297875508635481845e-01 -4.808636334425677727e-01
-3.157030443448137214e-01 -5.000000000000000000e-01 -4.848022897322446512e-01
-4.244813637545376550e-01 -5.000000000000000000e-01 -3.317087408721702269e-01
-3.900549258163363842e-01 -5.000000000000000000e-01 -3.786144497759716399e-01
-4.901742500803751290e-01 -2.055351610216012148e-01 -5.000000000000000000e-01
-5.000000000000000000e-01 -2.417154083556101452e-01 -2.433751337613506427e-01
-5.000000000000000000e-01 -2.213524210956161198e-01 -4.806580814058373785e-01
3.761471160880982545e-01 -2.504459184693071938e-01 -5.000000000000000000e-01
4.217181318015321700e-01 -3.692823203775176255e-01 -5.000000000000000000e-01
4.266424283981210541e-01 -3.214944134476531712e-01 -5.000000000000000000e-01
3.963922764175679680e-01 -1.844417508933430053e-02 -5.000000000000000000e-01
4.430850877116377928e-01 -1.792283911941858765e-01 -5.000000000000000000e-01
-5.000000000000000000e-01 1.545811477573672821e-01 3.178709540257935173e-01
-2.930558026341015809e-01 -5.000000000000000000e-01 -3.491216742321896493e-01
-2.408858027753536246e-01 -5.000000000000000000e-01 -3.692916794290702076e-01
-1.835366265536266805e-01 -5.000000000000000000e-01 -3.562963645758872588e-01
3.950465161409495024e-02 -5.000000000000000000e-01 -2.901912705368724366e-01
-1.169957063415339865e-01 -5.000000000000000000e-01 -2.768398288054605971e-01
-1.274648869555807251e-01 -5.000000000000000000e-01 -2.818700849273751419e-01
-5.000000000000000000e-01 -3.886733636275523096e-02 3.273592981009879055e-01
-4.349249533781310295e-01 -1.454747363461357523e-02 5.000000000000000000e-01
-5.000000000000000000e-01 1.579424310044027779e-01 3.958904602070074663e-01
-2.488394998450198792e-01 8.970865813795049493e-02 5.000000000000000000e-01
-5.000000000000000000e-01 1.418467693415466080e-01 1.004693438668170236e-01
-5.000000000000000000e-01 1.882814983909555928e-01 5.675029047505483759e-03
-2.734770734962586047e-01 -5.000000000000000000e-01 6.732510526511817361e-02
-1.691365227139856875e-01 -5.000000000000000000e-01 -3.266241521541469323e-02
-3.314775868790162394e-01 -5.000000000000000000e-01 -1.395993496024009461e-01
-2.236619886370778687e-01 -5.000000000000000000e-01 -1.265882600248746659e-01
-2.577853371994559550e-01 -5.000000000000000000e-01 -1.189792202886200412e-01
-1.579348350590047689e-01 -5.000000000000000000e-01 -4.737256250030773969e-02
-1.689218328412777081e-01 -5.000000000000000000e-01 -3.363040696878213942e-02
-5.000000000000000000e-01 -1.976679177163068457e-01 2.161344737013302930e-02
-5.000000000000000000e-01 -1.489751022611747466e-01 2.932048979896954150e-02
-5.000000000000000000e-01 -4.142213836390395976e-02 8.567613763199105614e-02
-5.000000000000000000e-01 -1.284161735333165799e-01 2.476389508011984375e-01
-5.000000000000000000e-01 -2.975556868790463216e-01 1.509176214097571467e-01
-5.000000000000000000e-01 -1.671876044252864901e-01 2.653728067687524117e-01
-5.000000000000000000e-01 -1.405640317197932865e-01 2.608233594438137404e-01
-5.000000000000000000e-01 -1.918476833787129687e-01 4.903590881179370475e-01
-5.000000000000000000e-01 -1.953192167850950622e-01 3.131227400554756901e-01
-5.000000000000000000e-01 2.835997618061724540e-02 7.766724459625094779e-02
-5.000000000000000000e-01 -2.881083876009355588e-02 7.856676923482533437e-02
-5.000000000000000000e-01 1.297263254790783360e-01 -1.715763031180088105e-01
-5.000000000000000000e-01 -3.224709741369963245e-02 -7.400278135506560551e-02
-5.000000000000000000e-01 1.120051214385971300e-01 -2.287525293128019888e-01
-5.000000000000000000e-01 -3.200237301128876916e-02 -2.700050854594471250e-01
-5.000000000000000000e-01 1.318057822539005219e-01 -1.894302866952368158e-01
-5.000000000000000000e-01 -1.213159403587071306e-01 -1.398452025872841675e-01
-5.000000000000000000e-01 -4.195586058927665285e-02 7.319349656209712604e-04
-5.000000000000000000e-01 -4.511696387895528654e-02 6.007379143595648584e-03
-5.000000000000000000e-01 -1.565960241631298711e-01 -1.375115589421185003e-01
-5.000000000000000000e-01 -2.190284925178882236e-01 -4.363147626176767935e-02
4.051391209354343048e-01 3.536433078391440499e-01 5.000000000000000000e-01
1.582212681686821776e-01 4.344363180318056017e-01 5.000000000000000000e-01
1.205849059464524364e-01 5.000000000000000000e-01 4.561662768855778149e-01
7.654570056149097301e-02 5.000000000000000000e-01 4.914740037671422868e-01
5.897581957568773237e-03 1.577072094677101632e-01 5.000000000000000000e-01
-2.088550893605581882e-01 7.740694265627504067e-02 5.000000000000000000e-01
-1.184332575468562271e-01 7.002062929622912546e-02 5.000000000000000000e-01
-2.130545144000197122e-01 -4.528136344490646392e-01 5.000000000000000000e-01
-2.302699401660629197e-01 -5.000000000000000000e-01 4.528943550403643492e-01
-2.329250586053842886e-01 -4.501985412343867954e-01 5.000000000000000000e-01
-5.000000000000000000e-01 -4.532449821754366837e-01 4.972813925860030682e-01
-5.000000000000000000e-01 -3.447660436089815539e-01 4.157747811100778179e-01
-4.845455059294433986e-01 -2.362391007181800506e-01 5.000000000000000000e-01
-3.829382947607558041e-01 -4.711495222025839924e-01 5.000000000000000000e-01
-3.636349316287589839e-01 -4.338497682122033350e-01 5.000000000000000000e-01
-3.469215759968299340e-01 -3.470110049753575843e-01 5.000000000000000000e-01
-4.400544030938509654e-01 -4.765886802332026106e-01 5.000000000000000000e-01
-4.978511187422978157e-01 -4.923762818539919039e-01 5.000000000000000000e-01
1.205849059464524087e-01 -5.000000000000000000e-01 4.561662768855777039e-01
7.936147953240040021e-02 -4.185216872427650614e-01 5.000000000000000000e-01
-4.067652051056885876e-03 -5.000000000000000000e-01 4.888788040552541903e-01
-6.385130072621345021e-02 -4.037254319072061670e-01 5.000000000000000000e-01
-8.884924879416683519e-02 -5.000000000000000000e-01 3.127187529003078725e-01
-2.795887198290583631e-02 -3.614129524967977236e-01 5.000000000000000000e-01
-1.487886439797029559e-01 -5.000000000000000000e-01 2.777463292488324131e-01
-7.195703260109076460e-02 -4.104501503646542093e-01 5.000000000000000000e-01
5.000000000000000000e-01 -3.315092546532481532e-01 -4.137556689774704033e-01
5.000000000000000000e-01 -2.297875508635480735e-01 -4.808636334425677172e-01
5.000000000000000000e-01 -2.213524210956161198e-01 -4.806580814058373785e-01
-4.321636947834658349e-01 -5.000000000000000000e-01 3.955640175378921652e-01
-5.000000000000000000e-01 -3.489056560343678504e-01 3.555456595679696852e-01
-4.336481695229400524e-01 -5.000000000000000000e-01 3.833430208032905795e-01
-5.000000000000000000e-01 -3.486425176047884822e-01 3.551748338473995625e-01
-4.901742500803751290e-01 -2.055351610216012426e-01 5.000000000000000000e-01
-3.541585397168970362e-01 -5.000000000000000000e-01 2.711533456871747516e-01
-3.918493709604145558e-01 -5.000000000000000000e-01 3.086344022862504421e-01
-2.456600721852164049e-01 -4.343023702656260143e-01 5.000000000000000000e-01
4.250002662721957258e-01 2.943119334136864995e-01 5.000000000000000000e-01
1.543175002624297687e-01 1.144554422296377993e-01 5.000000000000000000e-01
1.730632032749352955e-01 1.509219874677984741e-01 5.000000000000000000e-01
1.645898237776717565e-01 7.889749942275980921e-02 5.000000000000000000e-01
2.022157290586698020e-01 1.825664345693848653e-02 5.000000000000000000e-01
7.483847501081523912e-02 4.757564647390571388e-01 5.000000000000000000e-01
-9.777009596606031638e-02 1.532826157887813567e-02 5.000000000000000000e-01
-1.277812014854636802e-01 -1.097862103525422267e-01 5.000000000000000000e-01
-2.350711076579337089e-01 -6.207757011583207862e-02 5.000000000000000000e-01
-1.767746797156027061e-01 -1.210016239143008737e-01 5.000000000000000000e-01
-2.339282294415812036e-01 -1.044916446807317573e-01 5.000000000000000000e-01
-9.959131282798952545e-02 -1.254307902979124034e-01 5.000000000000000000e-01
3.493720118701912347e-02 -6.295656786957150308e-02 5.000000000000000000e-01
3.825793047699207333e-02 -3.632076760516871061e-02 5.000000000000000000e-01
-2.918533526524125787e-01 -3.303527579931176406e-01 5.000000000000000000e-01
-1.772017625622033798e-01 -2.347827808644753489e-01 5.000000000000000000e-01
-6.714247126601845250e-02 -2.063598430096896807e-01 5.000000000000000000e-01
-1.004277071258837112e-01 -2.549593533495690956e-01 5.000000000000000000e-01
1.084835985652747581e-01 -4.024201258020809191e-01 5.000000000000000000e-01
4.459714011600945938e-03 -2.151189203247931558e-01 5.000000000000000000e-01
1.961245590381701653e-01 -2.497088244760847786e-01 5.000000000000000000e-01
1.133908228019404052e-01 -1.443638506852200909e-01 5.000000000000000000e-01
1.546736876532092686e-01 -1.427064666262693737e-01 5.000000000000000000e-01
-4.917144987007318613e-01 -5.000000000000000000e-01 1.104327265902805971e-01
-5.000000000000000000e-01 -3.775645384194026288e-01 1.140737824482551538e-01
-3.922845074461361325e-01 -5.000000000000000000e-01 -5.809949691658475301e-03
-5.000000000000000000e-01 -3.679934886877866407e-01 -3.677637862121541090e-02
-3.624154425178229277e-01 -5.000000000000000000e-01 8.939270799738130435e-02
-5.000000000000000000e-01 -3.442603026784865072e-01 1.718168309457426268e-01
-5.000000000000000000e-01 -3.207814833555804879e-01 1.510318894094460074e-01
-3.688973047909715475e-01 -5.000000000000000000e-01 -1.175308122147488837e-01
-5.000000000000000000e-01 -3.620693239704428912e-01 -1.644951551017657665e-01
-5.000000000000000000e-01 -3.393860357448719167e-01 -9.142867898180587205e-02
1.575067931026532808e-01 4.341206060159977786e-01 5.000000000000000000e-01
